-- MySQL dump 10.13  Distrib 8.0.18, for Win64 (x86_64)
--
-- Host: localhost    Database: grisapkl_db
-- ------------------------------------------------------
-- Server version	8.0.43

/*!40101 SET @OLD_CHARACTER_SET_CLIENT=@@CHARACTER_SET_CLIENT */;
/*!40101 SET @OLD_CHARACTER_SET_RESULTS=@@CHARACTER_SET_RESULTS */;
/*!40101 SET @OLD_COLLATION_CONNECTION=@@COLLATION_CONNECTION */;
/*!50503 SET NAMES utf8mb4 */;
/*!40103 SET @OLD_TIME_ZONE=@@TIME_ZONE */;
/*!40103 SET TIME_ZONE='+00:00' */;
/*!40014 SET @OLD_UNIQUE_CHECKS=@@UNIQUE_CHECKS, UNIQUE_CHECKS=0 */;
/*!40014 SET @OLD_FOREIGN_KEY_CHECKS=@@FOREIGN_KEY_CHECKS, FOREIGN_KEY_CHECKS=0 */;
/*!40101 SET @OLD_SQL_MODE=@@SQL_MODE, SQL_MODE='NO_AUTO_VALUE_ON_ZERO' */;
/*!40111 SET @OLD_SQL_NOTES=@@SQL_NOTES, SQL_NOTES=0 */;

--
-- Table structure for table `academic_years`
--

DROP TABLE IF EXISTS `academic_years`;
/*!40101 SET @saved_cs_client     = @@character_set_client */;
/*!50503 SET character_set_client = utf8mb4 */;
CREATE TABLE `academic_years` (
  `id` bigint unsigned NOT NULL AUTO_INCREMENT,
  `name` varchar(255) CHARACTER SET utf8mb4 COLLATE utf8mb4_unicode_ci NOT NULL,
  `is_active` tinyint(1) NOT NULL DEFAULT '0',
  `created_at` timestamp NULL DEFAULT NULL,
  `updated_at` timestamp NULL DEFAULT NULL,
  PRIMARY KEY (`id`)
) ENGINE=InnoDB AUTO_INCREMENT=5 DEFAULT CHARSET=utf8mb4 COLLATE=utf8mb4_unicode_ci;
/*!40101 SET character_set_client = @saved_cs_client */;

--
-- Dumping data for table `academic_years`
--

LOCK TABLES `academic_years` WRITE;
/*!40000 ALTER TABLE `academic_years` DISABLE KEYS */;
INSERT INTO `academic_years` VALUES (1,'2025/2026',1,'2026-04-16 15:19:22','2026-04-17 16:37:23'),(2,'2026/2027',0,'2026-04-17 16:29:23','2026-04-17 16:37:23'),(3,'2024/2025',0,'2026-04-17 16:37:07','2026-04-17 16:37:23');
/*!40000 ALTER TABLE `academic_years` ENABLE KEYS */;
UNLOCK TABLES;

--
-- Table structure for table `activity_log`
--

DROP TABLE IF EXISTS `activity_log`;
/*!40101 SET @saved_cs_client     = @@character_set_client */;
/*!50503 SET character_set_client = utf8mb4 */;
CREATE TABLE `activity_log` (
  `id` bigint unsigned NOT NULL AUTO_INCREMENT,
  `log_name` varchar(255) CHARACTER SET utf8mb4 COLLATE utf8mb4_unicode_ci DEFAULT NULL,
  `description` text CHARACTER SET utf8mb4 COLLATE utf8mb4_unicode_ci NOT NULL,
  `subject_type` varchar(255) CHARACTER SET utf8mb4 COLLATE utf8mb4_unicode_ci DEFAULT NULL,
  `subject_id` bigint unsigned DEFAULT NULL,
  `event` varchar(255) CHARACTER SET utf8mb4 COLLATE utf8mb4_unicode_ci DEFAULT NULL,
  `causer_type` varchar(255) CHARACTER SET utf8mb4 COLLATE utf8mb4_unicode_ci DEFAULT NULL,
  `causer_id` bigint unsigned DEFAULT NULL,
  `attribute_changes` json DEFAULT NULL,
  `properties` json DEFAULT NULL,
  `created_at` timestamp NULL DEFAULT NULL,
  `updated_at` timestamp NULL DEFAULT NULL,
  PRIMARY KEY (`id`),
  KEY `subject` (`subject_type`,`subject_id`),
  KEY `causer` (`causer_type`,`causer_id`),
  KEY `activity_log_log_name_index` (`log_name`)
) ENGINE=InnoDB AUTO_INCREMENT=461 DEFAULT CHARSET=utf8mb4 COLLATE=utf8mb4_unicode_ci;
/*!40101 SET character_set_client = @saved_cs_client */;

--
-- Dumping data for table `activity_log`
--

LOCK TABLES `activity_log` WRITE;
/*!40000 ALTER TABLE `activity_log` DISABLE KEYS */;
INSERT INTO `activity_log` VALUES (3,'default','created','App\\Models\\AcademicYear',4,'created','App\\Models\\User',1,'{\"attributes\": {\"id\": 4, \"name\": \"2024/20235\", \"is_active\": false, \"created_at\": \"2026-05-03T14:30:17.000000Z\", \"updated_at\": \"2026-05-03T14:30:17.000000Z\"}}','[]','2026-05-03 14:30:17','2026-05-03 14:30:17'),(4,'default','updated','App\\Models\\AcademicYear',4,'updated','App\\Models\\User',1,'{\"old\": {\"name\": \"2024/20235\", \"updated_at\": \"2026-05-03T14:30:17.000000Z\"}, \"attributes\": {\"name\": \"2028/2029\", \"updated_at\": \"2026-05-03T14:30:58.000000Z\"}}','[]','2026-05-03 14:30:58','2026-05-03 14:30:58'),(5,'default','deleted','App\\Models\\AcademicYear',4,'deleted','App\\Models\\User',1,'{\"old\": {\"id\": 4, \"name\": \"2028/2029\", \"is_active\": false, \"created_at\": \"2026-05-03T14:30:17.000000Z\", \"updated_at\": \"2026-05-03T14:30:58.000000Z\"}}','[]','2026-05-03 14:31:44','2026-05-03 14:31:44'),(6,'default','created','App\\Models\\Major',3,'created','App\\Models\\User',1,'{\"attributes\": {\"id\": 3, \"name\": \"yasudahlah\", \"created_at\": \"2026-05-03T14:32:24.000000Z\", \"updated_at\": \"2026-05-03T14:32:24.000000Z\", \"abbreviation\": \"EBY\", \"program_keahlian\": \"entah berantah\"}}','[]','2026-05-03 14:32:24','2026-05-03 14:32:24'),(7,'default','updated','App\\Models\\Major',3,'updated','App\\Models\\User',1,'{\"old\": {\"updated_at\": \"2026-05-03T14:32:24.000000Z\", \"program_keahlian\": \"entah berantah\"}, \"attributes\": {\"updated_at\": \"2026-05-03T14:32:41.000000Z\", \"program_keahlian\": \"entah haha\"}}','[]','2026-05-03 14:32:41','2026-05-03 14:32:41'),(8,'default','deleted','App\\Models\\Major',3,'deleted','App\\Models\\User',1,'{\"old\": {\"id\": 3, \"name\": \"yasudahlah\", \"created_at\": \"2026-05-03T14:32:24.000000Z\", \"updated_at\": \"2026-05-03T14:32:41.000000Z\", \"abbreviation\": \"EBY\", \"program_keahlian\": \"entah haha\"}}','[]','2026-05-03 14:32:53','2026-05-03 14:32:53'),(9,'default','created','App\\Models\\StudentClass',5,'created','App\\Models\\User',1,'{\"attributes\": {\"id\": 5, \"name\": \"guru\", \"major_id\": 1, \"created_at\": \"2026-05-03T14:33:42.000000Z\", \"updated_at\": \"2026-05-03T14:33:42.000000Z\"}}','[]','2026-05-03 14:33:42','2026-05-03 14:33:42'),(10,'default','updated','App\\Models\\StudentClass',5,'updated','App\\Models\\User',1,'{\"old\": {\"name\": \"guru\", \"updated_at\": \"2026-05-03T14:33:42.000000Z\"}, \"attributes\": {\"name\": \"SMK PGRI 1 GIRI Banyuwangi\", \"updated_at\": \"2026-05-03T14:34:00.000000Z\"}}','[]','2026-05-03 14:34:00','2026-05-03 14:34:00'),(11,'default','deleted','App\\Models\\StudentClass',5,'deleted','App\\Models\\User',1,'{\"old\": {\"id\": 5, \"name\": \"SMK PGRI 1 GIRI Banyuwangi\", \"major_id\": 1, \"created_at\": \"2026-05-03T14:33:42.000000Z\", \"updated_at\": \"2026-05-03T14:34:00.000000Z\"}}','[]','2026-05-03 14:34:07','2026-05-03 14:34:07'),(12,'default','created','App\\Models\\Teacher',44,'created','App\\Models\\User',1,'{\"attributes\": {\"id\": 44, \"nip\": null, \"name\": \"asdfasdfasdf\", \"phone\": \"56165156\", \"title\": \"sadf\", \"subject\": \"sadfasdf\", \"user_id\": null, \"created_at\": \"2026-05-03T15:03:49.000000Z\", \"updated_at\": \"2026-05-03T15:03:49.000000Z\", \"signature_path\": \"data:image/png;base64,iVBORw0KGgoAAAANSUhEUgAAAlQAAACXCAYAAADTe8UaAAAQAElEQVR4AezdMY4jRRfA8S4EATcACaTZG0CItEgzIUcgYgnIIVgRYjIkkEDiAIBI9ghkuwESx5gJCDZEghBp2b/Ns8s9bY/dXtdUV/8/8fZVV3e7qn7l8b5v7Jl97YX/U0ABBRRQQAEFFDhJ4LXO/ymggAIKKFC9gBNUoG4BC6q698fZKaCAAgoooMAEBCyoJrBJTlGBEgKOoYACCigwXsCCaryddyqggAIKKKCAAksBC6olQ4k/HEMBBRRQQAEFWhWwoGp1Z12XAgoooIACYwS8Z5SABdUoNm9SQAEFFFBAAQU2AhZUGwtbCiigQAkBx1BAgQYFLKga3FSXpIACCiiggAJlBSyoyno7WgkBx1BAAQUUUKCwgAVVYXCHU0ABBRRQQIH2BMYUVO0puCIFFFBAAQUUUOAEAQuqE/C8VQEFFFCgZgHnpkA5AQuqctaOpIACCiiggAKNClhQNbqxLkuBEgKOoYACCiiwErCgWjn4pwIKKKCAAgooMFrAgmo0XYkbHUMBBRRQQAEFpiBgQTWFXXKOCiiggAIK1Czg3DoLKp8ECiiggAIKKKDAiQIWVCcCersCCihQQMAhFFCgcgELqso3yOkpoIACCiigQP0CFlT175EzLCHgGAoooIACCpwgYEF1Ap63KqCAAgoooIACCJQqqBjLUEABBRRQQAEFmhSwoGpyW12UAgoooMA4Ae9SYJyABdU4N+9SQAEFFFBAAQXWAhZUawobCihQQsAxFFBAgRYFLKha3FXXpIACCiiggAJFBSyoinKXGMwxFFBAAQUUUKC0gAVVaXHHU0ABBRRQQIGua8zAgqqxDXU5CiiggAIKKFBewIKqvLkjKqCAAiUEHEMBBQoKWFAVxHaorvv666+7Tz/9tHv27JkcCiiggAIKNCNgQdXMVta/EAqpxWLR/fzzz93V1VX34MGDaRdW9ZM7QwUUUECBQgIWVIWgHabrLi4uthhubm6WhdVHH33U/fDDD1vnPFBAAQUUUGBKAjUXVFNydK4HCHzyySfdYrG4VVj99ttv3RdffNG9/fbbBzyKlyiggAIKKFCfgAVVfXvS7Iz4DtVXX33VPX36dFlY9Rf6/Pnz5Wes+v0eK6CAAnULODsFus6CymdBcQEKK75b9d57790am89XPXv27Fa/HQoooIACCtQsYEFV8+40PLeLi4vuxx9/vPX2383NzfKnAMkNL9+lHSng5QoooEDtAhZUte9Qw/N7+PDh8u2//hIppviJwH6/xwoooIACCtQqYEFV684Undf9DcZ3qhaLxa0J8LYfb//dOmGHAgoooIACFQpYUFW4KXObEh9UHyqq+CWgc7NwvQoooIACewQqPmVBVfHmzGlqQ0UVb/09efJkTgyuVQEFFFBgogIWVBPduBanPVRUffbZZx2FVYvrdU0KVCjglBRQYKSABdVIOG87jwC/TuGtt95aP/g///yz/G3q6w4bCiiggAIKVChgQVXhpsx5SnxI/Y8//tgi4DtU/Lt/W51TPXDeCiiggAJNClhQNbmt014URdX19fXWIiiq/FUKWyQeKKCAAgpUJNBaQVURrVM5RYCiin+iJn8Mfo2CRVUuYlsBBRRQoBYBC6padsJ53BK4vLzsfvrpp61+iip/ncIWiQcKKDBJASfdmoAFVWs72th6Hj16NFhU8Ys/G1uqy1FAAQUUmLCABdWEN28uU6eoyn/xZ3yeijwXA9d5vIB3KKCAAiUFLKhKajvWaIH+76iimLq6uhr9eN6ogAIKKKDAqxSwoHqVmrN6rPKL5XdU9b9TZVFVfh8cUQEFFFDgtoAF1W0TeyoV4Cf/+kUVn6XyJ/8q3TCnpYACCtQgUGgOFlSFoB3m1QgMFVX85J9F1avx9VEUUEABBcYJWFCNc/OuexSgqOp/poqiirjHaTm0AnMVcN0KKPBSwILqJYL/TVOAourzzz9fT57fT8VbgOsOGwoooIACChQSsKAqBO0w5xH4/vvv17+nip/8460/8nlGu6dHdVgFFFBAgeoFLKiq3yIneJfA5eVlt1gsOv5HMeVP/iFhKKCAAgqUFLCg6rqS3o51BgE+U8VP/1FY8fAWVSgYCiiggAIlBSyoSmo71tkEKKr4d//IDMJnqfhMFW1DAQUUaEPAVdQsYEFV8+44t6MEKKaePn26voe3AS2q1hw2FFBAAQXOKDCbgoq3gYjff/+9IxN8F4N8aJxxH3zoVyRAUXV9fb1+NIuqNYWNAwS8RAEFFBgrUG1BxXcW+IktPmBMJmjfFQ8ePOiIlFKX0iboIz788MPledo8FvnQSGn1ePn1PAbB/Ajmze9DIqJgY3Mo2shEtCPnfdHOz9FH0BeRH0c7MtcMtekj4jzt+4p8DrQj8vlE37GZx/j2229Jy2Avnjx5siyk6eDxyIYCCiiggAKvSqDKgorChO8s8BchRQmZoH1X8Jcl8aqAhh6Hx4+I+TA/gnkzf4JCi+LrjTfeWBZxKW0KspTSYF9Kq37uS2l1fUqrTF9EStvX0Z/S7b68P6XN46S0aqd0XI7HS2lzX95H+80331yujXZKqzmlxPWbiHMprc5zTKS0fQ19Y+Lx48frrWOvPv744+WcUlqNl9JmnJR2t2PslDbX0JfS9uPQR6S06sfg3Xff3RqT83nE8yMy56JN3hfx/CITXEveFxT7cZ72IcFz+tDIvxaivS+zL5wnD8V6A20ooIACExCosqDibZsJ2B08xX///ffga2u/kL/4mGPsEZk+Mv3E66+/vv5uUPSTI/hpvKE2fZwbin3n4vr8GtoRzIlgXu+8804X/f3MNf0+1kbk/XHM9QTn6KNN0GasP//8k8PlePRxQI6IYiIy/dEm7wuKHM6TibzN8VBQ7Ec/7UMiCrBDMkUdwbXkuyIvIGn3I6VNEZvSdptrU1oVr7R3BXPgHHkomOuuoODkHDkPDDkm9yP2gdwP9ncoeF4YCihQmcCI6VRZUPEj8LzYP3r0qLu8vOwi074rLi4uln+BXWR5hMveW+KxYy7Mj2DOBD9tRvABaT7PQ7x48aIjot3P+TnaBNf0g36C/si088j7h9rRRya4l3xMxD1D+e+//16vlfP9yF3yNtdxPBT7zsX1+TW0Cc6xJ2wohS2FDn2c6wfrH+rr9+fH0c4z7b4BfTw2eVfE+TzTHopYA5ngGjKRt+N5SD/BcUT/mH6sjgme93cFXydxDe19wdcW58n9YA/pI1OY0CbvC4oazpOHol8Q5cc4cEzOgyKLY3I/KNroI/eDwm4oUtouFlNaHQ9dS1//cTlmTCJvcxxBAdgP1kYfeSjwop8chkM59oNsKDBngSoLKl4o+WdFeIGPF33yIcFfJv3gL7B+37HHPEZE3BvzYZ4EcybyvzxYCxFPsmj3M+ejjzbBcT/oJ+iPTDuPvH+oHX1kgnvJLQZro0DnL2nWx18I/CVDu7Zgrswpz7SHgvXQTyZ2tXkucj6C4wj6oh2Z5+8xwfP+ruDrJK6hvS/42uI8uR98/dFHJvI2xxH074t4fHI/Yp67MoVUHrhxTB4KjAnOkfNgz3YFzwOeq0NBgdMPCh+CfnI/mGM/+DqgjzwUUZyRo5AbyimtvlOY0qoQTGmTuZ63v8kRPN7V1VVHjnEp7GiT+3NnTRG5B0aGAjUJVFlQnQNo1wvXof3nmJOPWUaAPeYvSDIj8uLMizdtoz0B9nlfUNRwntwPCp990S82eV7RRx6KKNg4F+3I+4q+KA7zvO/6eEwy15EjYmxyHhRTcUw7gvXTzjNtAq/ItPsRrmSCZxffFc4LIb7+IqJ4YjzaZL4286DwioiijJzSpnBLadWmPyLuicxj0ibnQRHHMTkP5jMUzJ1+ckS+PtYcx7SN+QjMpqCaz5a60iEBXtz5C4bMeV4QefGk3WS4qOYEeO7uiryw4Zr8OAogch4UgnFMO4Iii3aeaRN8DUWm3Y8o5sgR8fY3xSF9ZO6jTY7gcSMorCJijuR8XbRZax5RyJCj2InM1zxtch6MwzE5D4qsoYiijBwRRRw5pdV37KKd0qrYS2nTH/eRh8bgtYk5RTDvPFhfc0/wBhZkQdXAJrqEwwR44eXFm8wdvHjywkXbUECB8wvE114UQ+QICqYICrqIKLLIfP3mQVGWB8VaRN5PO78vHovcD14XCPrJETG3PDN3jsl5sM5+oEshROTFURRNeWbMvNCi8MojL9Zo87Zq/6eKU9oUcClt2lx/VzAW1+SZ9jHB/O+6Ph+DdgTriXZKq7mntCpM6U9p1U5pO+86l/dHO3JK24+f0uqY80RKq+OUtjPn2NM8LKhyjcPbXjlRAV7keGGN6fMixotbHJsVUKANAb7W88gLniiCyP2IQo7+aJMpsPrBawl95Dwo4PpBodfvi+O4l8fKg8KKYC4R+TpifbytGj9V3N89CjiuIx8avCZybZ5pHxPx2rrvnnwM2hGshzZrYe5kgnbez3Ee+bm4nkw/10U7z/0213F9RBxzXT+4Ju+zoMo1bM9CgC8QXshYLF8Q/D8pMseGAgoocC4BXnuGIoqkKJoiU8gReZEVxReZ1zFyvK3KcRRum/yii376dgXXEJwn7wrGi3PRHsr0EXFtP8c45H7k64n7uIY2maDdD/oJ+vPcb3O8K+LeOJ8fR5tMsJf5c8WCKtewPRsBvhD4YmfBNzc3y584om0ooIACcxTgNZFg7eRdQfEX56I9lOkj4tp+jnHIrYQFVSs76TqOFuCLnf/nx40WVSgYYwS8RwEFFEDAggoFY7YCfGt9sVgs1897/bz9tzzwDwUUUEABBY4QsKA6AstL70Pg/GPyGYUoqvggJXH+UR1BAQUUUKAlAQuqlnbTtYwWyIsqfpUCbwGOfjBvVEABBRSYncBrs1uxC1ZghwD/RA3fqaKY4venkHdcarcCCiiggAJbAn6HaovDgzkL8FMoFFV8ropi6v333+/IczZx7QpUJOBUFKhawIKq6u1xcqUFKKp4++/hw4fdX3/9tfx1ChZVpXfB8RRQQIHpCVhQTW/PnPGZBSiqfv311252b/+d2dWHV0ABBVoWsKBqeXdd22gBiire/rOoGk3ojQoooMCsBCyoym23I01MIIoqfgEob/v5QfWJbaDTVUABBQoKWFAVxHao6QlQVOW/Tf2DDz7ovvvuu+ktxBkroIACBwt44RgBC6oxat4zKwGKqvh3/54/f949fvy447eqzwrBxSqggAIK7BWwoNrL40kFVgKXl5fdl19+uTp4+Sf/RA1vA75s+p8CRwt4gwIKtCdgQdXenrqiMwl88803HR9S5+EppvxMFRKGAgoooAACFlQoGI0JnG85/I4q3gJkBIqqX375haahgAIKKDBzAQuqmT8BXP7xAnyeKooqvmPl56mON/QOBRRQoDWBUQVVawiuR4FjBCim+Odp4h4/TxUSZgUUUGC+AhZU8917V36CQP+tP97+O+HhvFUBBc4j4KMqUEzAgqoYtQO1v9mOQAAAA/BJREFUJsB3qeK7VfwUYGvrcz0KKKCAAocLWFAdbuWVCmwJ8F2q6+vrLn7x59bJuRy4TgUUUECBpYAF1ZLBPxRQQAEFFFBAgfECFlTj7Urc6RgKKKCAAgooMAEBC6oJbJJTVEABBRRQoG4BZ2dB5XNAAQUUUEABBRQ4UcCC6kRAb1dAAQVKCDiGAgrULWBBVff+ODsFFFBAAQUUmICABdUENskplhBwDAUUUEABBcYLWFCNt/NOBRRQQAEFFFBgKVCsoFqO5h8KKKCAAgoooECDAhZUDW6qS1JAAQUUGC3gjQqMErCgGsXmTQoooIACCiigwEbAgmpjYUsBBUoIOIYCCijQoIAFVYOb6pIUUEABBRRQoKyABVVZ7xKjOYYCCiiggAIKFBawoCoM7nAKKKCAAgoogEBbYUHV1n66GgUUUEABBRS4BwELqntAd0gFFFCghIBjKKBAOQELqnLWjqSAAgoooIACjQpYUDW6sS6rhIBjKKCAAgoosBKwoFo5+KcCCiiggAIKKDBaoOqCavSqvFEBBRRQQAEFFCgoYEFVENuhFFBAAQWaFHBRCnQWVD4JFFBAAQUUUECBEwUsqE4E9HYFFCgg4BAKKKBA5QIWVJVvkNNTQAEFFFBAgfoFLKjq36MSM3QMBRRQQAEFFDhBwILqBDxvVUABBRRQQIGSAvWOZUFV7944MwUUUEABBRSYiIAF1UQ2ymkqoIACJQQcQwEFxglYUI1z8y4FFFBAAQUUUGAtYEG1prChQAkBx1BAAQUUaFHAgqrFXXVNCiiggAIKKFBUoLmCqqiegymggAIKKKCAAi8FLKheIvifAgoooIAChQUcrjEBC6rGNtTlKKCAAgoooEB5AQuq8uaOqIACJQQcQwEFFCgoYEFVENuhFFBAAQUUUKBNAQuqNve1xKocQwEFFFBAAQX+F7Cg+h/CpIACCiiggAItCpRZkwVVGWdHUUABBRRQQIGGBSyoGt5cl6aAAgqUEHAMBRToOgsqnwUKKKCAAgoooMCJAhZUJwJ6uwLnF3AEBRRQQIHaBSyoat8h56eAAgoooIAC1QtYUHVdV/0uOUEFFFBAAQUUqFrAgqrq7XFyCiiggAIKrAVsVCxgQVXx5jg1BRRQQAEFFJiGgAXVNPbJWSqgQAkBx1BAAQVGClhQjYTzNgUUUEABBRRQIAQsqELCXELAMRRQQAEFFGhSwIKqyW11UQoooIACCigwXuD4Oy2ojjfzDgUUUEABBRRQYEvAgmqLwwMFFFBAgRICjqFAawIWVK3tqOtRQAEFFFBAgeICFlTFyR1QgRICjqGAAgooUFLAgqqktmMpoIACCiigQJMC/wEAAP//gmoDfQAAAAZJREFUAwCYmPcamwnFbQAAAABJRU5ErkJggg==\"}}','[]','2026-05-03 15:03:49','2026-05-03 15:03:49'),(13,'default','deleted','App\\Models\\Teacher',44,'deleted','App\\Models\\User',1,'{\"old\": {\"id\": 44, \"nip\": null, \"name\": \"asdfasdfasdf\", \"phone\": \"56165156\", \"title\": \"sadf\", \"subject\": \"sadfasdf\", \"user_id\": 240, \"created_at\": \"2026-05-03T15:03:49.000000Z\", \"updated_at\": \"2026-05-03T15:03:49.000000Z\", \"signature_path\": \"data:image/png;base64,iVBORw0KGgoAAAANSUhEUgAAAlQAAACXCAYAAADTe8UaAAAQAElEQVR4AezdMY4jRRfA8S4EATcACaTZG0CItEgzIUcgYgnIIVgRYjIkkEDiAIBI9ghkuwESx5gJCDZEghBp2b/Ns8s9bY/dXtdUV/8/8fZVV3e7qn7l8b5v7Jl97YX/U0ABBRRQQAEFFDhJ4LXO/ymggAIKKFC9gBNUoG4BC6q698fZKaCAAgoooMAEBCyoJrBJTlGBEgKOoYACCigwXsCCaryddyqggAIKKKCAAksBC6olQ4k/HEMBBRRQQAEFWhWwoGp1Z12XAgoooIACYwS8Z5SABdUoNm9SQAEFFFBAAQU2AhZUGwtbCiigQAkBx1BAgQYFLKga3FSXpIACCiiggAJlBSyoyno7WgkBx1BAAQUUUKCwgAVVYXCHU0ABBRRQQIH2BMYUVO0puCIFFFBAAQUUUOAEAQuqE/C8VQEFFFCgZgHnpkA5AQuqctaOpIACCiiggAKNClhQNbqxLkuBEgKOoYACCiiwErCgWjn4pwIKKKCAAgooMFrAgmo0XYkbHUMBBRRQQAEFpiBgQTWFXXKOCiiggAIK1Czg3DoLKp8ECiiggAIKKKDAiQIWVCcCersCCihQQMAhFFCgcgELqso3yOkpoIACCiigQP0CFlT175EzLCHgGAoooIACCpwgYEF1Ap63KqCAAgoooIACCJQqqBjLUEABBRRQQAEFmhSwoGpyW12UAgoooMA4Ae9SYJyABdU4N+9SQAEFFFBAAQXWAhZUawobCihQQsAxFFBAgRYFLKha3FXXpIACCiiggAJFBSyoinKXGMwxFFBAAQUUUKC0gAVVaXHHU0ABBRRQQIGua8zAgqqxDXU5CiiggAIKKFBewIKqvLkjKqCAAiUEHEMBBQoKWFAVxHaorvv666+7Tz/9tHv27JkcCiiggAIKNCNgQdXMVta/EAqpxWLR/fzzz93V1VX34MGDaRdW9ZM7QwUUUECBQgIWVIWgHabrLi4uthhubm6WhdVHH33U/fDDD1vnPFBAAQUUUGBKAjUXVFNydK4HCHzyySfdYrG4VVj99ttv3RdffNG9/fbbBzyKlyiggAIKKFCfgAVVfXvS7Iz4DtVXX33VPX36dFlY9Rf6/Pnz5Wes+v0eK6CAAnULODsFus6CymdBcQEKK75b9d57790am89XPXv27Fa/HQoooIACCtQsYEFV8+40PLeLi4vuxx9/vPX2383NzfKnAMkNL9+lHSng5QoooEDtAhZUte9Qw/N7+PDh8u2//hIppviJwH6/xwoooIACCtQqYEFV684Undf9DcZ3qhaLxa0J8LYfb//dOmGHAgoooIACFQpYUFW4KXObEh9UHyqq+CWgc7NwvQoooIACewQqPmVBVfHmzGlqQ0UVb/09efJkTgyuVQEFFFBgogIWVBPduBanPVRUffbZZx2FVYvrdU0KVCjglBRQYKSABdVIOG87jwC/TuGtt95aP/g///yz/G3q6w4bCiiggAIKVChgQVXhpsx5SnxI/Y8//tgi4DtU/Lt/W51TPXDeCiiggAJNClhQNbmt014URdX19fXWIiiq/FUKWyQeKKCAAgpUJNBaQVURrVM5RYCiin+iJn8Mfo2CRVUuYlsBBRRQoBYBC6padsJ53BK4vLzsfvrpp61+iip/ncIWiQcKKDBJASfdmoAFVWs72th6Hj16NFhU8Ys/G1uqy1FAAQUUmLCABdWEN28uU6eoyn/xZ3yeijwXA9d5vIB3KKCAAiUFLKhKajvWaIH+76iimLq6uhr9eN6ogAIKKKDAqxSwoHqVmrN6rPKL5XdU9b9TZVFVfh8cUQEFFFDgtoAF1W0TeyoV4Cf/+kUVn6XyJ/8q3TCnpYACCtQgUGgOFlSFoB3m1QgMFVX85J9F1avx9VEUUEABBcYJWFCNc/OuexSgqOp/poqiirjHaTm0AnMVcN0KKPBSwILqJYL/TVOAourzzz9fT57fT8VbgOsOGwoooIACChQSsKAqBO0w5xH4/vvv17+nip/8460/8nlGu6dHdVgFFFBAgeoFLKiq3yIneJfA5eVlt1gsOv5HMeVP/iFhKKCAAgqUFLCg6rqS3o51BgE+U8VP/1FY8fAWVSgYCiiggAIlBSyoSmo71tkEKKr4d//IDMJnqfhMFW1DAQUUaEPAVdQsYEFV8+44t6MEKKaePn26voe3AS2q1hw2FFBAAQXOKDCbgoq3gYjff/+9IxN8F4N8aJxxH3zoVyRAUXV9fb1+NIuqNYWNAwS8RAEFFBgrUG1BxXcW+IktPmBMJmjfFQ8ePOiIlFKX0iboIz788MPledo8FvnQSGn1ePn1PAbB/Ajmze9DIqJgY3Mo2shEtCPnfdHOz9FH0BeRH0c7MtcMtekj4jzt+4p8DrQj8vlE37GZx/j2229Jy2Avnjx5siyk6eDxyIYCCiiggAKvSqDKgorChO8s8BchRQmZoH1X8Jcl8aqAhh6Hx4+I+TA/gnkzf4JCi+LrjTfeWBZxKW0KspTSYF9Kq37uS2l1fUqrTF9EStvX0Z/S7b68P6XN46S0aqd0XI7HS2lzX95H+80331yujXZKqzmlxPWbiHMprc5zTKS0fQ19Y+Lx48frrWOvPv744+WcUlqNl9JmnJR2t2PslDbX0JfS9uPQR6S06sfg3Xff3RqT83nE8yMy56JN3hfx/CITXEveFxT7cZ72IcFz+tDIvxaivS+zL5wnD8V6A20ooIACExCosqDibZsJ2B08xX///ffga2u/kL/4mGPsEZk+Mv3E66+/vv5uUPSTI/hpvKE2fZwbin3n4vr8GtoRzIlgXu+8804X/f3MNf0+1kbk/XHM9QTn6KNN0GasP//8k8PlePRxQI6IYiIy/dEm7wuKHM6TibzN8VBQ7Ec/7UMiCrBDMkUdwbXkuyIvIGn3I6VNEZvSdptrU1oVr7R3BXPgHHkomOuuoODkHDkPDDkm9yP2gdwP9ncoeF4YCihQmcCI6VRZUPEj8LzYP3r0qLu8vOwi074rLi4uln+BXWR5hMveW+KxYy7Mj2DOBD9tRvABaT7PQ7x48aIjot3P+TnaBNf0g36C/si088j7h9rRRya4l3xMxD1D+e+//16vlfP9yF3yNtdxPBT7zsX1+TW0Cc6xJ2wohS2FDn2c6wfrH+rr9+fH0c4z7b4BfTw2eVfE+TzTHopYA5ngGjKRt+N5SD/BcUT/mH6sjgme93cFXydxDe19wdcW58n9YA/pI1OY0CbvC4oazpOHol8Q5cc4cEzOgyKLY3I/KNroI/eDwm4oUtouFlNaHQ9dS1//cTlmTCJvcxxBAdgP1kYfeSjwop8chkM59oNsKDBngSoLKl4o+WdFeIGPF33yIcFfJv3gL7B+37HHPEZE3BvzYZ4EcybyvzxYCxFPsmj3M+ejjzbBcT/oJ+iPTDuPvH+oHX1kgnvJLQZro0DnL2nWx18I/CVDu7Zgrswpz7SHgvXQTyZ2tXkucj6C4wj6oh2Z5+8xwfP+ruDrJK6hvS/42uI8uR98/dFHJvI2xxH074t4fHI/Yp67MoVUHrhxTB4KjAnOkfNgz3YFzwOeq0NBgdMPCh+CfnI/mGM/+DqgjzwUUZyRo5AbyimtvlOY0qoQTGmTuZ63v8kRPN7V1VVHjnEp7GiT+3NnTRG5B0aGAjUJVFlQnQNo1wvXof3nmJOPWUaAPeYvSDIj8uLMizdtoz0B9nlfUNRwntwPCp990S82eV7RRx6KKNg4F+3I+4q+KA7zvO/6eEwy15EjYmxyHhRTcUw7gvXTzjNtAq/ItPsRrmSCZxffFc4LIb7+IqJ4YjzaZL4286DwioiijJzSpnBLadWmPyLuicxj0ibnQRHHMTkP5jMUzJ1+ckS+PtYcx7SN+QjMpqCaz5a60iEBXtz5C4bMeV4QefGk3WS4qOYEeO7uiryw4Zr8OAogch4UgnFMO4Iii3aeaRN8DUWm3Y8o5sgR8fY3xSF9ZO6jTY7gcSMorCJijuR8XbRZax5RyJCj2InM1zxtch6MwzE5D4qsoYiijBwRRRw5pdV37KKd0qrYS2nTH/eRh8bgtYk5RTDvPFhfc0/wBhZkQdXAJrqEwwR44eXFm8wdvHjywkXbUECB8wvE114UQ+QICqYICrqIKLLIfP3mQVGWB8VaRN5PO78vHovcD14XCPrJETG3PDN3jsl5sM5+oEshROTFURRNeWbMvNCi8MojL9Zo87Zq/6eKU9oUcClt2lx/VzAW1+SZ9jHB/O+6Ph+DdgTriXZKq7mntCpM6U9p1U5pO+86l/dHO3JK24+f0uqY80RKq+OUtjPn2NM8LKhyjcPbXjlRAV7keGGN6fMixotbHJsVUKANAb7W88gLniiCyP2IQo7+aJMpsPrBawl95Dwo4PpBodfvi+O4l8fKg8KKYC4R+TpifbytGj9V3N89CjiuIx8avCZybZ5pHxPx2rrvnnwM2hGshzZrYe5kgnbez3Ee+bm4nkw/10U7z/0213F9RBxzXT+4Ju+zoMo1bM9CgC8QXshYLF8Q/D8pMseGAgoocC4BXnuGIoqkKJoiU8gReZEVxReZ1zFyvK3KcRRum/yii376dgXXEJwn7wrGi3PRHsr0EXFtP8c45H7k64n7uIY2maDdD/oJ+vPcb3O8K+LeOJ8fR5tMsJf5c8WCKtewPRsBvhD4YmfBNzc3y584om0ooIACcxTgNZFg7eRdQfEX56I9lOkj4tp+jnHIrYQFVSs76TqOFuCLnf/nx40WVSgYYwS8RwEFFEDAggoFY7YCfGt9sVgs1897/bz9tzzwDwUUUEABBY4QsKA6AstL70Pg/GPyGYUoqvggJXH+UR1BAQUUUKAlAQuqlnbTtYwWyIsqfpUCbwGOfjBvVEABBRSYncBrs1uxC1ZghwD/RA3fqaKY4venkHdcarcCCiiggAJbAn6HaovDgzkL8FMoFFV8ropi6v333+/IczZx7QpUJOBUFKhawIKq6u1xcqUFKKp4++/hw4fdX3/9tfx1ChZVpXfB8RRQQIHpCVhQTW/PnPGZBSiqfv311252b/+d2dWHV0ABBVoWsKBqeXdd22gBiire/rOoGk3ojQoooMCsBCyoym23I01MIIoqfgEob/v5QfWJbaDTVUABBQoKWFAVxHao6QlQVOW/Tf2DDz7ovvvuu+ktxBkroIACBwt44RgBC6oxat4zKwGKqvh3/54/f949fvy447eqzwrBxSqggAIK7BWwoNrL40kFVgKXl5fdl19+uTp4+Sf/RA1vA75s+p8CRwt4gwIKtCdgQdXenrqiMwl88803HR9S5+EppvxMFRKGAgoooAACFlQoGI0JnG85/I4q3gJkBIqqX375haahgAIKKDBzAQuqmT8BXP7xAnyeKooqvmPl56mON/QOBRRQoDWBUQVVawiuR4FjBCim+Odp4h4/TxUSZgUUUGC+AhZU8917V36CQP+tP97+O+HhvFUBBc4j4KMqUEzAgqoYtQO1v9mOQAAAA/BJREFUJsB3qeK7VfwUYGvrcz0KKKCAAocLWFAdbuWVCmwJ8F2q6+vrLn7x59bJuRy4TgUUUECBpYAF1ZLBPxRQQAEFFFBAgfECFlTj7Urc6RgKKKCAAgooMAEBC6oJbJJTVEABBRRQoG4BZ2dB5XNAAQUUUEABBRQ4UcCC6kRAb1dAAQVKCDiGAgrULWBBVff+ODsFFFBAAQUUmICABdUENskplhBwDAUUUEABBcYLWFCNt/NOBRRQQAEFFFBgKVCsoFqO5h8KKKCAAgoooECDAhZUDW6qS1JAAQUUGC3gjQqMErCgGsXmTQoooIACCiigwEbAgmpjYUsBBUoIOIYCCijQoIAFVYOb6pIUUEABBRRQoKyABVVZ7xKjOYYCCiiggAIKFBawoCoM7nAKKKCAAgoogEBbYUHV1n66GgUUUEABBRS4BwELqntAd0gFFFCghIBjKKBAOQELqnLWjqSAAgoooIACjQpYUDW6sS6rhIBjKKCAAgoosBKwoFo5+KcCCiiggAIKKDBaoOqCavSqvFEBBRRQQAEFFCgoYEFVENuhFFBAAQWaFHBRCnQWVD4JFFBAAQUUUECBEwUsqE4E9HYFFCgg4BAKKKBA5QIWVJVvkNNTQAEFFFBAgfoFLKjq36MSM3QMBRRQQAEFFDhBwILqBDxvVUABBRRQQIGSAvWOZUFV7944MwUUUEABBRSYiIAF1UQ2ymkqoIACJQQcQwEFxglYUI1z8y4FFFBAAQUUUGAtYEG1prChQAkBx1BAAQUUaFHAgqrFXXVNCiiggAIKKFBUoLmCqqiegymggAIKKKCAAi8FLKheIvifAgoooIAChQUcrjEBC6rGNtTlKKCAAgoooEB5AQuq8uaOqIACJQQcQwEFFCgoYEFVENuhFFBAAQUUUKBNAQuqNve1xKocQwEFFFBAAQX+F7Cg+h/CpIACCiiggAItCpRZkwVVGWdHUUABBRRQQIGGBSyoGt5cl6aAAgqUEHAMBRToOgsqnwUKKKCAAgoooMCJAhZUJwJ6uwLnF3AEBRRQQIHaBSyoat8h56eAAgoooIAC1QtYUHVdV/0uOUEFFFBAAQUUqFrAgqrq7XFyCiiggAIKrAVsVCxgQVXx5jg1BRRQQAEFFJiGgAXVNPbJWSqgQAkBx1BAAQVGClhQjYTzNgUUUEABBRRQIAQsqELCXELAMRRQQAEFFGhSwIKqyW11UQoooIACCigwXuD4Oy2ojjfzDgUUUEABBRRQYEvAgmqLwwMFFFBAgRICjqFAawIWVK3tqOtRQAEFFFBAgeICFlTFyR1QgRICjqGAAgooUFLAgqqktmMpoIACCiigQJMC/wEAAP//gmoDfQAAAAZJREFUAwCYmPcamwnFbQAAAABJRU5ErkJggg==\"}}','[]','2026-05-03 15:05:11','2026-05-03 15:05:11'),(14,'default','created','App\\Models\\Dudika',204,'created','App\\Models\\User',1,'{\"attributes\": {\"id\": 204, \"name\": \"asdf\", \"radius\": 50, \"address\": \"asdff\", \"user_id\": null, \"head_nip\": null, \"latitude\": \"-8.2524769259684\", \"head_name\": \"asdf\", \"longitude\": \"114.34289216995\", \"created_at\": \"2026-05-03T15:06:44.000000Z\", \"updated_at\": \"2026-05-03T15:06:44.000000Z\", \"supervisor_nip\": null, \"supervisor_name\": \"asdfasd\", \"supervisor_phone\": \"6805645780\"}}','[]','2026-05-03 15:06:44','2026-05-03 15:06:44'),(15,'default','deleted','App\\Models\\Dudika',204,'deleted','App\\Models\\User',1,'{\"old\": {\"id\": 204, \"name\": \"asdf\", \"radius\": 50, \"address\": \"asdff\", \"user_id\": 241, \"head_nip\": null, \"latitude\": \"-8.2524769259684\", \"head_name\": \"asdf\", \"longitude\": \"114.34289216995\", \"created_at\": \"2026-05-03T15:06:44.000000Z\", \"updated_at\": \"2026-05-03T15:06:44.000000Z\", \"supervisor_nip\": null, \"supervisor_name\": \"asdfasd\", \"supervisor_phone\": \"6805645780\"}}','[]','2026-05-03 15:07:29','2026-05-03 15:07:29'),(16,'default','created','App\\Models\\Student',81,'created','App\\Models\\User',1,'{\"attributes\": {\"id\": 81, \"nis\": \"5351551\", \"name\": \"Jannah\", \"nisn\": null, \"phone\": \"085165151\", \"gender\": \"L\", \"address\": \"asdfasdf\", \"user_id\": null, \"religion\": \"Islam\", \"is_active\": 1, \"birth_date\": \"2026-06-01\", \"created_at\": \"2026-05-03T15:09:08.000000Z\", \"father_job\": \"asdf\", \"mother_job\": \"asdf\", \"updated_at\": \"2026-05-03T15:09:08.000000Z\", \"birth_place\": \"Banyuwangi\", \"father_name\": \"asdf\", \"mother_name\": \"asdf\", \"parent_phone\": \"0854504\", \"parent_address\": \"asdfasdf\", \"academic_year_id\": 1, \"student_class_id\": 4}}','[]','2026-05-03 15:09:08','2026-05-03 15:09:08'),(17,'default','deleted','App\\Models\\Student',81,'deleted','App\\Models\\User',1,'{\"old\": {\"id\": 81, \"nis\": \"5351551\", \"name\": \"Jannah\", \"nisn\": null, \"phone\": \"085165151\", \"gender\": \"L\", \"address\": \"asdfasdf\", \"user_id\": 242, \"religion\": \"Islam\", \"is_active\": 1, \"birth_date\": \"2026-06-01\", \"created_at\": \"2026-05-03T15:09:08.000000Z\", \"father_job\": \"asdf\", \"mother_job\": \"asdf\", \"updated_at\": \"2026-05-03T15:09:08.000000Z\", \"birth_place\": \"Banyuwangi\", \"father_name\": \"asdf\", \"mother_name\": \"asdf\", \"parent_phone\": \"0854504\", \"parent_address\": \"asdfasdf\", \"academic_year_id\": 1, \"student_class_id\": 4}}','[]','2026-05-03 15:10:01','2026-05-03 15:10:01'),(18,'default','created','App\\Models\\MonitoringSchedule',7,'created','App\\Models\\User',1,'{\"attributes\": {\"id\": 7, \"name\": \"jalan jalan\", \"end_date\": \"2026-05-09\", \"is_active\": 1, \"created_at\": \"2026-05-03T15:12:17.000000Z\", \"start_date\": \"2026-05-03\", \"updated_at\": \"2026-05-03T15:12:17.000000Z\"}}','[]','2026-05-03 15:12:17','2026-05-03 15:12:17'),(19,'default','deleted','App\\Models\\MonitoringSchedule',7,'deleted','App\\Models\\User',1,'{\"old\": {\"id\": 7, \"name\": \"jalan jalan\", \"end_date\": \"2026-05-09\", \"is_active\": 1, \"created_at\": \"2026-05-03T15:12:17.000000Z\", \"start_date\": \"2026-05-03\", \"updated_at\": \"2026-05-03T15:12:17.000000Z\"}}','[]','2026-05-03 15:12:38','2026-05-03 15:12:38'),(20,'default','created','App\\Models\\AssessmentScheme',6,'created','App\\Models\\User',1,'{\"attributes\": {\"id\": 6, \"name\": \"SMK PGRI 1 GIRI Banyuwangi\", \"major_id\": 1, \"is_active\": 1, \"created_at\": \"2026-05-03T15:13:00.000000Z\", \"updated_at\": \"2026-05-03T15:13:00.000000Z\"}}','[]','2026-05-03 15:13:00','2026-05-03 15:13:00'),(21,'default','deleted','App\\Models\\AssessmentScheme',6,'deleted','App\\Models\\User',1,'{\"old\": {\"id\": 6, \"name\": \"SMK PGRI 1 GIRI Banyuwangi\", \"major_id\": 1, \"is_active\": 1, \"created_at\": \"2026-05-03T15:13:00.000000Z\", \"updated_at\": \"2026-05-03T15:13:00.000000Z\"}}','[]','2026-05-03 15:13:09','2026-05-03 15:13:09'),(22,'default','created','App\\Models\\AssessmentElement',5,'created','App\\Models\\User',1,'{\"attributes\": {\"id\": 5, \"name\": \"Pengantaran Siswa PKL\", \"tp_name\": \"Menerapkan Norma, POS, dan K3LH yang ada pada Dunia Kerja\", \"created_at\": \"2026-05-03T15:14:26.000000Z\", \"updated_at\": \"2026-05-03T15:14:26.000000Z\"}}','[]','2026-05-03 15:14:26','2026-05-03 15:14:26'),(23,'default','created','App\\Models\\AssessmentIndicator',108,'created','App\\Models\\User',1,'{\"attributes\": {\"id\": 108, \"name\": \"sdfasdfasd\", \"is_active\": 1, \"created_at\": \"2026-05-03T15:14:26.000000Z\", \"updated_at\": \"2026-05-03T15:14:26.000000Z\", \"assessment_scheme_id\": 1, \"assessment_element_id\": 5}}','[]','2026-05-03 15:14:26','2026-05-03 15:14:26'),(24,'default','deleted','App\\Models\\AssessmentElement',5,'deleted','App\\Models\\User',1,'{\"old\": {\"id\": 5, \"name\": \"Pengantaran Siswa PKL\", \"tp_name\": \"Menerapkan Norma, POS, dan K3LH yang ada pada Dunia Kerja\", \"created_at\": \"2026-05-03T15:14:26.000000Z\", \"updated_at\": \"2026-05-03T15:14:26.000000Z\", \"assessment_indicators_count\": 1}}','[]','2026-05-03 15:15:03','2026-05-03 15:15:03'),(25,'default','created','App\\Models\\PklPlacement',21,'created','App\\Models\\User',1,'{\"attributes\": {\"id\": 21, \"radius\": 50, \"status\": \"Aktif\", \"end_date\": \"2026-05-27\", \"latitude\": \"-8.2217692272575\", \"dudika_id\": 200, \"longitude\": \"114.37415599823\", \"pkl_field\": null, \"created_at\": \"2026-05-03T15:16:40.000000Z\", \"start_date\": \"2026-05-07\", \"student_id\": 64, \"teacher_id\": 30, \"updated_at\": \"2026-05-03T15:16:40.000000Z\", \"pengesah_ks_nip\": null, \"academic_year_id\": 1, \"pengesah_ks_nama\": null, \"file_laporan_path\": null, \"assessment_scheme_id\": 3}}','[]','2026-05-03 15:16:40','2026-05-03 15:16:40'),(26,'default','created','App\\Models\\PklPlacement',22,'created','App\\Models\\User',1,'{\"attributes\": {\"id\": 22, \"radius\": 50, \"status\": \"Aktif\", \"end_date\": \"2026-05-27\", \"latitude\": \"-8.2217692272575\", \"dudika_id\": 200, \"longitude\": \"114.37415599823\", \"pkl_field\": null, \"created_at\": \"2026-05-03T15:16:40.000000Z\", \"start_date\": \"2026-05-07\", \"student_id\": 63, \"teacher_id\": 30, \"updated_at\": \"2026-05-03T15:16:40.000000Z\", \"pengesah_ks_nip\": null, \"academic_year_id\": 1, \"pengesah_ks_nama\": null, \"file_laporan_path\": null, \"assessment_scheme_id\": 3}}','[]','2026-05-03 15:16:40','2026-05-03 15:16:40'),(27,'default','deleted','App\\Models\\PklPlacement',22,'deleted','App\\Models\\User',1,'{\"old\": {\"id\": 22, \"radius\": 50, \"status\": \"Aktif\", \"end_date\": \"2026-05-27\", \"latitude\": \"-8.2217692272575\", \"dudika_id\": 200, \"longitude\": \"114.37415599823\", \"pkl_field\": null, \"created_at\": \"2026-05-03T15:16:40.000000Z\", \"start_date\": \"2026-05-07\", \"student_id\": 63, \"teacher_id\": 30, \"updated_at\": \"2026-05-03T15:16:40.000000Z\", \"pengesah_ks_nip\": null, \"academic_year_id\": 1, \"pengesah_ks_nama\": null, \"file_laporan_path\": null, \"assessment_scheme_id\": 3}}','[]','2026-05-03 15:17:11','2026-05-03 15:17:11'),(28,'default','deleted','App\\Models\\PklPlacement',21,'deleted','App\\Models\\User',1,'{\"old\": {\"id\": 21, \"radius\": 50, \"status\": \"Aktif\", \"end_date\": \"2026-05-27\", \"latitude\": \"-8.2217692272575\", \"dudika_id\": 200, \"longitude\": \"114.37415599823\", \"pkl_field\": null, \"created_at\": \"2026-05-03T15:16:40.000000Z\", \"start_date\": \"2026-05-07\", \"student_id\": 64, \"teacher_id\": 30, \"updated_at\": \"2026-05-03T15:16:40.000000Z\", \"pengesah_ks_nip\": null, \"academic_year_id\": 1, \"pengesah_ks_nama\": null, \"file_laporan_path\": null, \"assessment_scheme_id\": 3}}','[]','2026-05-03 15:17:11','2026-05-03 15:17:11'),(29,'default','created','App\\Models\\Monitoring',63,'created','App\\Models\\User',1,'{\"attributes\": {\"id\": 63, \"date\": \"2026-05-03\", \"time\": \"22:17:24\", \"activity\": \"Pengantaran Siswa PKL\", \"created_at\": \"2026-05-03T15:17:47.000000Z\", \"photo_path\": \"monitorings/01KQQ6NGXRXEMBFNN8ADMM3H4X.jpg\", \"updated_at\": \"2026-05-03T15:17:47.000000Z\", \"pkl_placement_id\": 12, \"monitoring_schedule_id\": 1}}','[]','2026-05-03 15:17:47','2026-05-03 15:17:47'),(30,'default','created','App\\Models\\Monitoring',64,'created','App\\Models\\User',1,'{\"attributes\": {\"id\": 64, \"date\": \"2026-05-03\", \"time\": \"22:17:24\", \"activity\": \"Pengantaran Siswa PKL\", \"created_at\": \"2026-05-03T15:17:47.000000Z\", \"photo_path\": \"monitorings/01KQQ6NGXRXEMBFNN8ADMM3H4X.jpg\", \"updated_at\": \"2026-05-03T15:17:47.000000Z\", \"pkl_placement_id\": 13, \"monitoring_schedule_id\": 1}}','[]','2026-05-03 15:17:47','2026-05-03 15:17:47'),(31,'default','created','App\\Models\\Monitoring',65,'created','App\\Models\\User',1,'{\"attributes\": {\"id\": 65, \"date\": \"2026-05-03\", \"time\": \"22:17:24\", \"activity\": \"Pengantaran Siswa PKL\", \"created_at\": \"2026-05-03T15:17:47.000000Z\", \"photo_path\": \"monitorings/01KQQ6NGXRXEMBFNN8ADMM3H4X.jpg\", \"updated_at\": \"2026-05-03T15:17:47.000000Z\", \"pkl_placement_id\": 14, \"monitoring_schedule_id\": 1}}','[]','2026-05-03 15:17:47','2026-05-03 15:17:47'),(32,'default','deleted','App\\Models\\Monitoring',63,'deleted','App\\Models\\User',1,'{\"old\": {\"id\": 63, \"date\": \"2026-05-03\", \"time\": \"22:17:24\", \"activity\": \"Pengantaran Siswa PKL\", \"created_at\": \"2026-05-03T15:17:47.000000Z\", \"photo_path\": \"monitorings/01KQQ6NGXRXEMBFNN8ADMM3H4X.jpg\", \"updated_at\": \"2026-05-03T15:17:47.000000Z\", \"pkl_placement_id\": 12, \"monitoring_schedule_id\": 1}}','[]','2026-05-03 15:18:23','2026-05-03 15:18:23'),(33,'default','deleted','App\\Models\\Monitoring',64,'deleted','App\\Models\\User',1,'{\"old\": {\"id\": 64, \"date\": \"2026-05-03\", \"time\": \"22:17:24\", \"activity\": \"Pengantaran Siswa PKL\", \"created_at\": \"2026-05-03T15:17:47.000000Z\", \"photo_path\": \"monitorings/01KQQ6NGXRXEMBFNN8ADMM3H4X.jpg\", \"updated_at\": \"2026-05-03T15:17:47.000000Z\", \"pkl_placement_id\": 13, \"monitoring_schedule_id\": 1}}','[]','2026-05-03 15:18:23','2026-05-03 15:18:23'),(34,'default','deleted','App\\Models\\Monitoring',65,'deleted','App\\Models\\User',1,'{\"old\": {\"id\": 65, \"date\": \"2026-05-03\", \"time\": \"22:17:24\", \"activity\": \"Pengantaran Siswa PKL\", \"created_at\": \"2026-05-03T15:17:47.000000Z\", \"photo_path\": \"monitorings/01KQQ6NGXRXEMBFNN8ADMM3H4X.jpg\", \"updated_at\": \"2026-05-03T15:17:47.000000Z\", \"pkl_placement_id\": 14, \"monitoring_schedule_id\": 1}}','[]','2026-05-03 15:18:23','2026-05-03 15:18:23'),(35,'default','created','App\\Models\\PklAssessment',3,'created','App\\Models\\User',1,'{\"attributes\": {\"id\": 3, \"created_at\": \"2026-05-03T15:20:44.000000Z\", \"updated_at\": \"2026-05-03T15:20:44.000000Z\", \"assessment_notes\": \"mantap jiwa\", \"attendance_notes\": \"sip jos\", \"pkl_placement_id\": 17}}','[]','2026-05-03 15:20:44','2026-05-03 15:20:44'),(36,'default','created','App\\Models\\PklAssessmentScore',37,'created','App\\Models\\User',1,'{\"attributes\": {\"id\": 37, \"score\": 85, \"created_at\": \"2026-05-03T15:20:44.000000Z\", \"updated_at\": \"2026-05-03T15:20:44.000000Z\", \"pkl_assessment_id\": 3, \"assessment_indicator_id\": 7}}','[]','2026-05-03 15:20:44','2026-05-03 15:20:44'),(37,'default','created','App\\Models\\PklAssessmentScore',38,'created','App\\Models\\User',1,'{\"attributes\": {\"id\": 38, \"score\": 85, \"created_at\": \"2026-05-03T15:20:44.000000Z\", \"updated_at\": \"2026-05-03T15:20:44.000000Z\", \"pkl_assessment_id\": 3, \"assessment_indicator_id\": 8}}','[]','2026-05-03 15:20:44','2026-05-03 15:20:44'),(38,'default','created','App\\Models\\PklAssessmentScore',39,'created','App\\Models\\User',1,'{\"attributes\": {\"id\": 39, \"score\": 85, \"created_at\": \"2026-05-03T15:20:44.000000Z\", \"updated_at\": \"2026-05-03T15:20:44.000000Z\", \"pkl_assessment_id\": 3, \"assessment_indicator_id\": 9}}','[]','2026-05-03 15:20:44','2026-05-03 15:20:44'),(39,'default','created','App\\Models\\PklAssessmentScore',40,'created','App\\Models\\User',1,'{\"attributes\": {\"id\": 40, \"score\": 85, \"created_at\": \"2026-05-03T15:20:44.000000Z\", \"updated_at\": \"2026-05-03T15:20:44.000000Z\", \"pkl_assessment_id\": 3, \"assessment_indicator_id\": 10}}','[]','2026-05-03 15:20:44','2026-05-03 15:20:44'),(40,'default','created','App\\Models\\PklAssessmentScore',41,'created','App\\Models\\User',1,'{\"attributes\": {\"id\": 41, \"score\": 85, \"created_at\": \"2026-05-03T15:20:44.000000Z\", \"updated_at\": \"2026-05-03T15:20:44.000000Z\", \"pkl_assessment_id\": 3, \"assessment_indicator_id\": 11}}','[]','2026-05-03 15:20:44','2026-05-03 15:20:44'),(41,'default','created','App\\Models\\PklAssessmentScore',42,'created','App\\Models\\User',1,'{\"attributes\": {\"id\": 42, \"score\": 85, \"created_at\": \"2026-05-03T15:20:44.000000Z\", \"updated_at\": \"2026-05-03T15:20:44.000000Z\", \"pkl_assessment_id\": 3, \"assessment_indicator_id\": 13}}','[]','2026-05-03 15:20:44','2026-05-03 15:20:44'),(42,'default','created','App\\Models\\PklAssessmentScore',43,'created','App\\Models\\User',1,'{\"attributes\": {\"id\": 43, \"score\": 85, \"created_at\": \"2026-05-03T15:20:44.000000Z\", \"updated_at\": \"2026-05-03T15:20:44.000000Z\", \"pkl_assessment_id\": 3, \"assessment_indicator_id\": 34}}','[]','2026-05-03 15:20:44','2026-05-03 15:20:44'),(43,'default','created','App\\Models\\PklAssessmentScore',44,'created','App\\Models\\User',1,'{\"attributes\": {\"id\": 44, \"score\": 85, \"created_at\": \"2026-05-03T15:20:44.000000Z\", \"updated_at\": \"2026-05-03T15:20:44.000000Z\", \"pkl_assessment_id\": 3, \"assessment_indicator_id\": 35}}','[]','2026-05-03 15:20:44','2026-05-03 15:20:44'),(44,'default','created','App\\Models\\PklAssessmentScore',45,'created','App\\Models\\User',1,'{\"attributes\": {\"id\": 45, \"score\": 85, \"created_at\": \"2026-05-03T15:20:44.000000Z\", \"updated_at\": \"2026-05-03T15:20:44.000000Z\", \"pkl_assessment_id\": 3, \"assessment_indicator_id\": 50}}','[]','2026-05-03 15:20:44','2026-05-03 15:20:44'),(45,'default','created','App\\Models\\PklAssessmentScore',46,'created','App\\Models\\User',1,'{\"attributes\": {\"id\": 46, \"score\": 85, \"created_at\": \"2026-05-03T15:20:45.000000Z\", \"updated_at\": \"2026-05-03T15:20:45.000000Z\", \"pkl_assessment_id\": 3, \"assessment_indicator_id\": 51}}','[]','2026-05-03 15:20:45','2026-05-03 15:20:45'),(46,'default','created','App\\Models\\PklAssessmentScore',47,'created','App\\Models\\User',1,'{\"attributes\": {\"id\": 47, \"score\": 85, \"created_at\": \"2026-05-03T15:20:45.000000Z\", \"updated_at\": \"2026-05-03T15:20:45.000000Z\", \"pkl_assessment_id\": 3, \"assessment_indicator_id\": 52}}','[]','2026-05-03 15:20:45','2026-05-03 15:20:45'),(47,'default','created','App\\Models\\PklAssessmentScore',48,'created','App\\Models\\User',1,'{\"attributes\": {\"id\": 48, \"score\": 85, \"created_at\": \"2026-05-03T15:20:45.000000Z\", \"updated_at\": \"2026-05-03T15:20:45.000000Z\", \"pkl_assessment_id\": 3, \"assessment_indicator_id\": 53}}','[]','2026-05-03 15:20:45','2026-05-03 15:20:45'),(48,'default','created','App\\Models\\PklAssessmentScore',49,'created','App\\Models\\User',1,'{\"attributes\": {\"id\": 49, \"score\": 85, \"created_at\": \"2026-05-03T15:20:45.000000Z\", \"updated_at\": \"2026-05-03T15:20:45.000000Z\", \"pkl_assessment_id\": 3, \"assessment_indicator_id\": 54}}','[]','2026-05-03 15:20:45','2026-05-03 15:20:45'),(49,'default','created','App\\Models\\PklAssessmentScore',50,'created','App\\Models\\User',1,'{\"attributes\": {\"id\": 50, \"score\": 85, \"created_at\": \"2026-05-03T15:20:45.000000Z\", \"updated_at\": \"2026-05-03T15:20:45.000000Z\", \"pkl_assessment_id\": 3, \"assessment_indicator_id\": 55}}','[]','2026-05-03 15:20:45','2026-05-03 15:20:45'),(50,'default','created','App\\Models\\PklAssessmentScore',51,'created','App\\Models\\User',1,'{\"attributes\": {\"id\": 51, \"score\": 85, \"created_at\": \"2026-05-03T15:20:45.000000Z\", \"updated_at\": \"2026-05-03T15:20:45.000000Z\", \"pkl_assessment_id\": 3, \"assessment_indicator_id\": 100}}','[]','2026-05-03 15:20:45','2026-05-03 15:20:45'),(51,'default','created','App\\Models\\PklAssessmentScore',52,'created','App\\Models\\User',1,'{\"attributes\": {\"id\": 52, \"score\": 85, \"created_at\": \"2026-05-03T15:20:45.000000Z\", \"updated_at\": \"2026-05-03T15:20:45.000000Z\", \"pkl_assessment_id\": 3, \"assessment_indicator_id\": 101}}','[]','2026-05-03 15:20:45','2026-05-03 15:20:45'),(52,'default','deleted','App\\Models\\PklAssessment',3,'deleted','App\\Models\\User',1,'{\"old\": {\"id\": 3, \"created_at\": \"2026-05-03T15:20:44.000000Z\", \"updated_at\": \"2026-05-03T15:20:44.000000Z\", \"assessment_notes\": \"mantap jiwa\", \"attendance_notes\": \"sip jos\", \"pkl_placement_id\": 17}}','[]','2026-05-03 15:21:34','2026-05-03 15:21:34'),(53,'default','created','App\\Models\\PklPlacement',23,'created','App\\Models\\User',1,'{\"attributes\": {\"id\": 23, \"radius\": 50, \"status\": \"Aktif\", \"end_date\": \"2026-09-03\", \"latitude\": \"-8.2238079864467\", \"dudika_id\": 196, \"longitude\": \"114.37203168869\", \"pkl_field\": null, \"created_at\": \"2026-05-03T15:53:29.000000Z\", \"start_date\": \"2026-05-12\", \"student_id\": 36, \"teacher_id\": 23, \"updated_at\": \"2026-05-03T15:53:29.000000Z\", \"pengesah_ks_nip\": null, \"academic_year_id\": 1, \"pengesah_ks_nama\": null, \"file_laporan_path\": null, \"assessment_scheme_id\": 2}}','[]','2026-05-03 15:53:29','2026-05-03 15:53:29'),(54,'default','created','App\\Models\\PklPlacement',24,'created','App\\Models\\User',1,'{\"attributes\": {\"id\": 24, \"radius\": 50, \"status\": \"Aktif\", \"end_date\": \"2026-09-03\", \"latitude\": \"-8.2238079864467\", \"dudika_id\": 196, \"longitude\": \"114.37203168869\", \"pkl_field\": null, \"created_at\": \"2026-05-03T15:53:29.000000Z\", \"start_date\": \"2026-05-12\", \"student_id\": 37, \"teacher_id\": 23, \"updated_at\": \"2026-05-03T15:53:29.000000Z\", \"pengesah_ks_nip\": null, \"academic_year_id\": 1, \"pengesah_ks_nama\": null, \"file_laporan_path\": null, \"assessment_scheme_id\": 2}}','[]','2026-05-03 15:53:29','2026-05-03 15:53:29'),(55,'default','created','App\\Models\\Monitoring',66,'created','App\\Models\\User',1,'{\"attributes\": {\"id\": 66, \"date\": \"2026-05-03\", \"time\": \"22:53:43\", \"activity\": \"Monitoring ke 2 Siswa PKL\", \"created_at\": \"2026-05-03T15:54:19.000000Z\", \"photo_path\": \"monitorings/01KQQ8RDV5KHVGK5GRS6V6GWFZ.png\", \"updated_at\": \"2026-05-03T15:54:19.000000Z\", \"pkl_placement_id\": 23, \"monitoring_schedule_id\": 3}}','[]','2026-05-03 15:54:19','2026-05-03 15:54:19'),(56,'default','created','App\\Models\\Monitoring',67,'created','App\\Models\\User',1,'{\"attributes\": {\"id\": 67, \"date\": \"2026-05-03\", \"time\": \"22:53:43\", \"activity\": \"Monitoring ke 2 Siswa PKL\", \"created_at\": \"2026-05-03T15:54:19.000000Z\", \"photo_path\": \"monitorings/01KQQ8RDV5KHVGK5GRS6V6GWFZ.png\", \"updated_at\": \"2026-05-03T15:54:19.000000Z\", \"pkl_placement_id\": 24, \"monitoring_schedule_id\": 3}}','[]','2026-05-03 15:54:19','2026-05-03 15:54:19'),(57,'default','updated','App\\Models\\Monitoring',66,'updated','App\\Models\\User',1,'{\"old\": {\"activity\": \"Monitoring ke 2 Siswa PKL\", \"updated_at\": \"2026-05-03T15:54:19.000000Z\", \"monitoring_schedule_id\": 3}, \"attributes\": {\"activity\": \"Monitoring ke 1 Siswa PKL\", \"updated_at\": \"2026-05-03T16:04:43.000000Z\", \"monitoring_schedule_id\": 2}}','[]','2026-05-03 16:04:43','2026-05-03 16:04:43'),(58,'default','deleted','App\\Models\\Monitoring',66,'deleted','App\\Models\\User',1,'{\"old\": {\"id\": 66, \"date\": \"2026-05-03\", \"time\": \"22:53:43\", \"activity\": \"Monitoring ke 1 Siswa PKL\", \"created_at\": \"2026-05-03T15:54:19.000000Z\", \"photo_path\": \"monitorings/01KQQ8RDV5KHVGK5GRS6V6GWFZ.png\", \"updated_at\": \"2026-05-03T16:04:43.000000Z\", \"pkl_placement_id\": 23, \"monitoring_schedule_id\": 2}}','[]','2026-05-03 16:12:56','2026-05-03 16:12:56'),(59,'default','deleted','App\\Models\\Monitoring',67,'deleted','App\\Models\\User',1,'{\"old\": {\"id\": 67, \"date\": \"2026-05-03\", \"time\": \"22:53:43\", \"activity\": \"Monitoring ke 2 Siswa PKL\", \"created_at\": \"2026-05-03T15:54:19.000000Z\", \"photo_path\": \"monitorings/01KQQ8RDV5KHVGK5GRS6V6GWFZ.png\", \"updated_at\": \"2026-05-03T15:54:19.000000Z\", \"pkl_placement_id\": 24, \"monitoring_schedule_id\": 3}}','[]','2026-05-03 16:12:56','2026-05-03 16:12:56'),(60,'default','created','App\\Models\\Monitoring',68,'created','App\\Models\\User',1,'{\"attributes\": {\"id\": 68, \"date\": \"2026-05-03\", \"time\": \"23:26:43\", \"activity\": \"Pengantaran Siswa PKL\", \"created_at\": \"2026-05-03T16:27:03.000000Z\", \"photo_path\": \"monitorings/01KQQAMAZGK1M5JRBV745ENMAY.png\", \"updated_at\": \"2026-05-03T16:27:03.000000Z\", \"pkl_placement_id\": 18, \"monitoring_schedule_id\": 1}}','[]','2026-05-03 16:27:03','2026-05-03 16:27:03'),(61,'default','created','App\\Models\\Monitoring',69,'created','App\\Models\\User',1,'{\"attributes\": {\"id\": 69, \"date\": \"2026-05-03\", \"time\": \"23:26:43\", \"activity\": \"Pengantaran Siswa PKL\", \"created_at\": \"2026-05-03T16:27:03.000000Z\", \"photo_path\": \"monitorings/01KQQAMAZGK1M5JRBV745ENMAY.png\", \"updated_at\": \"2026-05-03T16:27:03.000000Z\", \"pkl_placement_id\": 19, \"monitoring_schedule_id\": 1}}','[]','2026-05-03 16:27:03','2026-05-03 16:27:03'),(62,'default','created','App\\Models\\Monitoring',70,'created','App\\Models\\User',1,'{\"attributes\": {\"id\": 70, \"date\": \"2026-05-03\", \"time\": \"23:26:43\", \"activity\": \"Pengantaran Siswa PKL\", \"created_at\": \"2026-05-03T16:27:03.000000Z\", \"photo_path\": \"monitorings/01KQQAMAZGK1M5JRBV745ENMAY.png\", \"updated_at\": \"2026-05-03T16:27:03.000000Z\", \"pkl_placement_id\": 20, \"monitoring_schedule_id\": 1}}','[]','2026-05-03 16:27:03','2026-05-03 16:27:03'),(63,'default','created','App\\Models\\Monitoring',71,'created','App\\Models\\User',1,'{\"attributes\": {\"id\": 71, \"date\": \"2026-05-03\", \"time\": \"23:27:51\", \"activity\": \"Monitoring ke 1 Siswa PKL\", \"created_at\": \"2026-05-03T16:28:19.000000Z\", \"photo_path\": \"monitorings/01KQQAPNAAT8RZ5Z4YSSX6Q818.png\", \"updated_at\": \"2026-05-03T16:28:19.000000Z\", \"pkl_placement_id\": 23, \"monitoring_schedule_id\": 2}}','[]','2026-05-03 16:28:19','2026-05-03 16:28:19'),(64,'default','created','App\\Models\\Monitoring',72,'created','App\\Models\\User',1,'{\"attributes\": {\"id\": 72, \"date\": \"2026-05-03\", \"time\": \"23:27:51\", \"activity\": \"Monitoring ke 1 Siswa PKL\", \"created_at\": \"2026-05-03T16:28:19.000000Z\", \"photo_path\": \"monitorings/01KQQAPNAAT8RZ5Z4YSSX6Q818.png\", \"updated_at\": \"2026-05-03T16:28:19.000000Z\", \"pkl_placement_id\": 24, \"monitoring_schedule_id\": 2}}','[]','2026-05-03 16:28:19','2026-05-03 16:28:19'),(65,'default','updated','App\\Models\\Monitoring',68,'updated','App\\Models\\User',1,'{\"old\": {\"activity\": \"Pengantaran Siswa PKL\", \"updated_at\": \"2026-05-03T16:27:03.000000Z\", \"monitoring_schedule_id\": 1}, \"attributes\": {\"activity\": \"Monitoring ke 2 Siswa PKL\", \"updated_at\": \"2026-05-03T16:32:16.000000Z\", \"monitoring_schedule_id\": 3}}','[]','2026-05-03 16:32:16','2026-05-03 16:32:16'),(66,'default','deleted','App\\Models\\Monitoring',68,'deleted','App\\Models\\User',1,'{\"old\": {\"id\": 68, \"date\": \"2026-05-03\", \"time\": \"23:26:43\", \"activity\": \"Monitoring ke 2 Siswa PKL\", \"created_at\": \"2026-05-03T16:27:03.000000Z\", \"photo_path\": \"monitorings/01KQQAMAZGK1M5JRBV745ENMAY.png\", \"updated_at\": \"2026-05-03T16:32:16.000000Z\", \"pkl_placement_id\": 18, \"monitoring_schedule_id\": 3}}','[]','2026-05-03 16:38:32','2026-05-03 16:38:32'),(67,'default','deleted','App\\Models\\Monitoring',69,'deleted','App\\Models\\User',1,'{\"old\": {\"id\": 69, \"date\": \"2026-05-03\", \"time\": \"23:26:43\", \"activity\": \"Pengantaran Siswa PKL\", \"created_at\": \"2026-05-03T16:27:03.000000Z\", \"photo_path\": \"monitorings/01KQQAMAZGK1M5JRBV745ENMAY.png\", \"updated_at\": \"2026-05-03T16:27:03.000000Z\", \"pkl_placement_id\": 19, \"monitoring_schedule_id\": 1}}','[]','2026-05-03 16:38:32','2026-05-03 16:38:32'),(68,'default','deleted','App\\Models\\Monitoring',70,'deleted','App\\Models\\User',1,'{\"old\": {\"id\": 70, \"date\": \"2026-05-03\", \"time\": \"23:26:43\", \"activity\": \"Pengantaran Siswa PKL\", \"created_at\": \"2026-05-03T16:27:03.000000Z\", \"photo_path\": \"monitorings/01KQQAMAZGK1M5JRBV745ENMAY.png\", \"updated_at\": \"2026-05-03T16:27:03.000000Z\", \"pkl_placement_id\": 20, \"monitoring_schedule_id\": 1}}','[]','2026-05-03 16:38:32','2026-05-03 16:38:32'),(69,'default','created','App\\Models\\Monitoring',73,'created','App\\Models\\User',1,'{\"attributes\": {\"id\": 73, \"date\": \"2026-05-03\", \"time\": \"23:38:33\", \"activity\": \"Pengantaran Siswa PKL\", \"created_at\": \"2026-05-03T16:38:54.000000Z\", \"photo_path\": \"monitorings/01KQQBA1JJVBNX8Z68HTXFAZSC.jpg\", \"updated_at\": \"2026-05-03T16:38:54.000000Z\", \"pkl_placement_id\": 18, \"monitoring_schedule_id\": 1}}','[]','2026-05-03 16:38:54','2026-05-03 16:38:54'),(70,'default','created','App\\Models\\Monitoring',74,'created','App\\Models\\User',1,'{\"attributes\": {\"id\": 74, \"date\": \"2026-05-03\", \"time\": \"23:38:33\", \"activity\": \"Pengantaran Siswa PKL\", \"created_at\": \"2026-05-03T16:38:54.000000Z\", \"photo_path\": \"monitorings/01KQQBA1JJVBNX8Z68HTXFAZSC.jpg\", \"updated_at\": \"2026-05-03T16:38:54.000000Z\", \"pkl_placement_id\": 19, \"monitoring_schedule_id\": 1}}','[]','2026-05-03 16:38:54','2026-05-03 16:38:54'),(71,'default','created','App\\Models\\Monitoring',75,'created','App\\Models\\User',1,'{\"attributes\": {\"id\": 75, \"date\": \"2026-05-03\", \"time\": \"23:38:33\", \"activity\": \"Pengantaran Siswa PKL\", \"created_at\": \"2026-05-03T16:38:54.000000Z\", \"photo_path\": \"monitorings/01KQQBA1JJVBNX8Z68HTXFAZSC.jpg\", \"updated_at\": \"2026-05-03T16:38:54.000000Z\", \"pkl_placement_id\": 20, \"monitoring_schedule_id\": 1}}','[]','2026-05-03 16:38:54','2026-05-03 16:38:54'),(72,'default','updated','App\\Models\\Monitoring',73,'updated','App\\Models\\User',1,'{\"old\": {\"activity\": \"Pengantaran Siswa PKL\", \"updated_at\": \"2026-05-03T16:38:54.000000Z\", \"monitoring_schedule_id\": 1}, \"attributes\": {\"activity\": \"Monitoring ke 2 Siswa PKL\", \"updated_at\": \"2026-05-03T16:39:09.000000Z\", \"monitoring_schedule_id\": 3}}','[]','2026-05-03 16:39:09','2026-05-03 16:39:09'),(73,'default','updated','App\\Models\\Monitoring',74,'updated','App\\Models\\User',1,'{\"old\": {\"activity\": \"Pengantaran Siswa PKL\", \"updated_at\": \"2026-05-03T16:38:54.000000Z\", \"monitoring_schedule_id\": 1}, \"attributes\": {\"activity\": \"Monitoring ke 2 Siswa PKL\", \"updated_at\": \"2026-05-03T16:39:09.000000Z\", \"monitoring_schedule_id\": 3}}','[]','2026-05-03 16:39:09','2026-05-03 16:39:09'),(74,'default','updated','App\\Models\\Monitoring',75,'updated','App\\Models\\User',1,'{\"old\": {\"activity\": \"Pengantaran Siswa PKL\", \"updated_at\": \"2026-05-03T16:38:54.000000Z\", \"monitoring_schedule_id\": 1}, \"attributes\": {\"activity\": \"Monitoring ke 2 Siswa PKL\", \"updated_at\": \"2026-05-03T16:39:09.000000Z\", \"monitoring_schedule_id\": 3}}','[]','2026-05-03 16:39:09','2026-05-03 16:39:09'),(75,'default','created','App\\Models\\Announcement',1,'created','App\\Models\\User',1,'{\"attributes\": {\"id\": 1, \"title\": \"penting banget ini broh\", \"content\": \"<p>jangan nakal ya</p><p></p>\", \"is_active\": 1, \"created_at\": \"2026-05-03T17:01:58.000000Z\", \"updated_at\": \"2026-05-03T17:01:58.000000Z\", \"target_audience\": \"Siswa\"}}','[]','2026-05-03 17:01:58','2026-05-03 17:01:58'),(76,'default','updated','App\\Models\\SchoolProfile',1,'updated','App\\Models\\User',1,'{\"old\": {\"logo_path\": \"logos/01KPK72M6MRT5TTMDCQVRS5JX8.png\", \"updated_at\": \"2026-05-03T14:16:46.000000Z\"}, \"attributes\": {\"logo_path\": \"logos/01KQW3FY6B7RA64JS4224GPJAR.png\", \"updated_at\": \"2026-05-05T12:58:31.000000Z\"}}','[]','2026-05-05 12:58:31','2026-05-05 12:58:31'),(77,'default','updated','App\\Models\\SchoolProfile',1,'updated','App\\Models\\User',1,'{\"old\": {\"logo_path\": \"logos/01KQW3FY6B7RA64JS4224GPJAR.png\", \"updated_at\": \"2026-05-05T12:58:31.000000Z\"}, \"attributes\": {\"logo_path\": \"logos/01KQWCPHH67SE750ENZYK7HH1H.png\", \"updated_at\": \"2026-05-05T15:39:24.000000Z\"}}','[]','2026-05-05 15:39:24','2026-05-05 15:39:24'),(78,'default','created','App\\Models\\Journal',794,'created','App\\Models\\User',185,'{\"attributes\": {\"id\": 794, \"date\": \"2026-05-05\", \"time\": \"23:36:35\", \"activity\": \"\", \"is_valid\": 0, \"latitude\": \"-6.1537\", \"longitude\": \"106.7425\", \"created_at\": \"2026-05-05T16:36:35.000000Z\", \"photo_path\": null, \"updated_at\": \"2026-05-05T16:36:35.000000Z\", \"attend_status\": \"Hadir\", \"revision_note\": null, \"pkl_placement_id\": 12, \"attendance_photo_path\": \"attendance/6148974e-24f4-4895-b414-2e078c10b1e3.jpeg\"}}','[]','2026-05-05 16:36:35','2026-05-05 16:36:35'),(79,'default','updated','App\\Models\\PklPlacement',12,'updated','App\\Models\\User',1,'{\"old\": {\"latitude\": \"-8.2237230383564\", \"longitude\": \"114.37186002731\", \"updated_at\": \"2026-05-02T05:14:06.000000Z\"}, \"attributes\": {\"latitude\": \"-8.2368791568253\", \"longitude\": \"114.35046941042\", \"updated_at\": \"2026-05-05T16:59:55.000000Z\"}}','[]','2026-05-05 16:59:55','2026-05-05 16:59:55'),(80,'default','updated','App\\Models\\PklPlacement',12,'updated','App\\Models\\User',1,'{\"old\": {\"radius\": 50, \"updated_at\": \"2026-05-05T16:59:55.000000Z\"}, \"attributes\": {\"radius\": 1000, \"updated_at\": \"2026-05-05T17:00:22.000000Z\"}}','[]','2026-05-05 17:00:22','2026-05-05 17:00:22'),(81,'default','created','App\\Models\\Journal',795,'created','App\\Models\\User',185,'{\"attributes\": {\"id\": 795, \"date\": \"2026-05-06\", \"time\": \"00:08:59\", \"activity\": \"\", \"is_valid\": 1, \"latitude\": \"-8.2368791568253\", \"longitude\": \"114.35046941042\", \"created_at\": \"2026-05-05T17:08:59.000000Z\", \"photo_path\": null, \"updated_at\": \"2026-05-05T17:08:59.000000Z\", \"attend_status\": \"Hadir\", \"revision_note\": null, \"pkl_placement_id\": 12, \"attendance_photo_path\": \"attendance/223a39ba-2cf8-4be7-8c83-536670d50be0.jpeg\"}}','[]','2026-05-05 17:08:59','2026-05-05 17:08:59'),(82,'default','updated','App\\Models\\Journal',795,'updated','App\\Models\\User',185,'{\"old\": {\"activity\": \"\", \"photo_path\": null, \"updated_at\": \"2026-05-05T17:08:59.000000Z\"}, \"attributes\": {\"activity\": \"mengerikan ya memang\", \"photo_path\": \"journal_photos/Fq1p3YzAs86fFovKPYotiUbE9r4yK79WpzxVs0oK.jpg\", \"updated_at\": \"2026-05-05T17:09:27.000000Z\"}}','[]','2026-05-05 17:09:27','2026-05-05 17:09:27'),(83,'default','updated','App\\Models\\Student',80,'updated','App\\Models\\User',1,'{\"old\": {\"avatar\": null, \"updated_at\": \"2026-04-27T12:41:52.000000Z\"}, \"attributes\": {\"avatar\": \"students/avatars/01KQYTY8C91WWBYCE6KEFQBCEJ.jpg\", \"updated_at\": \"2026-05-06T14:26:46.000000Z\"}}','[]','2026-05-06 14:26:46','2026-05-06 14:26:46'),(84,'default','updated','App\\Models\\SchoolProfile',1,'updated','App\\Models\\User',1,'{\"old\": {\"updated_at\": \"2026-05-05T15:39:24.000000Z\", \"app_logo_path\": null}, \"attributes\": {\"updated_at\": \"2026-05-06T14:45:13.000000Z\", \"app_logo_path\": \"app_logos/01KQYW01MR8CB0RXBVAFE4SS0B.png\"}}','[]','2026-05-06 14:45:13','2026-05-06 14:45:13'),(85,'default','updated','App\\Models\\Student',62,'updated','App\\Models\\User',221,'{\"old\": {\"avatar\": null, \"updated_at\": \"2026-04-27T12:41:45.000000Z\"}, \"attributes\": {\"avatar\": \"students/avatars/qQtESKN1z5jW5XbyVdG7SwOiMfXiG3nvGJMKy87u.png\", \"updated_at\": \"2026-05-06T15:01:17.000000Z\"}}','[]','2026-05-06 15:01:17','2026-05-06 15:01:17'),(86,'default','updated','App\\Models\\Student',62,'updated','App\\Models\\User',221,'{\"old\": {\"avatar\": \"students/avatars/qQtESKN1z5jW5XbyVdG7SwOiMfXiG3nvGJMKy87u.png\", \"updated_at\": \"2026-05-06T15:01:17.000000Z\"}, \"attributes\": {\"avatar\": \"students/avatars/ELUkvqP9G0fUWkOpEI1ePZE55J5GHqYoo1fcvHyj.png\", \"updated_at\": \"2026-05-06T15:23:25.000000Z\"}}','[]','2026-05-06 15:23:25','2026-05-06 15:23:25'),(87,'default','updated','App\\Models\\Student',62,'updated','App\\Models\\User',221,'{\"old\": {\"avatar\": \"students/avatars/ELUkvqP9G0fUWkOpEI1ePZE55J5GHqYoo1fcvHyj.png\", \"updated_at\": \"2026-05-06T15:23:25.000000Z\"}, \"attributes\": {\"avatar\": \"students/avatars/lQPbFm7drPf9TIC16xashrt11xt4Imh5bdU2c7kp.png\", \"updated_at\": \"2026-05-06T15:24:25.000000Z\"}}','[]','2026-05-06 15:24:25','2026-05-06 15:24:25'),(88,'default','updated','App\\Models\\Student',62,'updated','App\\Models\\User',1,'{\"old\": {\"religion\": \"Islam\", \"updated_at\": \"2026-05-06T15:24:25.000000Z\"}, \"attributes\": {\"religion\": null, \"updated_at\": \"2026-05-06T15:27:04.000000Z\"}}','[]','2026-05-06 15:27:04','2026-05-06 15:27:04'),(89,'default','updated','App\\Models\\Student',62,'updated','App\\Models\\User',1,'{\"old\": {\"religion\": null, \"updated_at\": \"2026-05-06T15:27:04.000000Z\"}, \"attributes\": {\"religion\": \"Islam\", \"updated_at\": \"2026-05-06T15:28:31.000000Z\"}}','[]','2026-05-06 15:28:31','2026-05-06 15:28:31'),(90,'default','created','App\\Models\\Journal',796,'created','App\\Models\\User',221,'{\"attributes\": {\"id\": 796, \"date\": \"2026-05-06\", \"time\": \"22:45:47\", \"activity\": \"\", \"is_valid\": 1, \"latitude\": \"-8.2152706123983\", \"longitude\": \"114.35495138168\", \"created_at\": \"2026-05-06T15:45:47.000000Z\", \"photo_path\": null, \"updated_at\": \"2026-05-06T15:45:47.000000Z\", \"attend_status\": \"Hadir\", \"revision_note\": null, \"pkl_placement_id\": 20, \"attendance_photo_path\": \"attendance/3f797149-9daa-4182-811a-dabee21cef56.jpeg\"}}','[]','2026-05-06 15:45:47','2026-05-06 15:45:47'),(91,'default','updated','App\\Models\\Journal',796,'updated','App\\Models\\User',221,'{\"old\": {\"activity\": \"\", \"photo_path\": null, \"updated_at\": \"2026-05-06T15:45:47.000000Z\"}, \"attributes\": {\"activity\": \"service kendaraan berat kalau di angkat\", \"photo_path\": \"journal_photos/eu1UeXAQWwQ7630tEsOgYK4XctWKFmcN7Odjp8io.jpg\", \"updated_at\": \"2026-05-06T15:46:31.000000Z\"}}','[]','2026-05-06 15:46:31','2026-05-06 15:46:31'),(92,'default','updated','App\\Models\\Student',62,'updated','App\\Models\\User',221,'{\"old\": {\"avatar\": \"students/avatars/lQPbFm7drPf9TIC16xashrt11xt4Imh5bdU2c7kp.png\", \"updated_at\": \"2026-05-06T15:28:31.000000Z\"}, \"attributes\": {\"avatar\": \"students/avatars/69fb63ade1944.jpg\", \"updated_at\": \"2026-05-06T15:52:13.000000Z\"}}','[]','2026-05-06 15:52:13','2026-05-06 15:52:13'),(93,'default','updated','App\\Models\\Student',62,'updated','App\\Models\\User',221,'{\"old\": {\"avatar\": \"students/avatars/69fb63ade1944.jpg\", \"updated_at\": \"2026-05-06T15:52:13.000000Z\"}, \"attributes\": {\"avatar\": \"students/avatars/6ZXA8vO7nN1daqIpPfCuc0ZJFt48zG9w7FSuzOIe.jpg\", \"updated_at\": \"2026-05-06T15:52:23.000000Z\"}}','[]','2026-05-06 15:52:23','2026-05-06 15:52:23'),(94,'default','updated','App\\Models\\Student',62,'updated','App\\Models\\User',221,'{\"old\": {\"avatar\": \"students/avatars/6ZXA8vO7nN1daqIpPfCuc0ZJFt48zG9w7FSuzOIe.jpg\", \"updated_at\": \"2026-05-06T15:52:23.000000Z\"}, \"attributes\": {\"avatar\": \"students/avatars/yn80tASTGrNmcAPkQYeNFXYR5DAn8MWZWZmwobns.png\", \"updated_at\": \"2026-05-06T15:52:36.000000Z\"}}','[]','2026-05-06 15:52:36','2026-05-06 15:52:36'),(95,'default','updated','App\\Models\\Student',62,'updated','App\\Models\\User',221,'{\"old\": {\"father_job\": null, \"mother_job\": null, \"updated_at\": \"2026-05-06T15:52:36.000000Z\", \"father_name\": null, \"mother_name\": null, \"parent_phone\": null, \"parent_address\": null}, \"attributes\": {\"father_job\": \"Freelance\", \"mother_job\": \"Ibu Rumah Tangga\", \"updated_at\": \"2026-05-06T16:58:46.000000Z\", \"father_name\": \"Supriyanto\", \"mother_name\": \"Supriyanti\", \"parent_phone\": \"081234567890\", \"parent_address\": \"JL. IKAN PAUS PERUM GRIYA PESONA\"}}','[]','2026-05-06 16:58:46','2026-05-06 16:58:46'),(96,'default','created','App\\Models\\Journal',797,'created','App\\Models\\User',1,'{\"attributes\": {\"id\": 797, \"date\": \"2026-05-05\", \"time\": \"00:07:41\", \"activity\": \"Sakit\", \"is_valid\": 1, \"latitude\": \"-6.1677000\", \"longitude\": \"106.7389000\", \"created_at\": \"2026-05-06T17:08:49.000000Z\", \"photo_path\": \"journals/01KQZ46ZT13B2N21A175KSAFHD.jpg\", \"updated_at\": \"2026-05-06T17:08:49.000000Z\", \"attend_status\": \"Sakit\", \"revision_note\": null, \"pkl_placement_id\": 20, \"attendance_photo_path\": \"journals/attendance/01KQZ46ZSC9JB1AQAXF1WNX5MR.jpeg\"}}','[]','2026-05-06 17:08:49','2026-05-06 17:08:49'),(97,'default','created','App\\Models\\Journal',798,'created','App\\Models\\User',1,'{\"attributes\": {\"id\": 798, \"date\": \"2026-05-04\", \"time\": \"09:14:56\", \"activity\": \"keluar kota\", \"is_valid\": 1, \"latitude\": \"-6.1677000\", \"longitude\": \"106.7389000\", \"created_at\": \"2026-05-06T17:11:43.000000Z\", \"photo_path\": \"journals/01KQZ4C9NQ84YXHXDJZB55NHSP.jpg\", \"updated_at\": \"2026-05-06T17:11:43.000000Z\", \"attend_status\": \"Izin\", \"revision_note\": null, \"pkl_placement_id\": 20, \"attendance_photo_path\": \"journals/attendance/01KQZ4C9NMFCTC50CJV2GJQFC0.png\"}}','[]','2026-05-06 17:11:43','2026-05-06 17:11:43'),(98,'default','created','App\\Models\\Journal',799,'created','App\\Models\\User',1,'{\"attributes\": {\"id\": 799, \"date\": \"2026-05-03\", \"time\": \"04:19:16\", \"activity\": \"Libur\", \"is_valid\": 1, \"latitude\": \"-6.1677000\", \"longitude\": \"106.7389000\", \"created_at\": \"2026-05-06T17:21:38.000000Z\", \"photo_path\": null, \"updated_at\": \"2026-05-06T17:21:38.000000Z\", \"attend_status\": \"Libur\", \"revision_note\": null, \"pkl_placement_id\": 20, \"attendance_photo_path\": null}}','[]','2026-05-06 17:21:38','2026-05-06 17:21:38'),(99,'default','updated','App\\Models\\Student',62,'updated','App\\Models\\User',221,'{\"old\": {\"updated_at\": \"2026-05-06T16:58:46.000000Z\", \"father_name\": \"Supriyanto\"}, \"attributes\": {\"updated_at\": \"2026-05-07T13:01:11.000000Z\", \"father_name\": \"\"}}','[]','2026-05-07 13:01:11','2026-05-07 13:01:11'),(100,'default','updated','App\\Models\\User',221,'updated','App\\Models\\User',221,'{\"old\": {\"name\": \"AGISTA CAHYANI PUTRI\"}, \"attributes\": {\"name\": \"Agista Cahyani Putri\"}}','[]','2026-05-07 13:01:11','2026-05-07 13:01:11'),(101,'default','updated','App\\Models\\PklPlacement',20,'updated','App\\Models\\User',221,'{\"old\": {\"pkl_field\": null, \"updated_at\": \"2026-04-27T12:44:22.000000Z\"}, \"attributes\": {\"pkl_field\": \"Teknisi Jaringan\", \"updated_at\": \"2026-05-07T13:12:18.000000Z\"}}','[]','2026-05-07 13:12:18','2026-05-07 13:12:18'),(102,'default','updated','App\\Models\\PklPlacement',20,'updated','App\\Models\\User',221,'{\"old\": {\"pkl_field\": \"Teknisi Jaringan\", \"updated_at\": \"2026-05-07T13:12:18.000000Z\"}, \"attributes\": {\"pkl_field\": \"Penjualan\", \"updated_at\": \"2026-05-07T13:12:52.000000Z\"}}','[]','2026-05-07 13:12:52','2026-05-07 13:12:52'),(103,'default','updated','App\\Models\\PklPlacement',20,'updated','App\\Models\\User',1,'{\"old\": {\"pkl_field\": \"\", \"start_date\": \"2026-06-22\", \"updated_at\": \"2026-05-07T13:12:52.000000Z\"}, \"attributes\": {\"pkl_field\": null, \"start_date\": \"2026-06-01\", \"updated_at\": \"2026-05-07T15:24:52.000000Z\"}}','[]','2026-05-07 15:24:52','2026-05-07 15:24:52'),(104,'default','updated','App\\Models\\PklPlacement',20,'updated','App\\Models\\User',1,'{\"old\": {\"start_date\": \"2026-06-01\", \"updated_at\": \"2026-05-07T15:24:52.000000Z\"}, \"attributes\": {\"start_date\": \"2026-05-01\", \"updated_at\": \"2026-05-07T15:25:04.000000Z\"}}','[]','2026-05-07 15:25:04','2026-05-07 15:25:04'),(105,'default','updated','App\\Models\\PklPlacement',20,'updated','App\\Models\\User',1,'{\"old\": {\"start_date\": \"2026-05-01\", \"updated_at\": \"2026-05-07T15:25:04.000000Z\"}, \"attributes\": {\"start_date\": \"2026-06-01\", \"updated_at\": \"2026-05-07T15:37:09.000000Z\"}}','[]','2026-05-07 15:37:09','2026-05-07 15:37:09'),(106,'default','updated','App\\Models\\PklPlacement',20,'updated','App\\Models\\User',1,'{\"old\": {\"start_date\": \"2026-06-01\", \"updated_at\": \"2026-05-07T15:37:09.000000Z\"}, \"attributes\": {\"start_date\": \"2026-05-01\", \"updated_at\": \"2026-05-07T15:37:36.000000Z\"}}','[]','2026-05-07 15:37:36','2026-05-07 15:37:36'),(107,'default','updated','App\\Models\\Journal',796,'updated','App\\Models\\User',221,'{\"old\": {\"activity\": \"service kendaraan berat kalau di angkat\", \"is_valid\": 1, \"updated_at\": \"2026-05-06T15:46:31.000000Z\"}, \"attributes\": {\"activity\": \"service kendaraan berat kalau di angkat ya\", \"is_valid\": 0, \"updated_at\": \"2026-05-07T16:12:58.000000Z\"}}','[]','2026-05-07 16:12:58','2026-05-07 16:12:58'),(108,'default','created','App\\Models\\Journal',800,'created','App\\Models\\User',221,'{\"attributes\": {\"id\": 800, \"date\": \"2026-05-07\", \"time\": \"23:25:38\", \"activity\": \"\", \"is_valid\": 1, \"latitude\": null, \"longitude\": null, \"created_at\": \"2026-05-07T16:25:38.000000Z\", \"photo_path\": null, \"updated_at\": \"2026-05-07T16:25:38.000000Z\", \"attend_status\": \"Izin\", \"revision_note\": null, \"pkl_placement_id\": 20, \"attendance_photo_path\": null}}','[]','2026-05-07 16:25:39','2026-05-07 16:25:39'),(109,'default','created','App\\Models\\Journal',801,'created','App\\Models\\User',221,'{\"attributes\": {\"id\": 801, \"date\": \"2026-05-07\", \"time\": \"23:27:02\", \"activity\": \"\", \"is_valid\": 1, \"latitude\": null, \"longitude\": null, \"created_at\": \"2026-05-07T16:27:02.000000Z\", \"photo_path\": null, \"updated_at\": \"2026-05-07T16:27:02.000000Z\", \"attend_status\": \"Sakit\", \"revision_note\": null, \"pkl_placement_id\": 20, \"attendance_photo_path\": null}}','[]','2026-05-07 16:27:02','2026-05-07 16:27:02'),(110,'default','created','App\\Models\\Journal',802,'created','App\\Models\\User',221,'{\"attributes\": {\"id\": 802, \"date\": \"2026-05-08\", \"time\": \"17:12:10\", \"activity\": \"\", \"is_valid\": 1, \"latitude\": \"-8.2152706123983\", \"longitude\": \"114.35495138168\", \"created_at\": \"2026-05-08T10:12:10.000000Z\", \"photo_path\": null, \"updated_at\": \"2026-05-08T10:12:10.000000Z\", \"attend_status\": \"Hadir\", \"revision_note\": null, \"pkl_placement_id\": 20, \"attendance_photo_path\": \"attendance/d17cdaf3-051a-4b1f-b743-0933ffe700b6.jpeg\"}}','[]','2026-05-08 10:12:10','2026-05-08 10:12:10'),(111,'default','updated','App\\Models\\Journal',802,'updated','App\\Models\\User',221,'{\"old\": {\"activity\": \"\", \"photo_path\": null, \"updated_at\": \"2026-05-08T10:12:10.000000Z\"}, \"attributes\": {\"activity\": \"promosi ke jalanan\", \"photo_path\": \"journal_photos/MpW8180Un1wDtmeoDQTiVLdXSLYJeowD0QdEDJvI.jpg\", \"updated_at\": \"2026-05-08T10:12:38.000000Z\"}}','[]','2026-05-08 10:12:38','2026-05-08 10:12:38'),(112,'default','updated','App\\Models\\Journal',802,'updated','App\\Models\\User',221,'{\"old\": {\"activity\": \"promosi ke jalanan\", \"photo_path\": \"journal_photos/MpW8180Un1wDtmeoDQTiVLdXSLYJeowD0QdEDJvI.jpg\", \"updated_at\": \"2026-05-08T10:12:38.000000Z\"}, \"attributes\": {\"activity\": \"jualan mobil\", \"photo_path\": \"journal_photos/oYR9OeoyGU0WYkhkQnnYAaHwRGqeO3NNjtDBxooq.jpg\", \"updated_at\": \"2026-05-08T13:29:18.000000Z\"}}','[]','2026-05-08 13:29:18','2026-05-08 13:29:18'),(113,'default','updated','App\\Models\\Journal',802,'updated','App\\Models\\User',221,'{\"old\": {\"activity\": \"jualan mobil\", \"latitude\": \"-8.2152706123983\", \"longitude\": \"114.35495138168\", \"photo_path\": \"journal_photos/oYR9OeoyGU0WYkhkQnnYAaHwRGqeO3NNjtDBxooq.jpg\", \"updated_at\": \"2026-05-08T13:29:18.000000Z\", \"attend_status\": \"Hadir\", \"attendance_photo_path\": \"attendance/d17cdaf3-051a-4b1f-b743-0933ffe700b6.jpeg\"}, \"attributes\": {\"activity\": \"Jualan Es Mambo\", \"latitude\": null, \"longitude\": null, \"photo_path\": \"journal_photos/UKVXR2cAJOICScBRIG2IYz7407GHlNGHqcPmj8Fo.jpg\", \"updated_at\": \"2026-05-08T13:32:12.000000Z\", \"attend_status\": \"Izin\", \"attendance_photo_path\": null}}','[]','2026-05-08 13:32:12','2026-05-08 13:32:12'),(114,'default','updated','App\\Models\\Journal',802,'updated','App\\Models\\User',221,'{\"old\": {\"activity\": \"Jualan Es Mambo\", \"photo_path\": \"journal_photos/UKVXR2cAJOICScBRIG2IYz7407GHlNGHqcPmj8Fo.jpg\", \"updated_at\": \"2026-05-08T13:32:12.000000Z\", \"attend_status\": \"Izin\"}, \"attributes\": {\"activity\": \"KTP Pak Slamet\", \"photo_path\": \"journal_photos/cDYdcqjhKnyn40VV22ndl9Y9cmhBCRHMUi2lV2tj.jpg\", \"updated_at\": \"2026-05-08T13:32:49.000000Z\", \"attend_status\": \"Sakit\"}}','[]','2026-05-08 13:32:49','2026-05-08 13:32:49'),(115,'default','updated','App\\Models\\Journal',802,'updated','App\\Models\\User',221,'{\"old\": {\"activity\": \"KTP Pak Slamet\", \"photo_path\": \"journal_photos/cDYdcqjhKnyn40VV22ndl9Y9cmhBCRHMUi2lV2tj.jpg\", \"updated_at\": \"2026-05-08T13:32:49.000000Z\", \"attend_status\": \"Sakit\"}, \"attributes\": {\"activity\": \"Libur / Tanggal Merah\", \"photo_path\": null, \"updated_at\": \"2026-05-08T13:33:02.000000Z\", \"attend_status\": \"Libur\"}}','[]','2026-05-08 13:33:02','2026-05-08 13:33:02'),(116,'default','updated','App\\Models\\Journal',802,'updated','App\\Models\\User',221,'{\"old\": {\"activity\": \"Libur / Tanggal Merah\", \"photo_path\": null, \"updated_at\": \"2026-05-08T13:33:02.000000Z\", \"attend_status\": \"Libur\"}, \"attributes\": {\"activity\": \"Service Mobil\", \"photo_path\": \"journal_photos/0w0WQ9wP2GZqokbnYUVu00mk86H2M9VQXnLUTqbT.jpg\", \"updated_at\": \"2026-05-08T15:49:05.000000Z\", \"attend_status\": \"Izin\"}}','[]','2026-05-08 15:49:05','2026-05-08 15:49:05'),(117,'default','updated','App\\Models\\Journal',802,'updated','App\\Models\\User',221,'{\"old\": {\"activity\": \"Service Mobil\", \"photo_path\": \"journal_photos/0w0WQ9wP2GZqokbnYUVu00mk86H2M9VQXnLUTqbT.jpg\", \"updated_at\": \"2026-05-08T15:49:05.000000Z\", \"attend_status\": \"Izin\"}, \"attributes\": {\"activity\": \"Libur / Tanggal Merah\", \"photo_path\": null, \"updated_at\": \"2026-05-08T16:15:26.000000Z\", \"attend_status\": \"Libur\"}}','[]','2026-05-08 16:15:26','2026-05-08 16:15:26'),(118,'default','deleted','App\\Models\\Journal',802,'deleted','App\\Models\\User',1,'{\"old\": {\"id\": 802, \"date\": \"2026-05-08\", \"time\": \"17:12:10\", \"activity\": \"Libur / Tanggal Merah\", \"is_valid\": 1, \"latitude\": null, \"longitude\": null, \"created_at\": \"2026-05-08T10:12:10.000000Z\", \"photo_path\": null, \"updated_at\": \"2026-05-08T16:15:26.000000Z\", \"attend_status\": \"Libur\", \"revision_note\": null, \"pkl_placement_id\": 20, \"attendance_photo_path\": null}}','[]','2026-05-08 16:16:34','2026-05-08 16:16:34'),(119,'default','created','App\\Models\\Journal',803,'created','App\\Models\\User',221,'{\"attributes\": {\"id\": 803, \"date\": \"2026-05-08\", \"time\": \"23:16:43\", \"activity\": \"\", \"is_valid\": 1, \"latitude\": null, \"longitude\": null, \"created_at\": \"2026-05-08T16:16:43.000000Z\", \"photo_path\": null, \"updated_at\": \"2026-05-08T16:16:43.000000Z\", \"attend_status\": \"Izin\", \"revision_note\": null, \"pkl_placement_id\": 20, \"attendance_photo_path\": null}}','[]','2026-05-08 16:16:43','2026-05-08 16:16:43'),(120,'default','deleted','App\\Models\\Journal',803,'deleted','App\\Models\\User',1,'{\"old\": {\"id\": 803, \"date\": \"2026-05-08\", \"time\": \"23:16:43\", \"activity\": \"\", \"is_valid\": 1, \"latitude\": null, \"longitude\": null, \"created_at\": \"2026-05-08T16:16:43.000000Z\", \"photo_path\": null, \"updated_at\": \"2026-05-08T16:16:43.000000Z\", \"attend_status\": \"Izin\", \"revision_note\": null, \"pkl_placement_id\": 20, \"attendance_photo_path\": null}}','[]','2026-05-08 16:16:56','2026-05-08 16:16:56'),(121,'default','created','App\\Models\\Journal',804,'created','App\\Models\\User',221,'{\"attributes\": {\"id\": 804, \"date\": \"2026-05-08\", \"time\": \"23:17:02\", \"activity\": \"\", \"is_valid\": 1, \"latitude\": null, \"longitude\": null, \"created_at\": \"2026-05-08T16:17:02.000000Z\", \"photo_path\": null, \"updated_at\": \"2026-05-08T16:17:02.000000Z\", \"attend_status\": \"Sakit\", \"revision_note\": null, \"pkl_placement_id\": 20, \"attendance_photo_path\": null}}','[]','2026-05-08 16:17:02','2026-05-08 16:17:02'),(122,'default','deleted','App\\Models\\Journal',804,'deleted','App\\Models\\User',1,'{\"old\": {\"id\": 804, \"date\": \"2026-05-08\", \"time\": \"23:17:02\", \"activity\": \"\", \"is_valid\": 1, \"latitude\": null, \"longitude\": null, \"created_at\": \"2026-05-08T16:17:02.000000Z\", \"photo_path\": null, \"updated_at\": \"2026-05-08T16:17:02.000000Z\", \"attend_status\": \"Sakit\", \"revision_note\": null, \"pkl_placement_id\": 20, \"attendance_photo_path\": null}}','[]','2026-05-08 16:17:24','2026-05-08 16:17:24'),(123,'default','created','App\\Models\\Journal',805,'created','App\\Models\\User',221,'{\"attributes\": {\"id\": 805, \"date\": \"2026-05-08\", \"time\": \"23:17:31\", \"activity\": \"Libur / Tanggal Merah\", \"is_valid\": 1, \"latitude\": null, \"longitude\": null, \"created_at\": \"2026-05-08T16:17:31.000000Z\", \"photo_path\": null, \"updated_at\": \"2026-05-08T16:17:31.000000Z\", \"attend_status\": \"Libur\", \"revision_note\": null, \"pkl_placement_id\": 20, \"attendance_photo_path\": null}}','[]','2026-05-08 16:17:31','2026-05-08 16:17:31'),(124,'default','updated','App\\Models\\Journal',805,'updated','App\\Models\\User',221,'{\"old\": {\"activity\": \"Libur / Tanggal Merah\", \"photo_path\": null, \"updated_at\": \"2026-05-08T16:17:31.000000Z\", \"attend_status\": \"Libur\"}, \"attributes\": {\"activity\": \"sakit gigi ya bu\", \"photo_path\": \"journal_photos/GU3syeOjF1lGBCq1oeD6D5f4ZgISpkt3rrEFlTew.png\", \"updated_at\": \"2026-05-08T16:32:11.000000Z\", \"attend_status\": \"Sakit\"}}','[]','2026-05-08 16:32:11','2026-05-08 16:32:11'),(125,'default','updated','App\\Models\\Journal',805,'updated','App\\Models\\User',221,'{\"old\": {\"updated_at\": \"2026-05-08T16:32:11.000000Z\", \"attend_status\": \"Sakit\"}, \"attributes\": {\"updated_at\": \"2026-05-08T16:32:40.000000Z\", \"attend_status\": \"Izin\"}}','[]','2026-05-08 16:32:40','2026-05-08 16:32:40'),(126,'default','updated','App\\Models\\Journal',805,'updated','App\\Models\\User',221,'{\"old\": {\"activity\": \"sakit gigi ya bu\", \"photo_path\": \"journal_photos/GU3syeOjF1lGBCq1oeD6D5f4ZgISpkt3rrEFlTew.png\", \"updated_at\": \"2026-05-08T16:32:40.000000Z\", \"attend_status\": \"Izin\"}, \"attributes\": {\"activity\": \"Libur / Tanggal Merah\", \"photo_path\": null, \"updated_at\": \"2026-05-08T16:46:11.000000Z\", \"attend_status\": \"Libur\"}}','[]','2026-05-08 16:46:11','2026-05-08 16:46:11'),(127,'default','updated','App\\Models\\Journal',805,'updated','App\\Models\\User',221,'{\"old\": {\"activity\": \"Libur / Tanggal Merah\", \"photo_path\": null, \"updated_at\": \"2026-05-08T16:46:11.000000Z\", \"attend_status\": \"Libur\"}, \"attributes\": {\"activity\": \"Jualan Es Mambo membantu orang tua\", \"photo_path\": \"journal_photos/W8zuP8O9hNTwUL2IuQ2a3CYWkYvIWXGDyqN4xocj.jpg\", \"updated_at\": \"2026-05-08T16:46:30.000000Z\", \"attend_status\": \"Izin\"}}','[]','2026-05-08 16:46:30','2026-05-08 16:46:30'),(128,'default','updated','App\\Models\\PklPlacement',20,'updated','App\\Models\\User',221,'{\"old\": {\"pkl_field\": null, \"updated_at\": \"2026-05-07T15:37:36.000000Z\"}, \"attributes\": {\"pkl_field\": \"Teknisi Jaringan\", \"updated_at\": \"2026-05-08T17:39:57.000000Z\"}}','[]','2026-05-08 17:39:57','2026-05-08 17:39:57'),(129,'default','updated','App\\Models\\Dudika',193,'updated','App\\Models\\User',1,'{\"old\": {\"head_name\": null, \"updated_at\": \"2026-04-17T07:00:08.000000Z\"}, \"attributes\": {\"head_name\": \"Margono\", \"updated_at\": \"2026-05-08T17:40:42.000000Z\"}}','[]','2026-05-08 17:40:42','2026-05-08 17:40:42'),(130,'default','updated','App\\Models\\Dudika',193,'updated','App\\Models\\User',1,'{\"old\": {\"head_name\": \"Margono\", \"updated_at\": \"2026-05-08T17:40:42.000000Z\"}, \"attributes\": {\"head_name\": null, \"updated_at\": \"2026-05-08T17:41:06.000000Z\"}}','[]','2026-05-08 17:41:06','2026-05-08 17:41:06'),(131,'default','updated','App\\Models\\Dudika',193,'updated','App\\Models\\User',1,'{\"old\": {\"head_name\": null, \"updated_at\": \"2026-05-08T17:41:06.000000Z\"}, \"attributes\": {\"head_name\": \"Margono\", \"updated_at\": \"2026-05-08T17:41:15.000000Z\"}}','[]','2026-05-08 17:41:15','2026-05-08 17:41:15'),(132,'default','updated','App\\Models\\Student',62,'updated','App\\Models\\User',1,'{\"old\": {\"name\": \"Agista Cahyani Putri\", \"updated_at\": \"2026-05-07T13:01:11.000000Z\", \"father_name\": \"\"}, \"attributes\": {\"name\": \"M. Agista Cahyani Putri\", \"updated_at\": \"2026-05-09T09:01:34.000000Z\", \"father_name\": null}}','[]','2026-05-09 09:01:34','2026-05-09 09:01:34'),(133,'default','updated','App\\Models\\User',221,'updated','App\\Models\\User',1,'{\"old\": {\"name\": \"Agista Cahyani Putri\"}, \"attributes\": {\"name\": \"M. Agista Cahyani Putri\"}}','[]','2026-05-09 09:01:34','2026-05-09 09:01:34'),(134,'default','updated','App\\Models\\Student',62,'updated','App\\Models\\User',221,'{\"old\": {\"updated_at\": \"2026-05-09T09:01:34.000000Z\", \"father_name\": null}, \"attributes\": {\"updated_at\": \"2026-05-09T09:15:02.000000Z\", \"father_name\": \"Supriyanto\"}}','[]','2026-05-09 09:15:02','2026-05-09 09:15:02'),(135,'default','updated','App\\Models\\Student',62,'updated','App\\Models\\User',221,'{\"old\": {\"address\": \"JL. IKAN PAUS PERUM GRIYA PESONA\", \"updated_at\": \"2026-05-09T09:15:02.000000Z\"}, \"attributes\": {\"address\": \"\", \"updated_at\": \"2026-05-09T09:25:04.000000Z\"}}','[]','2026-05-09 09:25:05','2026-05-09 09:25:05'),(136,'default','updated','App\\Models\\Journal',805,'updated','App\\Models\\User',1,'{\"old\": {\"is_valid\": 1, \"latitude\": null, \"longitude\": null, \"updated_at\": \"2026-05-08T16:46:30.000000Z\"}, \"attributes\": {\"is_valid\": 0, \"latitude\": \"-6.2564000\", \"longitude\": \"106.9513000\", \"updated_at\": \"2026-05-09T09:26:18.000000Z\"}}','[]','2026-05-09 09:26:18','2026-05-09 09:26:18'),(137,'default','updated','App\\Models\\Student',62,'updated','App\\Models\\User',221,'{\"old\": {\"address\": \"\", \"updated_at\": \"2026-05-09T09:25:04.000000Z\"}, \"attributes\": {\"address\": \"JL. IKAN PAUS PERUM GRIYA PESONA\", \"updated_at\": \"2026-05-09T09:27:16.000000Z\"}}','[]','2026-05-09 09:27:16','2026-05-09 09:27:16'),(138,'default','updated','App\\Models\\Journal',805,'updated','App\\Models\\User',1,'{\"old\": {\"is_valid\": 0, \"updated_at\": \"2026-05-09T09:26:18.000000Z\"}, \"attributes\": {\"is_valid\": 1, \"updated_at\": \"2026-05-09T09:28:46.000000Z\"}}','[]','2026-05-09 09:28:46','2026-05-09 09:28:46'),(139,'default','updated','App\\Models\\Announcement',1,'updated','App\\Models\\User',1,'{\"old\": {\"title\": \"penting banget ini broh\", \"content\": \"<p>jangan nakal ya</p><p></p>\", \"updated_at\": \"2026-05-03T17:01:58.000000Z\"}, \"attributes\": {\"title\": \"SEMANGAT PKL!!\", \"content\": \"<p><strong>SEMANGAT PKL YA!!</strong></p><p>Semangat Siswa/i untuk selalu bekerja tanpa lelah</p>\", \"updated_at\": \"2026-05-09T09:29:16.000000Z\"}}','[]','2026-05-09 09:29:16','2026-05-09 09:29:16'),(140,'default','created','App\\Models\\Announcement',2,'created','App\\Models\\User',1,'{\"attributes\": {\"id\": 2, \"title\": \"Kelengkapan Data\", \"content\": \"<p>Mohon mengisi data yg belum disesuaikan hak akses rolenya ya</p>\", \"is_active\": 1, \"created_at\": \"2026-05-09T09:59:06.000000Z\", \"updated_at\": \"2026-05-09T09:59:06.000000Z\", \"target_audience\": \"Umum\"}}','[]','2026-05-09 09:59:06','2026-05-09 09:59:06'),(141,'default','updated','App\\Models\\Announcement',2,'updated','App\\Models\\User',1,'{\"old\": {\"is_active\": 1, \"updated_at\": \"2026-05-09T09:59:06.000000Z\"}, \"attributes\": {\"is_active\": 0, \"updated_at\": \"2026-05-09T10:09:57.000000Z\"}}','[]','2026-05-09 10:09:57','2026-05-09 10:09:57'),(142,'default','updated','App\\Models\\Announcement',1,'updated','App\\Models\\User',1,'{\"old\": {\"content\": \"<p><strong>SEMANGAT PKL YA!!</strong></p><p>Semangat Siswa/i untuk selalu bekerja tanpa lelah</p>\", \"updated_at\": \"2026-05-09T09:29:16.000000Z\"}, \"attributes\": {\"content\": \"<p>Semangat Siswa/i untuk selalu bekerja tanpa lelah</p>\", \"updated_at\": \"2026-05-09T10:12:05.000000Z\"}}','[]','2026-05-09 10:12:05','2026-05-09 10:12:05'),(143,'default','updated','App\\Models\\PklPlacement',12,'updated','App\\Models\\User',1,'{\"old\": {\"updated_at\": \"2026-05-05T17:00:22.000000Z\", \"file_laporan_path\": \"laporan_pkl/Laporan_fairuz-annafi_1777698820.pdf\"}, \"attributes\": {\"updated_at\": \"2026-05-09T10:58:52.000000Z\", \"file_laporan_path\": \"processing\"}}','[]','2026-05-09 10:58:52','2026-05-09 10:58:52'),(144,'default','updated','App\\Models\\PklPlacement',12,'updated',NULL,NULL,'{\"old\": {\"updated_at\": \"2026-05-09T10:58:52.000000Z\", \"file_laporan_path\": \"processing\"}, \"attributes\": {\"updated_at\": \"2026-05-09T10:59:37.000000Z\", \"file_laporan_path\": \"laporan_pkl/Laporan_fairuz-annafi_1778324341.pdf\"}}','[]','2026-05-09 10:59:37','2026-05-09 10:59:37'),(145,'default','updated','App\\Models\\PklPlacement',12,'updated','App\\Models\\User',1,'{\"old\": {\"updated_at\": \"2026-05-09T10:59:37.000000Z\", \"pengesah_ks_nip\": \"-\", \"pengesah_ks_nama\": \"Sunarto, S.Pd., S.Kom.\"}, \"attributes\": {\"updated_at\": \"2026-05-09T11:36:05.000000Z\", \"pengesah_ks_nip\": null, \"pengesah_ks_nama\": null}}','[]','2026-05-09 11:36:05','2026-05-09 11:36:05'),(146,'default','updated','App\\Models\\PklPlacement',12,'updated','App\\Models\\User',1,'{\"old\": {\"updated_at\": \"2026-05-09T11:36:05.000000Z\", \"pengesah_ks_nip\": null, \"pengesah_ks_nama\": null}, \"attributes\": {\"updated_at\": \"2026-05-09T11:36:18.000000Z\", \"pengesah_ks_nip\": \"-\", \"pengesah_ks_nama\": \"Sunarto, S.Pd., S.Kom.\"}}','[]','2026-05-09 11:36:18','2026-05-09 11:36:18'),(147,'default','updated','App\\Models\\Journal',805,'updated','App\\Models\\User',221,'{\"old\": {\"activity\": \"Jualan Es Mambo membantu orang tua\", \"updated_at\": \"2026-05-09T09:28:46.000000Z\"}, \"attributes\": {\"activity\": \"Jualan Es Mambo \", \"updated_at\": \"2026-05-09T13:17:46.000000Z\"}}','[]','2026-05-09 13:17:46','2026-05-09 13:17:46'),(148,'default','updated','App\\Models\\Journal',805,'updated','App\\Models\\User',221,'{\"old\": {\"photo_path\": \"journal_photos/W8zuP8O9hNTwUL2IuQ2a3CYWkYvIWXGDyqN4xocj.jpg\", \"updated_at\": \"2026-05-09T13:17:46.000000Z\", \"attend_status\": \"Izin\"}, \"attributes\": {\"photo_path\": \"journal_photos/byPX1B9TD2IFzO3wXPjGKx8ZdXnR71TomHUVhnqy.jpg\", \"updated_at\": \"2026-05-09T13:18:09.000000Z\", \"attend_status\": \"Sakit\"}}','[]','2026-05-09 13:18:09','2026-05-09 13:18:09'),(149,'default','updated','App\\Models\\Journal',805,'updated','App\\Models\\User',221,'{\"old\": {\"activity\": \"Jualan Es Mambo \", \"latitude\": \"-6.2564000\", \"longitude\": \"106.9513000\", \"photo_path\": \"journal_photos/byPX1B9TD2IFzO3wXPjGKx8ZdXnR71TomHUVhnqy.jpg\", \"updated_at\": \"2026-05-09T13:18:09.000000Z\", \"attend_status\": \"Sakit\"}, \"attributes\": {\"activity\": \"Libur / Tanggal Merah\", \"latitude\": null, \"longitude\": null, \"photo_path\": null, \"updated_at\": \"2026-05-09T13:26:40.000000Z\", \"attend_status\": \"Libur\"}}','[]','2026-05-09 13:26:40','2026-05-09 13:26:40'),(150,'default','updated','App\\Models\\Journal',805,'updated','App\\Models\\User',221,'{\"old\": {\"activity\": \"Libur / Tanggal Merah\", \"photo_path\": null, \"updated_at\": \"2026-05-09T13:26:40.000000Z\", \"attend_status\": \"Libur\"}, \"attributes\": {\"activity\": \"Jualan Es Mambo\", \"photo_path\": \"journal_photos/Q1Yo6YY4zqpWl8dTWwLioko112go2RozABKdYtpe.jpg\", \"updated_at\": \"2026-05-09T15:03:39.000000Z\", \"attend_status\": \"Izin\"}}','[]','2026-05-09 15:03:39','2026-05-09 15:03:39'),(151,'default','updated','App\\Models\\Journal',805,'updated','App\\Models\\User',221,'{\"old\": {\"latitude\": null, \"longitude\": null, \"updated_at\": \"2026-05-09T15:03:39.000000Z\", \"attend_status\": \"Izin\", \"attendance_photo_path\": null}, \"attributes\": {\"latitude\": \"-8.2152706123983\", \"longitude\": \"114.35495138168\", \"updated_at\": \"2026-05-09T15:11:03.000000Z\", \"attend_status\": \"Hadir\", \"attendance_photo_path\": \"attendance/942ae38f-a108-43b0-a580-94704628ac53.jpeg\"}}','[]','2026-05-09 15:11:03','2026-05-09 15:11:03'),(152,'default','updated','App\\Models\\Journal',805,'updated','App\\Models\\User',221,'{\"old\": {\"activity\": \"Jualan Es Mambo\", \"latitude\": \"-8.2152706123983\", \"longitude\": \"114.35495138168\", \"photo_path\": \"journal_photos/Q1Yo6YY4zqpWl8dTWwLioko112go2RozABKdYtpe.jpg\", \"updated_at\": \"2026-05-09T15:11:03.000000Z\", \"attend_status\": \"Hadir\", \"attendance_photo_path\": \"attendance/942ae38f-a108-43b0-a580-94704628ac53.jpeg\"}, \"attributes\": {\"activity\": \"Libur / Tanggal Merah\", \"latitude\": null, \"longitude\": null, \"photo_path\": null, \"updated_at\": \"2026-05-09T15:11:19.000000Z\", \"attend_status\": \"Libur\", \"attendance_photo_path\": null}}','[]','2026-05-09 15:11:19','2026-05-09 15:11:19'),(153,'default','updated','App\\Models\\Journal',805,'updated','App\\Models\\User',221,'{\"old\": {\"latitude\": null, \"longitude\": null, \"updated_at\": \"2026-05-09T15:11:19.000000Z\", \"attend_status\": \"Libur\", \"attendance_photo_path\": null}, \"attributes\": {\"latitude\": \"-8.2152706123983\", \"longitude\": \"114.35495138168\", \"updated_at\": \"2026-05-09T15:11:47.000000Z\", \"attend_status\": \"Hadir\", \"attendance_photo_path\": \"attendance/ccaab447-15f9-4878-9f8e-5f84a996ad4d.jpeg\"}}','[]','2026-05-09 15:11:47','2026-05-09 15:11:47'),(154,'default','updated','App\\Models\\Journal',265,'updated','App\\Models\\User',185,'{\"old\": {\"activity\": \"Non est adipisci qui magni sunt excepturi.\", \"latitude\": \"-7.349133\", \"longitude\": \"108.083067\", \"photo_path\": \"journals/5d205a3e-7d61-4143-9ead-00d3c8501458.png\", \"updated_at\": \"2026-04-24T15:17:55.000000Z\", \"attend_status\": \"Sakit\", \"attendance_photo_path\": \"attendance/4d4a219b-8185-4c68-a838-96d0581af00c.png\"}, \"attributes\": {\"activity\": \"Libur / Tanggal Merah\", \"latitude\": null, \"longitude\": null, \"photo_path\": null, \"updated_at\": \"2026-05-09T15:18:31.000000Z\", \"attend_status\": \"Libur\", \"attendance_photo_path\": null}}','[]','2026-05-09 15:18:32','2026-05-09 15:18:32'),(155,'default','updated','App\\Models\\Journal',265,'updated','App\\Models\\User',185,'{\"old\": {\"activity\": \"Libur / Tanggal Merah\", \"latitude\": null, \"longitude\": null, \"photo_path\": null, \"updated_at\": \"2026-05-09T15:18:31.000000Z\", \"attend_status\": \"Libur\", \"attendance_photo_path\": null}, \"attributes\": {\"activity\": \"Jalan Jalan\", \"latitude\": \"-8.2368791568253\", \"longitude\": \"114.35046941042\", \"photo_path\": \"journal_photos/mUJqPD4txAAZfyCR55Muq49iI4t715a8zsWcPm5O.jpg\", \"updated_at\": \"2026-05-09T15:20:19.000000Z\", \"attend_status\": \"Hadir\", \"attendance_photo_path\": \"attendance/3e8c687a-0dd5-4ca0-ba98-313645151ab3.jpeg\"}}','[]','2026-05-09 15:20:19','2026-05-09 15:20:19'),(156,'default','updated','App\\Models\\Journal',265,'updated','App\\Models\\User',185,'{\"old\": {\"updated_at\": \"2026-05-09T15:20:19.000000Z\", \"attend_status\": \"Hadir\"}, \"attributes\": {\"updated_at\": \"2026-05-09T15:20:54.000000Z\", \"attend_status\": \"Sakit\"}}','[]','2026-05-09 15:20:54','2026-05-09 15:20:54'),(157,'default','updated','App\\Models\\Journal',265,'updated','App\\Models\\User',185,'{\"old\": {\"activity\": \"Jalan Jalan\", \"updated_at\": \"2026-05-09T15:20:54.000000Z\", \"attend_status\": \"Sakit\"}, \"attributes\": {\"activity\": \"Makan makan\", \"updated_at\": \"2026-05-09T15:21:10.000000Z\", \"attend_status\": \"Izin\"}}','[]','2026-05-09 15:21:10','2026-05-09 15:21:10'),(158,'default','updated','App\\Models\\Journal',265,'updated','App\\Models\\User',185,'{\"old\": {\"activity\": \"Makan makan\", \"latitude\": \"-8.2368791568253\", \"longitude\": \"114.35046941042\", \"photo_path\": \"journal_photos/mUJqPD4txAAZfyCR55Muq49iI4t715a8zsWcPm5O.jpg\", \"updated_at\": \"2026-05-09T15:21:10.000000Z\", \"attend_status\": \"Izin\", \"attendance_photo_path\": \"attendance/3e8c687a-0dd5-4ca0-ba98-313645151ab3.jpeg\"}, \"attributes\": {\"activity\": \"Libur / Tanggal Merah\", \"latitude\": null, \"longitude\": null, \"photo_path\": null, \"updated_at\": \"2026-05-09T15:28:45.000000Z\", \"attend_status\": \"Libur\", \"attendance_photo_path\": null}}','[]','2026-05-09 15:28:45','2026-05-09 15:28:45'),(159,'default','updated','App\\Models\\Journal',265,'updated','App\\Models\\User',185,'{\"old\": {\"activity\": \"Libur / Tanggal Merah\", \"latitude\": null, \"longitude\": null, \"photo_path\": null, \"updated_at\": \"2026-05-09T15:28:45.000000Z\", \"attend_status\": \"Libur\", \"attendance_photo_path\": null}, \"attributes\": {\"activity\": \"jalan jalan\", \"latitude\": \"-8.2368791568253\", \"longitude\": \"114.35046941042\", \"photo_path\": \"journal_photos/5uo7G92r64mlXQZL00Ybo4B1LZ1POq8fVyqTifdy.jpg\", \"updated_at\": \"2026-05-09T15:29:52.000000Z\", \"attend_status\": \"Hadir\", \"attendance_photo_path\": \"attendance/df232f31-ab20-4224-9f27-e3ec3abf7300.jpeg\"}}','[]','2026-05-09 15:29:52','2026-05-09 15:29:52'),(160,'default','updated','App\\Models\\Journal',265,'updated','App\\Models\\User',185,'{\"old\": {\"updated_at\": \"2026-05-09T15:29:52.000000Z\", \"attend_status\": \"Hadir\", \"attendance_photo_path\": \"attendance/df232f31-ab20-4224-9f27-e3ec3abf7300.jpeg\"}, \"attributes\": {\"updated_at\": \"2026-05-09T15:30:06.000000Z\", \"attend_status\": \"Sakit\", \"attendance_photo_path\": null}}','[]','2026-05-09 15:30:06','2026-05-09 15:30:06'),(161,'default','updated','App\\Models\\Journal',265,'updated','App\\Models\\User',185,'{\"old\": {\"updated_at\": \"2026-05-09T15:30:06.000000Z\", \"attend_status\": \"Sakit\", \"attendance_photo_path\": null}, \"attributes\": {\"updated_at\": \"2026-05-09T15:30:29.000000Z\", \"attend_status\": \"Hadir\", \"attendance_photo_path\": \"attendance/2cfb2b35-2913-4382-9ef8-6b7d8d43c526.jpeg\"}}','[]','2026-05-09 15:30:29','2026-05-09 15:30:29'),(162,'default','updated','App\\Models\\Student',29,'updated','App\\Models\\User',185,'{\"old\": {\"updated_at\": \"2026-04-27T17:22:45.000000Z\", \"father_name\": \"Supriyadi\"}, \"attributes\": {\"updated_at\": \"2026-05-09T15:37:53.000000Z\", \"father_name\": \"\"}}','[]','2026-05-09 15:37:53','2026-05-09 15:37:53'),(163,'default','created','App\\Models\\Journal',806,'created','App\\Models\\User',185,'{\"attributes\": {\"id\": 806, \"date\": \"2026-05-09\", \"time\": \"22:40:54\", \"activity\": \"\", \"is_valid\": 1, \"latitude\": \"-8.2368791568253\", \"longitude\": \"114.35046941042\", \"created_at\": \"2026-05-09T15:40:54.000000Z\", \"photo_path\": null, \"updated_at\": \"2026-05-09T15:40:54.000000Z\", \"attend_status\": \"Hadir\", \"revision_note\": null, \"pkl_placement_id\": 12, \"attendance_photo_path\": \"attendance/b940a744-16fe-4ac5-88c6-e490f4d04c39.jpeg\"}}','[]','2026-05-09 15:40:54','2026-05-09 15:40:54'),(164,'default','updated','App\\Models\\Journal',806,'updated','App\\Models\\User',185,'{\"old\": {\"activity\": \"\", \"photo_path\": null, \"updated_at\": \"2026-05-09T15:40:54.000000Z\"}, \"attributes\": {\"activity\": \"panen cabe\", \"photo_path\": \"journal_photos/7TfRdJVATxBAbbQwfdyAXDMlpeJEDNugBF8qerX3.webp\", \"updated_at\": \"2026-05-09T15:41:15.000000Z\"}}','[]','2026-05-09 15:41:15','2026-05-09 15:41:15'),(165,'default','updated','App\\Models\\Student',29,'updated','App\\Models\\User',185,'{\"old\": {\"updated_at\": \"2026-05-09T15:37:53.000000Z\", \"father_name\": \"\"}, \"attributes\": {\"updated_at\": \"2026-05-09T15:42:04.000000Z\", \"father_name\": \"Supriyadi\"}}','[]','2026-05-09 15:42:04','2026-05-09 15:42:04'),(166,'default','updated','App\\Models\\Student',29,'updated','App\\Models\\User',185,'{\"old\": {\"updated_at\": \"2026-05-09T15:42:04.000000Z\", \"father_name\": \"Supriyadi\"}, \"attributes\": {\"updated_at\": \"2026-05-09T15:44:17.000000Z\", \"father_name\": \"\"}}','[]','2026-05-09 15:44:17','2026-05-09 15:44:17'),(167,'default','updated','App\\Models\\Student',29,'updated','App\\Models\\User',185,'{\"old\": {\"updated_at\": \"2026-05-09T15:44:17.000000Z\", \"mother_name\": \"Supriyani\"}, \"attributes\": {\"updated_at\": \"2026-05-09T15:44:44.000000Z\", \"mother_name\": \"\"}}','[]','2026-05-09 15:44:44','2026-05-09 15:44:44'),(168,'default','updated','App\\Models\\Student',29,'updated','App\\Models\\User',185,'{\"old\": {\"updated_at\": \"2026-05-09T15:44:44.000000Z\", \"mother_name\": \"\"}, \"attributes\": {\"updated_at\": \"2026-05-09T15:48:47.000000Z\", \"mother_name\": \"Supriyanti\"}}','[]','2026-05-09 15:48:47','2026-05-09 15:48:47'),(169,'default','updated','App\\Models\\Student',62,'updated','App\\Models\\User',1,'{\"old\": {\"is_active\": 1, \"updated_at\": \"2026-05-09T09:27:16.000000Z\"}, \"attributes\": {\"is_active\": 0, \"updated_at\": \"2026-05-09T16:56:52.000000Z\"}}','[]','2026-05-09 16:56:52','2026-05-09 16:56:52'),(170,'default','updated','App\\Models\\Student',62,'updated','App\\Models\\User',1,'{\"old\": {\"is_active\": 0, \"updated_at\": \"2026-05-09T16:56:52.000000Z\"}, \"attributes\": {\"is_active\": 1, \"updated_at\": \"2026-05-09T17:12:37.000000Z\"}}','[]','2026-05-09 17:12:37','2026-05-09 17:12:37'),(171,'default','updated','App\\Models\\Student',62,'updated','App\\Models\\User',1,'{\"old\": {\"is_active\": 1, \"updated_at\": \"2026-05-09T17:12:37.000000Z\"}, \"attributes\": {\"is_active\": 0, \"updated_at\": \"2026-05-09T17:14:59.000000Z\"}}','[]','2026-05-09 17:14:59','2026-05-09 17:14:59'),(172,'default','updated','App\\Models\\Student',62,'updated','App\\Models\\User',1,'{\"old\": {\"is_active\": 0, \"updated_at\": \"2026-05-09T17:14:59.000000Z\"}, \"attributes\": {\"is_active\": 1, \"updated_at\": \"2026-05-09T17:17:11.000000Z\"}}','[]','2026-05-09 17:17:11','2026-05-09 17:17:11'),(173,'default','created','App\\Models\\Journal',807,'created','App\\Models\\User',221,'{\"attributes\": {\"id\": 807, \"date\": \"2026-05-10\", \"time\": \"09:07:09\", \"activity\": \"\", \"is_valid\": 1, \"latitude\": \"-8.2152706123983\", \"longitude\": \"114.35495138168\", \"created_at\": \"2026-05-10T02:07:09.000000Z\", \"photo_path\": null, \"updated_at\": \"2026-05-10T02:07:09.000000Z\", \"attend_status\": \"Hadir\", \"revision_note\": null, \"pkl_placement_id\": 20, \"attendance_photo_path\": \"attendance/395b978b-9bff-4e24-baab-2f2dd27afd38.jpeg\"}}','[]','2026-05-10 02:07:09','2026-05-10 02:07:09'),(174,'default','updated','App\\Models\\Journal',807,'updated','App\\Models\\User',221,'{\"old\": {\"activity\": \"\", \"photo_path\": null, \"updated_at\": \"2026-05-10T02:07:09.000000Z\"}, \"attributes\": {\"activity\": \"cuci mobil\", \"photo_path\": \"journal_photos/m6clrzx51yJhmVOxNleNBIVOM34mPc5THt7boWf0.jpg\", \"updated_at\": \"2026-05-10T02:07:23.000000Z\"}}','[]','2026-05-10 02:07:23','2026-05-10 02:07:23'),(175,'default','updated','App\\Models\\Journal',807,'updated','App\\Models\\User',221,'{\"old\": {\"activity\": \"cuci mobil\", \"latitude\": \"-8.2152706123983\", \"longitude\": \"114.35495138168\", \"photo_path\": \"journal_photos/m6clrzx51yJhmVOxNleNBIVOM34mPc5THt7boWf0.jpg\", \"updated_at\": \"2026-05-10T02:07:23.000000Z\", \"attend_status\": \"Hadir\", \"attendance_photo_path\": \"attendance/395b978b-9bff-4e24-baab-2f2dd27afd38.jpeg\"}, \"attributes\": {\"activity\": \"Libur / Tanggal Merah\", \"latitude\": null, \"longitude\": null, \"photo_path\": null, \"updated_at\": \"2026-05-10T02:44:21.000000Z\", \"attend_status\": \"Libur\", \"attendance_photo_path\": null}}','[]','2026-05-10 02:44:21','2026-05-10 02:44:21'),(176,'default','updated','App\\Models\\Journal',807,'updated','App\\Models\\User',221,'{\"old\": {\"activity\": \"Libur / Tanggal Merah\", \"latitude\": null, \"longitude\": null, \"photo_path\": null, \"updated_at\": \"2026-05-10T02:44:21.000000Z\", \"attend_status\": \"Libur\", \"attendance_photo_path\": null}, \"attributes\": {\"activity\": \"Cuci Mobil\", \"latitude\": \"-8.2152706123983\", \"longitude\": \"114.35495138168\", \"photo_path\": \"journals/fc0d2fb8-0565-4949-b75f-935930ed2ece.jpeg\", \"updated_at\": \"2026-05-10T02:45:00.000000Z\", \"attend_status\": \"Hadir\", \"attendance_photo_path\": \"journals/attendance/7fee6a71-6035-4775-941c-7d78a57e9248.jpeg\"}}','[]','2026-05-10 02:45:00','2026-05-10 02:45:00'),(177,'default','created','App\\Models\\Announcement',3,'created','App\\Models\\User',1,'{\"attributes\": {\"id\": 3, \"title\": \"Jadwal Monitoring 1 \", \"content\": \"<p>Jadwal Monitoring dilakukan pada tanggal 1 s.d. 20 per bulannya.</p>\", \"is_active\": 1, \"created_at\": \"2026-05-10T03:05:11.000000Z\", \"updated_at\": \"2026-05-10T03:05:11.000000Z\", \"target_audience\": \"Guru\"}}','[]','2026-05-10 03:05:11','2026-05-10 03:05:11'),(178,'default','updated','App\\Models\\Teacher',22,'updated','App\\Models\\User',135,'{\"old\": {\"updated_at\": \"2026-04-27T17:27:02.000000Z\", \"signature_path\": \"data:image/png;base64,iVBORw0KGgoAAAANSUhEUgAAAlQAAACXCAYAAADTe8UaAAAQAElEQVR4AezdT4hvdf3H8XN+/dNwcQ0FBa250KKohXcTWknjzohAIUEX0txoUYviBoa1iMZalGjorlU0rhQyrpvIXSMKSQkGCdqqKQOFJC9kWWn0m8cZ3+O5X+fvd2bOnO93XuJ7Pp/zOZ8/78/zc+b7ft3POd8z//e//BcCIRACIRACIRACIXAgAv/X5L8QCIEQCIEQGD2BOBgC4yYQQTXu9Yl3IRACIRACIRACM0AggmoGFikuhsAQBDJGCIRACITA9AQiqKZnl5YhEAIhEAIhEAIh0BGIoOowDPEjY4RACIRACIRACMwrgQiqeV3ZzCsEQiAEQiAEpiGQNlMRiKCaClsahUAIhEAIhEAIhMDbBCKo3maRXAiEQAgMQSBjhEAIzCGBCKo5XNRMKQRCIARCIARCYFgCEVTD8s5oQxDIGCEQAiEQAiEwMIEIqoGBZ7gQCIEQCIEQCIH5IzCNoJo/CplRCIRACIRACIRACByAQATVAeClaQiEQAiEwJgJxLcQGI5ABNVwrDNSCIRACIRACITAnBKIoJrThc20QmAIAhkjBEIgBEJgg0AE1QaH/AyBEAiBEAiBEAiBqQlEUE2NboiGGSMEQiAEQiAEQmAWCERQzcIqxccQCIEQCIEQGDOB+NZEUOUiCIEQCIEQCIEQCIEDEoigOiDANA+BEAiBAQhkiBAIgZETiKAa+QLFvRAIgRAIgRAIgfETiKAa/xrFwyEIZIwQCIEQCIEQOACBCKoDwEvTEAiBEAiBEAiBEEBgKEFlrFgIhEAIhEAIhEAIzCWBCKq5XNZMKgRCIARCYDoCaRUC0xGIoJqOW1qFQAiEQAiEQAiEwCaBCKpNFMmEQAgMQSBjhEAIhMA8EoigmsdVzZxCIARCIARCIAQGJRBBNSjuIQbLGCEQAiEQAiEQAkMTiKAamnjGC4EQCIEQCIEQaJo5YxBBNWcLmumEQAiEQAiEQAgMTyCCanjmGTEEQiAEhiCQMUIgBAYkEEE1IOwMFQIhEAIhEAIhMJ8EIqjmc10zqyEIZIwQCIEQCIEQeItABNVbIJKEQAiEQAiEQAiEwLQExiyopp1T2oVACIRACIRACITAoAQiqAbFncFCIARCIATmj0BmFAJNE0GVqyAEQiAEQiAEQiAEDkggguqAAGex+dmzZ5t77rmnWVtbO1L3hxrnSCeRzkdBIE6EQAiEwNgJRFCNfYUO2T9CamVlpVleXm4eeuihQ+797e6GGuftEZMLgRAIgRAIgeMjEEF1fOyPZeTV1dXNcd/eodosOrTMUOMcmsPpKARCIARCIAQOQCCC6gDw0nR7AgsLC5snj1K4bQ6STAgcI4Hc3j5G+Bn6ZBEY8WwjqEa8OLPsWkTULK9efN8rAbe227ZthriNvlefUi8EQuB4CERQHQ/3uR/1hRdemPs5ZoInl4Bb2jfddFP3LOKcUch0QiAEpiQQQTUluFltNsTOkX+1v/zyy5uIBJ/Ng31m+Hvrrbd230oUwE6fPt20bduZ/OWXX96cOXOmcY6dXj/P5M+ePdscZOx9uprqJ4SA6/umdTE1eW0tLi423/3ud08IhUwzBEJgkkAE1SSRHB+YwOOPP/6OPp566ql3lO1UQEgRRMTRY4891iwvLzcCmPJqJ3/hwoXmd7/7XXeuziuXX1lZ6YSWPgTB1dXVanp8aUaeWQKuJ9fS8vLyRXPwvOCvfvWrhl10IgchEAInikAE1TEvt+BfxhX5Bx98sBMIjmfRnn766Xe4/cwzz7yjbKsCwkfQYisrK1tV2XfZ2tpaJ8jsKuj3xhtvbB555JF995MGJ5OAa+WGG25oCHzXUp8CcfXHP/6xWVxc7BcnHwIhcAIJzJugmoklJBoE97ZtGwG+rG03jr/xjW90OyvXXnttd94HOXGxurp6qPPzL+tD7XC9s8mAs17U/X/q1Kku3e6HdpgsLy9f9MLRa665pvnIRz7SLC0tNT/96U+7XYD//e9/jSD28MMPN7fcckt3bnm9HVNHurS0tGWQW1sXV3bL7rjjjo6x4+18SnkIuJ3sWtnqHwl2pHKLL9dICIRAEYigKhIDpcSRgL8XcfSXv/ylExcrKyvdv44JDuJLH8pWV1cP5PXaurg4UAdbNJ7mZaHmYV7S6nJ5XSAJWC+++GLz/PPPd2KqL5IWFhaa22+/vTl//nx3TmBj6kgJK+0JL3nl1XelxjMunkfBosZJOnsEXBt+39xOnvTetefaWlxcnDyV4xDYB4FUnTcCEVQDr6gP44MMKfATU0SAD/wSBALAQfo9rLaE0F77Mhc7AOZRbfARrIiiwwhY+iOmiKra2br77rsb5TUmnsWRT1We9GQSqB3krX6n7Ji6Pg/j2jyZdDPrEJhfAhFUA6/tF7/4xYboKBPomaA/zYc0AUAQECVE1lZBYKgpetZku7H6AkYd/hIx/R0ATOwoTcNBn3sxfvzwhz/sbhni7rja4cgnKa5VnnQ2CUzjtevSdbhV26uuuqqxY9q/Zraql7IQCIGTSSCCauB192Fs96WMkGKCu3/5EhQPPPBAdxtrv8KCEBAQiAL/yh54as0f/vCHPQ3JxxJ+eJw7d64TOJjsqYNDqoQ73lJ+VLeEKYZ4RlgVlflP+9fl5Gz9br700kuTxTkOgRAIgU0CEVSbKMaREdgJDEHeh3jdpiK4lO1FZBEBy8vL3QPtOwmrtbW1A0x6uqaEFNOajwQNAWneyo7DsMUa374fhJUgG2F1HKsy3Jh+D6xzXZf9kV0Pro29/N712yUfAiFw8ghEUM3AmvtQF+wr8BMhPuQdK99uCgIF0WK3xTcHfbttu7qHUb5VQKp+KyCVwOPX0DtS5ctWKcZ4Mkwdq4chYcV2mp+6sdkksN3aumb9rklnc2bxOgRCoCMw0I8IqoFAH+Ywgr0PeYGfANhtF4so8G6rz3/+882FCxcO05WL+tpNcDjPNPIsmXRshiumTL7847ddDIZnlSedbQLW09pOzsI/WNhkeY5DIARCYDsCEVTbkZmxciKrBJZA4F/WRIGy66+/vpsNMcW6g/UfhykMdurr1KlT66M13Z+PkbE7xV/5sRoxhSOTLz8FXzt+dtp2mnPVTzpeAl7waj37HlprvzvSfnnyOxLIyRAIgXUCEVTrEObxf4KFmCKqfv3rX3cPfRMy/bl6z9VhCYOdxMXHP/7xxnnB693vfvdM/b0zgZWoYpgWPyy3292oOknHS8Btvslb4NaY9dd5vDOIZyEQAmMjEEE1thU5In8ECc8seY9ODfHmm282JQwEmJWVlTq17/SJJ57Ytg0RVSc//elPV3amUsLKzgWBiiXniUSi6p577ukEo7IjsXR6qAQmr3XrSUhZ40MdKJ2FQAicKAIRVCdquZvGrtTklAkDYkqgcTtLurq6OlntQMfG0EGl8rNodv0IK6lAbA7Ly8vdm+xnfW7mMu9G/LrWa55uh1vPiKkikjQEQmBaAhFUTTMtu7lo9+STT3a7VBVQiAIBx87LfsTVpAC75JJLLuJTO1glQi46OYMHdqpYzcf88RKwZ3A6J8Jl/1Agfmuyrnm3w+t4TKnfwzK/j66r97znPc3VV189JjfjSwiEQI9ABFUPxrxnfUBPztEtQLcC3fLwL3UBR6BRT30f5iWufKgrc65vygiKfpm3SveP1XFcfcvPuplLMSthhd92nGZ9vn3/rad5fvazn52J252uYddyzcHauebreAwpnvxs240/kk6gsxKCbtGzMfgaH46LQMYdM4EIqjGvziH7ttXtvv4QREFfXNmBEXjUEUCJhfqAnxRQ6vStvtlXZdrLaydwCBKCxw033NBIHQt4zjN1Z8Uw67PCyXxqzrMyj938tC7Wrm03Ar55Pv74482tt946alHl+uJ7zc81PRYxtba21n37tW3bbqd4dXW1c9PvooyUv/Lsvvvuk8RCIARGSCCCaoSLclQu2Y3aa98+yD0nJPDYhekLBsJHkCKu5CsIVN/aTgqqp59+ujut7vLyclPtlCtzfPbs2U5c3XTTTd1b3vUvr5wJ5uqp33U2oh+CHlbmZv585Lt0RG7u2xXMsW/btlsb85vsxN9jVIc4mDx33MeTa1DrtJ1fQ5VjhZlrvJhKXUP1XrlK651tfF9aWhrKxYwTAiGwTwIRVPsENsvVBfpJ/32wT5ZNHmvng9yHPXHlg18dbQWFr33taw43bXFxcTMv88ILLzT/+te/ZPds+mYECRHFjGs8QbJtN3ZJHDu3546PuGLtVmHGf76Oyb+9TJ/fhFTbtg3m2/nf//amdXrooYf20v0gdcwBe37VgHUN1/FxpOUXIYWr6wRj4sm1M/m7w0drIS1hJR8LgRAYH4EIqvGtyZF65AO8P4AP+P7xbnntffATVnat7ES99tprFzUTKPqB7OWXX37rfNMIatoJItIvfOELzXXXXdcsLCxs1tlrhu/GIqoEKOZP7Bjbub32c9j1BEV8zFXf/BMUj9MnfuzF+Imj9dmqvnVyztq98cYbDZGtTF3cpcdt/DAHaflSPtfxUKk1d43ieumll3Y7r/zCjE+uE79P2/mjrj6cd11JYyEQAuMkEEE1znUZvVcCAsHw6quvNv1bicTRTh/8bg/96U9/aj7zmc802v/sZz9rnn322e7Fo4KLQM2c0w9bWFjYlYegw/yJHTsTAmrbbuxiySsjbJjgJsitrq42q+umHdt1kH1WMA/G/+X125xjfoDb/DHi5+Q0y3/iyRoRANZHvcXFxabyxVL5cZl1NY/++Pzmc79stzwe+pLuVrd/Xn0cXGP8cO255nC1S1uvaSiO/baTef3oQznOCwsLsrEQCIEhCEwxRgTVFNBmucnkhzJxc9D59B92P3/+fLdrYeep+u3fGiKoBBeBom03BI+8oCOAaMNHtzeIEcFQ8HFLhMmXOaeOgC7gaDtpAhzT98rKSrOybsY3nnGZoMfa9m1/lKvDtGGrq6uNvibH2Ol4aWmp43Hq1KnGrU/96menNkOf44/5S/tjWwd88SZIFtfFU/985YnjyvevhSobKsXWetV4/HeNbOe3etbTvL/85S93D4fro203rgN9OVZvJ9NHX0Bps7wuoPXLB3kcXb9e06Bsp/6c01Y/8gx/aSwEQmC8BCKoxrs2R+LZXj7M9zOwYFL19c0cX3bZZZLOPvWpT3WpHx/84AcbYquCnPaCB8EigDGBhAnybpN4945yQUt9YzB9ECyClcApYAn+8soEMqaOuowPO5n++cP4xIzNyqe23Qi4/FPmHOOf+toyfRmLr3by+KJMG/WcO27jM38m/eArlthNnps87gvmn//855OnBzk2B8xrMGvNfynmeJsrU9fate3GOjr+yU9+0phzvw99aSudNOX60g+rttYaM8d1PRJDyib72O6YD3yq865n86jjOUkzjRCYOwIRVHO3pMNOSGCpEfsf+h/72MequHnf+963mf/zn//c+Nt+gkQFHOKHCTr6YAKTI+7gEQAAEABJREFUVLD2DJaAKEgJNG37diAkZJwThAxS7fQlkDF9G4/VmIItU+Y804YZl+lLn1uZeTPjGp/xjz98ZAJt2274Kq++W6JXXHFF92b1G2+8sXnkkUf2veu1lT/7LeMLocrnfltzxgi3fvlOeX9OqN47Zgdyp7pHcQ5r61B9P/DAA431U962G/yti7kydc2/6m+V4sBcF3Vem0kRpUw9/bqWXFPa7Idf9S/lG7/lmT7NRT4WAiEwbgIRVONen0P3zq20w+y0/82ufhD5xz/+sTnMJz/5yc28jOAjMMkLRkQME4gEECYwSf/+9793z1fJa1fBRSATfAgZwVIQIlqYY/0TK8aYNGOW6c/YzPjMWIwPxIWUKXOeqc+0r74mx6ljvjK+EhyvvPJKd8of573jjju6B5XbdiPwmwerOWjDzFUfXcO9/Nihjn6MQaj2q5mPefbL9pr/yle+0lU9TD+7Dnf4gZ/1Nma/mi8muFYmy6tOrZe1M2c7prfccku3Q2WNa83l1XUtte3G+ugXP+XyeDHXvv5qjGlS/lqXaus6O2if1VfSEAiBoycQQXX0jEc1wuQH9HPPPXcg/wQBHSwtLTWCjPykfehDH9o8V7cCBSOiQXCarD95rN/FxcVG0BLkKuAJOMZ1Tht9MQJE/8SKXRhB11jKy1/192rGZ8YxHjM244+AysovZc4xfqjPtNfPduPynX+Mr9rymwm05tG2G4FdXplzTH2mLdtpDO2MVXU831U+V9l+0/5zVH2Rvd9++MXMwXyIGWaO/Dbvtm0bO5d2+NTdagycGe7nzp3rnmMzx1oj6+XYGvlihGf/XF/a1HjGMqZ1MIZz8tVH1XfuoOYZLmNVP/ziex0nDYEQGD+BCKrp1mimWwmgNYHaLanj/aQCXgW0fkDVBxElZR58Jybk3e4TmOS1F0QET8f7MX0IOAKPwFhBzrFy36bSn10YPhqrgnLbbogSYytjguj999/f8EVdJs+0r1Rev31TxuyISZ3jH8PFriATgPnH34cffrhhn/jEJ1Tv7Oabb+6eL7Njwn/fnmTdyd4PYzA+8ZOZAzMn1rZt07Ztc+2113bmjfSL66KUSNC2uvvABz7QfO973+sEr/LtzFhsq/P6MlcmT3TYPVKf4cpHjBk/GT9Z22742rYb68JH5eroi2mvL+Mb47///a+kM7dR1Sm2xFKZsroFaP5dgy1+8KvEt76MZz6uJcd1fVnDLZofqMg8PcNVnRiT1XHSEAiB2SAQQTUb63SoXgoU1aGvcld+v+kTTzyx2WQyABBRmyfXMzWmN6MTFOorEyAreMqvV536f/3pVxD1bSpBVV5AnAymxhKgBU6mzje/+c3ubeACHOMXqwAvZW37tgBo27dFgB0x9fdi6rLf/OY3m/P1Z1weffTRhuHkG3OsKrzrXe+q7J5T7Zn++utVHfztb39rvv71r3e3Hc1tO6s5bXW+bTcYYFr92j2qNrjiiTHDm+HPqs1Oaa2t9e3Xcy157Qah45x1VrdfZ7s8f++5555OePKL+CZg5fVb14++t+vjoOU4sOqH/67ZOk4aAgcnkB6GIhBBNRTpEY3jeZFy55JLLqnsvtMKBALZbo3t1FQdQVTQYBX89CVY2+WpegdN9c03AbECZAVJYzsngB10nKHa93dlhhpziHGsk3VgxAyzPtbMzhCTJ4BcJ3xy61iZNo73avogolxrzFjaSl0bL774Yndreb/96mO/5veA0Kx2xjSnOk4aAiEwWwQiqGZrvQ7F2/7tOB/q03RagU1bt7OkO5lgIXCqUzslygQxwUyAdO7b3/529z4g+cM24zNCivWDNj+efPLJpsqkfeNjmbaV76du4elHUJzG7I6Y83vf+96GL/oiJiZTZWV1zrE8qzwfzFeffXM7Ub3tzNjMfPwxXuY5JLci3ZYsP/t97pS/8sorG99sdGtOH6zYlg98ZcQvw9j1od8SQHWtYu7LCnVend1M2+pHe8IKG3m8jOl4t362Oj9NGX/s4FVbczH/Ok4aAiEwewQiqGZvzQ7s8WTgEFz226ngpI1AwOR3s6o3OZ5g9vvf/75r7hyxVv13hQP8wMTX/yuQS/vGxzJioPL99Pbbb++eRTLPaYyAMdX//Oc/zZ133inbGd9kKpUv65fJM+c8GC5g4+m4jO9uh6q3neHAzOeuu+5qmOeQPLz9y1/+srGLQ4SwviDSN/FV4tjuJ/H117/+tfGsnm84up3J7Mwwu0Rtu3HLUJ7Pyplnrz760Y82RA//+Ut0YO54NzN311Hbtt2tXP3oQ1p+77Wv3cbaz3l+mWe14RN2dZw0BEJgNglEUM3muh2r14KUoMCJvexOqcfqtp9/nVd75UxQEeTknRP0jNM0Sk6GETF9Bv2gux8C2uHXb0PgESNEYr/8oHnrxvSvb+LLDpR+PZ/3/e9/vynhZXzCgfFPfe2YNWeuDYKaefbK2+X1xTzj5Lkz8yO4mGtEXe3U0Yeytt0QacZRbgzj4ktE8Vn50MZPwrE/Lr+Oy5++H8mHQAgcjEAE1cH4zWTryQ9vQWivE1G3gpQ2gqJ00vq3Fetcf1yBpcordV7Aq2PjCI51fBJSDARYc8V6Mvgq38mIjEm2+iNmiIqd2h7Wub7ItlOmX/MyvuuFETXlF99KdLnV6NagNsw3Ut1m1NarEogq8yOimGvEnImstr1YRNkp0844xuMDpvo9DnMt87PG5o+587HKkoZACMwugf+bXdfn03Mf+A8++GBTQUO6la2trU0NwAf5tI2/+tWvbjYVqDYPJjL9b/lduHChO7u4uNjdEnNQz1HJ941vJ11ULS0tNYQCLtZ5r6KKsFhZWdGss8XFxe79S/rrCgb6YVzraLjV1b39/UPzJL58O9CtQW2Xl5cbf7LHbUbCw3NTJbxcI24v2tVTt4zoqvxrr73WGB8XQoZhWebYOYYbU7/aH2ZqLPOpPvHx+7O4vkZVljQEQmC2CWSHauD1q3+l+hD3IVvmQ75tN/6F7U3PyifrKCvr11d25syZ5rbbbuse6NbOOP1Uvm/+5V9T/853vtO104YJLFsZoeer/doZb6dg8Prrr6vWmUDYZdZ/VBsBtGy9uJGvVLCxU+H5G2UCESaCnXp8k5c6P49mR8W8zc2cT58+Lbuted6ozwNnIkS6baMjPMH/6p5QqvxWqWvO/Gq+1p/v/T6qHRb6U98tQe+7Ul9bIuuNN97Y8hYjUYkF0werawi3+t3wu9S2G7+HxnDsHB/V00bb8me3VF19aFd1+WB+0ipLuicCqRQCoyYQQTXg8vhg9sHvw7U+nOWZD95pXNFOe/+q97Cv/vU9mSrrW+0aGVNQUr+Mn1sZUaM+8+4fAadtN4LPpZde2ngxYttuHN97772qdealhW278e4mPijks/asbTfavOc97+neh9S2bWOnwvuT1GXEnMCkPt/kpQKd8/NoBIU1MTfrbL7yk4YBcVHl2gjYdXwcKQFD6Bi71ly+b/y2nvxVrr48YTQpNsx/q/p2edTHSnv9MHl98IOphwnr73I5ds646mmjrfGY65T/zuPvuuNz225cs/LK+aae+trxwStAnFfmmOnHmMZwHAuBEJgfAhFUA67lvH6ICiButXi+xRwdT4P1zTffnKbZXLchFARhkxSwBXR5hrPjOq/MNwW1kd+3HXID4kSX/CQu5BnxQWjw2zll8iWMHDPn1L388ss7oa2O60uqLiOC1N2v6YfxUR+YEVbEjn77oks5U49poy3/mHXhE2FlPcyNzx6gL7/sCN99992NL2ZoU+VJQyAE5odABNWAa+lhXR+89aHsg7nMB/R+XdGGea+Ql3X6dlX1X6mx5PumTLsaz0PA/fOVF0SYZ1WqrtTtuAo6Ag9zW09a5fpQl+nDuTLjK2fqVRvpVmY8dcu016fgJxBW+bym5oiT+dntIDKYwO1YufXEw6sOHI/BXO/lh91NvrZt25hLiQp514U5KjMvwqRtN3aAnLebetVVV3XtXB/qmm/1fVSpMZjrjbnmGM78KHOsXB2/g8QTn/t+ObZrW4KrdnTNlRFl+PTbJB8CITBbBCKohluv7oFswcCHrw/hvvlwFlik3vlTdaRl/fpVV33vFTp//nzjPUHVf6XayvetymrqAkD/fOUFCPaLX/yiqnZBzYPAAs1m4T4zxq/2AmY1V7aVGc88q57g46F3YrTK5j0lTmq+mLGaszXCp85X+XGn/CHW+WH3kpiQ934q/ruGzYuIco5AVG591XMtODa3l156qXuDufKxGP+YeVoDebfdiSc+OrZj6PfWNc/UU792dM2VEVXFAAfHzDlCi9jUZywEQmC8BCKoRrY2PoTPnTvX1AevtMwHcdlB3V5YWNjswgf25sFExgd5/7wAOFFly0PttjzxVqE5vZVtPGRc+e1S/gpMdV6gFWzqeN5T8//c5z530TTdVhKk2UUnRnRQgqpcsm7PP/98d0g4MGX9a8yxtSakiHtz7xqM9IdrnRjid7no+ua/HUO/s46ZtTK32tGVV+acevpirm1GVOkbp7bd2LVzzJwjRtXDj2lbPiQNgekJpOU0BCKopqE2B20mg9R2H8Tq+aA3ZR/8juUPav1AKRBtN35/HH4IUlUmoPSfzanyeUuxEUD7D56b47///e8GE/mxWfks2Pd9s9bEgVSdOue6UmbXyrUx1nmVv5USNOZDzCgzD78nzPFuZp7ElPrElfm7xuWVYeK8evrGzFgMW+f9Hrg+GF/65hwf1dVG+918yvkQCIHpCERQTcdt5lv5cN7rJHy4+5D3wb7XNnup1+9vL7tU+uQ3f+QZkTHPQUIwFCAFQ/NlX/rSlyTNP//5z+5Pqoxt/pM+v//97+/8nfxhLQkC1xYjpCbrjPUYcwKG/+Uj0ePa7F/XdW4y3ekYF33pBxPCSr8YlTlWztRj2jC+lRFSfCSs+OtaYv3raSdfci4EQmDvBCKo9s5q7mr64K5J+QCu/FZpv+5W56cpEyyqXx/6u/lQYwga9aC8VysIFnVuXlIBT+DDpeaElYDqNRQCqXLMBEqp4+M0wbttNx467/tB+PWPzYMgMJf+NdCvM9Y8zq43a2ON+Gk+1smc5JUdlemf+R0gophrgRmf2eVi+Dp2jn/qasc3fUhjIRACh0cggurwWKanHoG9fmD7kK9me92lUt+3qSo4CGx2RZRv2Oz+FLAJJCZvJlgKiAKkvDLclMmr16+vbEjzHjMCg9DYbtwrrrhi8xR/Nw9mJMNn15h5Eo7ltjWwLoRhlY0lda34HXGt8I+wIrD469xY/IwfITAvBCKo5mUlp5iHD9tq9swzz1T2UNL+3/LzjbztOvWQe324C07E0XZ1++XaCBBVpq2AV8ezlvYDdjEwR/MSAAXEyTkpc1659kTVUAyM51UIbbvxElbH/Ohb+W+35Le//e1Fz3vtJL76fRx33rz4SkgVaz7Jb7cuzsdCIAROHoGpBNXJwzSfM/Z29d14l8wAAAxJSURBVJrZCy+8UNlDSXcSUf0BBF3/gq4ywUsQq+OdUm1nXVSZKxHUD9jmtdeATZCqi5O+5G+99VaHh24E1NmzZ5u23fi22YMPPviOMfq+9wWHcgKwGqytrTX6quOxpUStNWHb7UiZ09j8jj8hEALHRyCC6vjYH/vIH/7whzd9uPbaazfzh5Hp71D181v1LdBWcBJob7rppka6Vd3JMmJsVkXVQYRUccANP0Kqyh577LHubzPW8UFTfl555ZUNAbWysvKO7vov3SwRxa/JinZEWZWvrq42W/VX548jNVciqn8Nmsvy8nL3NwKxdnwcvmXMqQikUQgMRiCCajDU4xvosssuOzKnlpaWmqWe7TaQQLywsNBVW1vfvRDUBNyuYJcfxhHwqpq8wFjHY0vNq23ffnjbvPmMgYA9jb/a4VBt9bcfhtVOij+hg2Hbbvj5yiuvOHWRLS4udiKjXrppHhdV2OKA+K16xjGGdIuqgxUZnx9tuzFXxwbnJ38Psi76iYVACJwMAhFUJ2Odj2WWghHb6+AClyBW9e0SCOx1vFNKUBARVUdekKzjsaR8Mi/+1BvDzZv/yg5i+jDv6oMwMJYXgEod17nJ1Dm+EWHM7bh+X/36yj0X5QHnpn9iD3nry8+qatw777yzDgdNzRcX8zUng9eamJ916YtU52MhEAIhsB2BCKrtyJywcoFtDFMWpO18lC8C+/3331+HO6YCdV/ACZLa79hooJP49gO3Ob7++uuH+udUSqyYd39a/hSKXTHjExCYlJ05c2bzmSjt+Nlv28/zmcjAuV++3zyR4s8JVbvnnnuuskeemh8h1bYbu1G4GBQ78z/sNdF3LARC4GQQiKAa9zoP5p1AM9hgOwwksBFVgltV+9GPfjT1M1V2uATQ6us4UuOfPn16cw5EnzkelS8ED+HTZ1hjERCYlPW/mFB1JlNroj8+y0+en+b4Bz/4wWYzgg+jzYJDzri29W8NWHExF3lzY7gd8tDpLgRC4AQRiKA6QYs9S1MV3G6++ebO5f4f1u0KdvlhB4RoqWqCpgeq63iolHjpB3A7PEQJ/47aB2IBwyeffLK55ZZb9jScP5Ldr6gP/hIb8v1zB83boVpaWtrshsAjejYLDpgpEWVHrtZAmW7NxfVhXhg5Vh4LgRA4CIG0jaA6wddAP5jIjw3Fj3/846aCnWDoNtVefRSsBc2qf++9927uEFXZUaV8FciZvDkQdcTJ4uLiUQ27Zb+Ey/nz5xviAQ9c+MCn66+/vrnuuusawvWaa65p7BTpZGFhoVFXG3WVHYW55oylb5yWl5cbr2ZwvB/TlnglyDBv243XOuhPub6M4zjPRqERC4EQOAoCEVRHQXVG+hRkBE1B5igD57Q4+EeEVPv97mIQD+fOneua2+XajyDrGu3zh8BuDDsiFchxxZh42Gd3h1odSzwIJUz59PDDDzenTp1qHn/88caf8FGH6HBO3UN1YIvOjMcXaZ22k+gVDcWvyivF2DniCeu23RBPhBTfnVNXn0yZ+bDjXgN+HcTSNgRCYNwEIqjGvT4n3jtBkQgoEAKkYFrHu6UPPPBAU+JAsN1P29367gf3tt0I7ESfdgvruzzEAnM8JuM3MVLCj6+4HofoMDZGxi9GXtFAIPGPn8xx224wlle/WGunH+usXH/mwogo59SJhUAIhMBREoigOkq66ftQCFSgrM4Ezf0II4LMTpH227d1dmcjREqUCfasgnu11L9AzmrMOjeGFDd+EyOERvlLeByXf/zwxvf77ruvcQuy/MCbnwx35afWd9Rw5bd1JZ7ssOLt2DycVzcWAiEQAkMSiKAaknbGmpqAQCmIVgfyxEEd75YKvBVotSWEtBeoBe7t2junnvqEiFR75doQA46ZwM5PZc6NycyzbTdeFcAv/hIh/HV83IbZXXfd1Tz77LPd817Wi0Dip9Qxvq+++mojz29Cu9b0uP3P+CEQAiEwmKAK6hA4KAFBVICtfuSJnTreLRWItRG8V1dXm+Xl5YZAKqGkL0KJyStn6q2urnbda7u83k6QF+BLlPCtqzCyH3Z3rr766m6eXCNAymfHYzSM+Ukw4Sp1PEZf41MIhEAIFIEIqiKRdCYICLAETTkr7xkbIqjKdkq1JyhKXAnUAjjBpC8Cisnr0zl59fsCSpDfaZzjPleCEBsP5JuHOTD54/Yv44fAiAnEtRCYikAE1VTY0ug4CRBFRE75YBeGgCCAqmy3lJDSD4HRF1heH3DVVVd1u1fKmXrq79bncZ83fxzaduPWnmN+mwOTP24fM34IhEAIzCuBCKp5Xdk5nxeRU69EMFWiyu07IsLxfo3Y0OeLL77Y7OeP/e53nKOov7a21hBStbNmDIKTiCIYR7cjxcFYCIRACMwZgQiqOVvQkzQdr0QgHGrOhAVRsbq6WkVznRKRbumZ8/LyckM4Sd2aJA4dzzWATC4EQiAERkQggmpEi3FIrpyobggHIqI/aTtVhMba+s5Nv3we8sSi3ai2bRtzJKoIJwzsSOExD/PMHEIgBEJg1ghEUM3aisXfdxAgIggKwqJOEhqElbTKZjElCgko4qlt2+7beuZqLlLfNoyQQiMWAiEwewTmy+MIqvlazxM7G6KKuOiLKmKEECGs5GcFDl+JqGuvvbap23klDH27kJCq23qOZ2Ve8TMEQiAE5plABNU8r+4Jm5sHy+3WTIoMt8kIkxtvvLEhVsaGhU98JKL4yYgmf1/Pm8HlPVxORBGNxOPY5hB/xkkgXoVACAxHIIJqONYZaSACRAcB0t+tMvRTTz3VnDlzpvtGnOMhjWhifCCcmN2ztr3479Opw28iijj0ZnACilgc0t+MFQIhEAIhsD8CEVT745XaM0KAACFIiCsCpdy+cOFC946p06dPd7fTiJrbbrutezaJyFlZWWlW1m11dbVZXTcCp9pWXspWV1e7ut/61re6VDumnzK3G2ssqV2y5eXlzgd1q28+Lq+X85kRUcrqfNIQCIEQCIFxE4igGvf6xLsDElhaWur+9tt11113UU9ra2vd7T+i5tFHH22IJ4KGwGKEECOC2rZt2nZjJ6ltN1Llzqt77733dt+4k2f6KdPv2vpY/cG9PHRxcbFRx06aW3kRUU3+C4EQCIGZJjBqQTXTZOP8aAgsLCw0zz77bEO0EDGOh3DOOIQTUWfcEk9eHipvF8r5IXzJGCEQAiEQAkdLIILqaPmm9xERIHCIGMKKuR3IvHGdsCF8yhz3Tdv+MYHE7rvvvoYRSGX6rl0nZcYwrvYjwhFXQiAEDo9AegqBJoIqF8GJJEAglXjyxvUSPsQPc9w3Iql/TCCxu+66q2HEUpm+TyTUTDoEQiAETjCBCKoTvPiZegjMDIE4GgIhEAIjJxBBNfIFinshEAIhEAIhEALjJxBBNf41GsLDjBECIRACIRACIXAAAhFUB4CXpiEQAiEQAiEQAkMSGO9YEVTjXZt4FgIhEAIhEAIhMCMEIqhmZKHiZgiEQAgMQSBjhEAITEcggmo6bmkVAiEQAiEQAiEQApsEIqg2USQTAkMQyBghEAIhEALzSCCCah5XNXMKgRAIgRAIgRAYlMDcCapB6WWwEAiBEAiBEAiBEFgnEEG1DiH/h0AIhEAIhMDABDLcnBGIoJqzBc10QiAEQiAEQiAEhicQQTU884wYAiEwBIGMEQIhEAIDEoigGhB2hgqBEAiBEAiBEJhPAhFU87muQ8wqY4RACIRACIRACLxFIILqLRBJQiAEQiAEQiAE5pHAMHOKoBqGc0YJgRAIgRAIgRCYYwIRVHO8uJlaCIRACAxBIGOEQAg0TQRVroIQCIEQCIEQCIEQOCCBCKoDAkzzEDh6AhkhBEIgBEJg7AQiqMa+QvEvBEIgBEIgBEJg9AQiqJqmGf0qxcEQCIEQCIEQCIFRE4igGvXyxLkQCIEQCIEQ2CSQzIgJRFCNeHHiWgiEQAiEQAiEwGwQiKCajXWKlyEQAkMQyBghEAIhMCWBCKopwaVZCIRACIRACIRACBSBCKoikXQIAhkjBEIgBEIgBOaSQATVXC5rJhUCIRACIRACITA9gf23jKDaP7O0CIEQCIEQCIEQCIGLCERQXYQjByEQAiEQAkMQyBghMG8EIqjmbUUznxAIgRAIgRAIgcEJRFANjjwDhsAQBDJGCIRACITAkAQiqIaknbFCIARCIARCIATmksD/AwAA///8jkn1AAAABklEQVQDANvHwr9xxc7iAAAAAElFTkSuQmCC\"}, \"attributes\": {\"updated_at\": \"2026-05-10T05:24:05.000000Z\", \"signature_path\": \"signatures/89e80054-a6fd-41c1-8be4-9232aafe32a9.png\"}}','[]','2026-05-10 05:24:05','2026-05-10 05:24:05'),(179,'default','updated','App\\Models\\Teacher',22,'updated','App\\Models\\User',135,'{\"old\": {\"phone\": \"+6281218140844\", \"subject\": \"Produktif TKJ\", \"updated_at\": \"2026-05-10T05:24:05.000000Z\", \"signature_path\": \"signatures/89e80054-a6fd-41c1-8be4-9232aafe32a9.png\"}, \"attributes\": {\"phone\": \"+6281218140845\", \"subject\": \"Guru TKJ\", \"updated_at\": \"2026-05-10T05:25:22.000000Z\", \"signature_path\": \"signatures/07e56473-9c5f-4a04-9e8a-b82db218824c.png\"}}','[]','2026-05-10 05:25:22','2026-05-10 05:25:22'),(180,'default','updated','App\\Models\\Teacher',22,'updated','App\\Models\\User',135,'{\"old\": {\"phone\": \"+6281218140845\", \"subject\": \"Guru TKJ\", \"updated_at\": \"2026-05-10T05:25:22.000000Z\"}, \"attributes\": {\"phone\": \"+6281218140844\", \"subject\": \"Produktif TKJ\", \"updated_at\": \"2026-05-10T05:25:44.000000Z\"}}','[]','2026-05-10 05:25:44','2026-05-10 05:25:44'),(181,'default','updated','App\\Models\\Teacher',22,'updated','App\\Models\\User',1,'{\"old\": {\"updated_at\": \"2026-05-10T05:25:44.000000Z\", \"signature_path\": \"signatures/07e56473-9c5f-4a04-9e8a-b82db218824c.png\"}, \"attributes\": {\"updated_at\": \"2026-05-10T05:49:37.000000Z\", \"signature_path\": \"data:image/png;base64,iVBORw0KGgoAAAANSUhEUgAAAlQAAACYCAYAAAAiLXfPAAAeaElEQVR4Xu2dCbSWU9THTyJCZCoakCKSpIgSmTIniqSrLBLXPJRwEZYplUWGhcSS6BpSJJnHzFHmkktKpNCAMuv7/md95/3ee7u33vk8z3l/e62We2/v85y9f+fJ87/n7LN3rZX/awaDAAQgAAEIQAACEMiYQC0EVcbsuBACEIAABCAAAQhYAggqHgQIQAACEIAABCCQJQEEVZYAuRwCEIAABCAAAQggqHgGIAABCEAAAhCAQJYEEFRZAuRyCEAAAhCAAAQggKDiGYAABCAAAQhAAAJZEkBQZQmQyyEAAQhAAAIQgACCimcAAhCAAAQgAAEIZEkAQZUlQC6HAAQgAAEIQAACCCqeAQhAAAIQgAAEIJAlAQRVlgC5HAIQgAAEIAABCCCoeAYgAAEIQAACEIBAlgQQVFkC5HIIQAACEIAABCCAoOIZgAAEIAABCEAAAlkSQFBlCZDLIQABCEAAAhCAAIKKZwACEIAABCAAAQhkSQBBlSVALocABCAAAQhAAAIIKp4BCEAAAhCAAAQgkCUBBFWWALkcAhCAAAQgAAEIIKh4BiAAAQhAAAIQgECWBBBUWQLkcghAAAIQgAAEIICg4hmAAAQgAAEIQAACWRJAUGUJkMshAAEIQAACEIAAgopnAAIFJrBgwQIzdOhQU6tWLVNWVmYaNGhQYA8YDgIQgAAEck0AQZVrotwPAmsg0KdPH1NeXm4/1a9fPzNmzBiYQQACEIBAzAkgqGI+gbgfPwIlJSVm3Lhx1vGtt97azJ07N35B4DEEIAABCFQigKDigYBAgQncfffdprS0NDHq/PnzTePGjQvsBcNBAAIQgEAuCSCockmTe0EgBQLTp0837du3T3xy8uTJ5ogjjkjhSj4CAQhAAAJRJYCgiurM4FewBL766ivTokWLRHwjRowwAwcODDZeAoMABCBQDAQQVMUwy8QYKQIfffSRadu2bcKnnj17mvHjx0fKR5yBAAQgAIH0CCCo0uPFpyGQNYHXX3/ddOnSJXGf9ddf3yxfvjzr+3IDCEAAAhDwRwBB5Y89IxcpgZEjR5rzzz+/UvTPPfecOfjgg4uUCGFDAAIQiD8BBFX855AIYkZg9OjRZsCAAZW8fvzxx02PHj1iFgnuQgACEICAI4Cg4lmAQIEJTJo0yXTv3r3SqPpZt27dCuwJw0EAAhCAQK4IIKhyRZL7QCBFAk8++aQ5+uijK3164sSJq/wsxdvxMQhAAAIQiAABBFUEJgEXiovAU089ZY466ihWqIpr2quNdtGiReb66683S5cuNcOGDaOvI88EBGJMAEEV48nD9XgSqG7LjxWqeM5lNl7/9NNPZr/99jOfffZZ4jaHHHKIuf322yvVKctmDK6FAAQKRwBBVTjWjAQBS2DKlCmrVEbXNmDVVStwhUvgiy++MGqSrar5VU0i65VXXgk3eCKDQKAEEFSBTixhRZeAWs1UTUBf0ym/7777znz55ZerBFWvXr1KbWyiGzWeOQLTpk0zvXv3Nl9//XUCSu3atc2///6b+F7FX9u0aQM0CEAgRgQQVDGaLFyNF4EFCxYYrUQ4+/bbb43azujPgw8+WCmYnXfe2Wy22WZGRT9zZVtuuaVp2bJlpZf2Pvvsk/i+Tp06plOnTpWG0+e32mqrXLnAfaoQ0OrkkUceaVauXJn4G9UfGzt2rJE4Vkui77//3pxyyinm3nvvhR8EIBAjAgiqGE0WrvojMH/+fFNRUWEdWLJkidEKgrO33nrL/PXXX3aF4Y033jC1atWq9MLMlddasdhkk00q3e61117L1e0T93H+b7/99qZRo0b25xJ7u+yyi9lhhx3MAQccYCTWsPQI6Plp166d+fXXXxMXnnPOOWb48OFm3XXXtT+T0O7bt6+R2P3hhx9Wme/0RuTTEIBAIQkgqApJm7G8Epg5c6b5+OOPzeabb260xfL++++b3377LeHTjBkzzLJlyxLfZypW1lprLfPff//Z++y7775WYMn0886dO5t58+aZMWPGVGJx1VVX2XY0DRs2NDvttFNOOL366quV7qPVMq2aOav6vXyeOnWq9dP5X50jiqd///7m1ltvNXXr1s2Jr6HfRIJb/Rv1DDqrrin24sWLrYj9888/zX333WdOPvnk0NEQHwSCIYCgCmYqww9EWyDaDpHo0QtHp6P08tfLasWKFfZlpd/stVKUvAqQLzK77rqrqV+/vtltt93MxhtvbFdwtJKjpOLVmUSLhFayPfLII6ZXr175cjWj+7qVN12slTflcZWXlydEp1apdNT/xBNPTIjGjAYqgotuuOEGU1ZWlohUq1AS1U5sJyNQjTIdUjj77LPNbbfdVgR0CBECYRBAUIUxj7GMQsm5emlra0NCSSs3EkKff/65+f33373GtN5665k999zTvvD22msvuyXTunVru7qlfKctttgiY//efvvtVXKXoiioqgtQK3q33HKLXZ368ccf7UeaNm1q7rnnHqMj/9iqBCT2lZf2yy+/2L+U6P/mm29qzFXTs6CkdT1vn3zyCUghAIGYEEBQxWSi4ubmwoULjRr+ajVJW2vaytB2m0STb5NY6tChgxVLjRs3NsoV0mrLjjvuaAWTXmT5NInIvffeu9IQ48aNMyeccEI+h83pvTWvhx9+uBXEsrXXXtt8+umnlZLgczpgjG+mHKnBgwcnIjjzzDPNHXfcUWNEN998s7nwwgutUI3Cv5cYo8d1CBSUAIKqoLjDGUwn1ZRzNHfuXDNr1ix7ck2/df/888+J38R9RKscJeVHNWjQwLRq1cpuCWqFSasCTjT58Ct5TAlLbRcmW1xWqJJ9VmHKc889124Dys477zy7eoVVJiCh7k576tlU+YtmzZpVi+nhhx9OCOuRI0davhgEIBAPAgiqeMyTFy/ffPPNhFhSMrNyltQqQyKqkKatN60qKU9J+Uoyt/2mr10OUyF9ymYs5XpJ7CVb3Faokn2XYH333XfttqgKVVaNLRtWcb/2uuuuM5dffnkiDAkkCaVk0y8hjz32mP0jjsuXL7dbqjoBiEEAAvEhgKCKz1zlxFP1DHv00Udt4rbylPRy1yqOEo71R1s52mZILjKYk4GruYmE0EYbbWRr7zRp0sSss846Nm9J20f6rT7Uo/lz5swx2223XSUicVyhcgFICLiE+tLSUnPnnXfm65GJ3X21EqWVW2cSTHrmlT+oFV6tSCWfvNTnlKOn7VMMAhCIFwEEVbzmq1pvlceiLTcJJAmm9957z36tRG9tL+g33kKbq5nkxJJeLNtss41dxejYsWOh3YnUeJoX5W4lm7bNlIgcR+vZs6eZMGGCdX3AgAFm1KhRcQwj5z5rSzT58IJKTKgkRnXtZg499FBTUlJif5HYfffdc+4LN4QABPJPAEGVf8ZZj6DfYIcOHWpP/Kg+kH571TaBT3NVuJ1QkoDSyyO5ErdP/6I8tk4yapUi2caPH28kTOJmaqOjHoSu8vf9999vTjrppLiFkVN/9cuMVqLU5FgthaozldZQvp/KZ3Tt2jWn43MzCEDADwEElR/uaY2qJqou8TetCzP8sCvsqO03VcbW9pQ7/bbpppvSYyxDru6yv//+2ybJJ9sTTzxhunfvnuWdC3u5Gviqbco///yTGFjtdbR9W2wmAfXBBx+YiRMnmhdffLHa8LV6p7Yzavejf08YBCAQFgEEVQzmU1sBSlrOxJJLBOh6bSdsuOGG9lbJSd76HrGUCeHMrtG8qDips2effTZWdZyU/6PVyOTtZAkpCapiMNUS01a7/ujrqnlQYqF2Rc5UJkPFUTEIQCBcAgiqGMyt/metSss6bi+r2sBWdZSSc3Jcxe4YhFa0LqqsgyuMKQgvv/yy2X///SPPQwcW1Mg3+eSanNYWsARD8+bNIx9Dug6qb+Ps2bPtKVdVuddcVTUJZJ12POyww+wWqBhdf/31iY+p8Ompp56a7tB8HgIQiBEBBFWMJgtXwyEgUayXtDMVP23fvn3kApToe+CBB2xfOYmp5N6Hzlnl0Wn7T4cO4mwqB6ITmFpx0sEB5SxqXmo61HHggQfaHCjlQqlhtDNt6eowhivKqYMYKjdSNW8uzqzwHQIQWJUAgoqnAgIeCLRr184em3eml3e+K7SnEqbEg8pqaFVG5RAkLFZnOpX2+uuvZ9WKJxW/cvEZ5TjpQIBrCl1RUWG35dQSJnkuqhtLwkmxSgjr69WdxJMATU7M19dK1scgAIGwCSCowp5foosoAW3vvfrqqwnvfCVz69To6NGjzaRJk6yISs77WR26TTbZxKiJr06favvSt7322mv2pKFWlLSKpobZri2OhJNqrKViakmk06oSTBJPWnVTEnk6pi14jelMCeu6LwYBCIRNAEEV9vwSXUQJ6LTX008/nfBOZTB0KCDfJtGh/B4JkBdeeCHlJHKJDG1jKblaW11qhKxeiPkwbbm5hH23qqRxJJAklGSKQytj8sGVbFiTL5tttpldBVThWG3T6TSr+2/VvMQ13aumv3/mmWdsj0Nnur/yrjAIQCB8Agiq8OeYCCNIoF+/flbYyPRiV96N/ptr+/zzz+1KmCriS8ApRygV22qrrUyXLl1sonXfvn2zFntuNU5CSYJJlryKpG24H374IRXXKn3GlfiQUJJg2nrrrRNV6F17IpWoSHeVKW1H/u8CJaXrxKYzidaDDjoo09txHQQgECMCCKqITZZavui0lPutW/309LJNNhUO/Prrr20+iLZs9JLSZ3SNXlL6Wj9TVWaVSNA99Rt4dabf8JUTUnW1IZcvIdcYtiYfIjYFBXHn+OOPt7lKsg022MCoQGaqptNmyScE3XX6mRKh9VxoC1F/qj47qYxR3aqPW91Z0/Vqs5Jtr0dtJ6pQrExfu0bSKkWgVTJnuVpVWlNMqf69thUl6PRvUqY6bu+8806ql/M5CEAg5gQQVBGZQL34dFoq1VyPiLhdVG6ks70UZzBu1SeXMSjPSgJfliyMVO5DOUdiqxWxONuwYcPMxRdfnAhBBT61PYpBAALFQQBBFZF51qqTfrtV/y8smgTyITQUqVYRV1cyQWJbidZqXK1TeH/88Ue15QuqUqtXr57d/lIPOa3m6Ni+vleitVZ+nEnstGrVarXQdQpO46diWpnRmKHYkiVLzLXXXmtF35AhQ2osf6BtRbedKd7abs3HNm4oXIkDAqERQFBFbEbVzNitUukovbZPnMhyLzVt4emlunjx4sT2QnUvUyU563i+hFr9+vWrjbRRo0a2vUxV04tX12VreqloCyQKQlGiIQon0sT0jjvuMGeffbbFq7ybwYMH26/dFq9O3OlFrkTsNW3baXtst912sytAEkvqE6dCm1huCPTq1cuWkJCVlpaaO++8c5Ub699iw4YNE214KOSZG/bcBQJxIoCgitNs1eCrfiuWEFNOjqqp19T+Q61CVEtHIqpjx45GBQeTk3gDQBHJENzpNCeWvvrqK9v3TYni6ZoTwD169DCqiK9Vkap9AdO9J59fPQGJ04ULFyY+pDZQJ5xwQqWL1Nz6uOOOsz9TQr/yBrVCiEEAAsVDAEEV4FwrOVm1b/Qi19FyvchTMZ3oksiSVU1K32OPPWzytFZAlOtVzPbhhx+apUuXWgTJX+sEnUvI1mqiCkZmYi4B3LUz0eqi6iJJPLGFlAnRzK95/vnnV+mxqO1S5Udp9dfZeeedZ2699Vb77dVXX223BjEIQKC4CCCoimS+9RvzrFmzbEVonRDUaTDl46gQYqYmAabfwvWiV36OXjDaboqDuUKQzlf1S3SnEfWz5JN02nJzRSIzjU2rFm5rVVuxakztqmeffvrppnfv3vbvtQKFRYdAt27dEicwa9eubU/MyrSyqxON7nSsBK9WHWV6jqrbRo9OVHgCAQjkgwCCKh9UY3jP5NwtuT9t2rREDzOJL4mwf/75J6XVrnwkb2u7MtXVmU8//dSoUGa+TQLSbeskN6TWFpG2VmU15aIpR6pt27b2Mw8//LBRGQUsegS0Wqj8KFlZWVmlhscSVFqx1YGS9ddf335Gz4FrYh69aPAIAhDIJwEEVT7pBnxvt6KjBr/q96bkc62AKZE+buUFJGy0YuRMJ+6S819cvpn+fuedd85J3zoJ1ObNm9shp0yZYhPTsWgRkJCSoJKpvIMaRKtCvDM97zrNp9VOtzKrgwa33XZbtALBGwhAoCAEEFQFwcwgayIwffr0jHOO1nRv9/eplAdI9V7Zfk5VwbUNKFOSulaysGgR0C8HrsBo165dzcCBA82hhx6acFLV31U7q0+fPqa8vNz+XIU8VTYCgwAEio8Agqr45pyII0BA+WuqPyVTInsuSlREIKygXFCrHvVclPXv398MGDDAtuJxdu+99xo1udYqlfLsjjjiiLQq3gcFi2AgAAGDoOIhgIAnAmrSq3ZB+erj5ymsYIZVLanTTjvNxnPjjTfanobJhwaOPfZYu/3r6lJRGT2YqScQCGREAEGVETYugkD2BFSiQifHVqxYkf3NuENWBFR8Vlt48+fPt+VBlDenulLudOeVV15pxowZY0/2OdOWrepT6VodmlCJEgwCECheAgiq4p17Il8DAeXQpHJaUNt366yzjhVHqj2lE3zOdNqvpqrlBx10kD0dlmm9qjhOoOqj6VRcdZZc0ytXsalZeEVFhT0AoA4EKhuisgZrqj6fyvhanXJNqseOHWtOPPHEVC7jMxCAQKAEEFSBTixhpUZA9YJUMgKDQDoEdt11V6MTrhKHKnSrgwWuJlU69+GzEIBAOAQQVOHMJZFkQEArSMkFPTO4BZcUEQEdJFBfP5VMuOCCC2zkt99+uznrrLOKiAKhQgAC1RFAUPFcQCBFAqluAarGlF68qs1V1VRpW70XVSRV9Yu0Tdi5c+cUPTA2X2fq1KkpfT5u9cBSCiqFD2kbVdtxMm35/frrr5a3GopnY6pFpar2yq9SqQRt96kh8gMPPFBjP8UWLVqYJk2aZDMs10IAAjEhgKCKyUThZngEVPlduVd//vlnwYNTmxQJjVRNguSNN95I9eP2c2rSra2wTEzi1VUor+n6fFTkz8TXXF/TtGnTjOqSuX6bmfijE6fpCPvqxpDfrlhtJj5wDQTiTgBBFfcZxP/YEtAKUt26dTnll+MZ1KGAJUuWpHRXHQhQUdlkUxeAUaNG2R+plUyPHj3s17/99pvtfSkxqq8lhlWXqqaWSBLKKvSJpU5AK36ubVPqV/3/J9W4WvltmVqHDh0SbYTSuYfKadC/MR1iYX4WQRXmvBJVDAhIUGllIBcnzmIQbmxcvPTSS83QoUOtvxMmTDDHHHNMwneVRlB1dFlpaWmiBlUug1P5hnRtzpw5tkBsppbuimXVcVT6Q/0/sVUJ+FpJbd26daJ1Ur7nJZ3+qUqHUPP5EIsZI6jy/aRxfwjUQECCSjlU2k7DokNAqxROHKhPpWsRJA+7deuWqIbuevlFx/P4e6K8QhW7zdSSm7qnew/lxOlFn4m5VcvqrvUlqDKJoxDXqE+qBBiCqhC0GQMCRULAHbPP5gVSJKgKFuayZcvM5ptvbkWummRri8+ZBNROO+1kvy0pKTEPPvhgwfxiIAikQ0A11wpZDkYiSf9eit1YoSr2J4D4vRHQ6pRMJ/+waBBI7t9XVlZmrrvuuoRjOuHncqt0gtOJq2h4jhcQgIBvAggq3zPA+EVLQFsBWqVCUEXnEbjooovMiBEjrEMqb+GaIevEopKOVXpBSeqPP/54dJzGEwhAIBIEEFSRmAacKDYC2lKqU6cOgipiE6/SA9rmUy2rn376yZ7ClF1yySW2QbJO9unkXrt27SLmOe5AAAK+CSCofM8A4xclAbUs0UtbpuKTelFjfgmohEL9+vVtUnT37t3NE088YR1SiYRtt93W9nXs27evLeSJQQACEKhKAEHFMwEBDwS0deRWP1Q2QeUTML8EJk+ebE/xyYYPH24GDRpkv77pppvs19qenTlzpmnZsqVfRxkdAhCIJAEEVSSnBadCJ6Cij+utt54NU19r+w/zS0BJ6DfccIN1QsVB27RpY+dmu+22Myqf0Lt3b1NeXu7XSUaHAAQiSwBBFdmpwbGQCSxfvtz2+5NptWrdddcNOdxYxNa1a1fz4osvmgYNGpiFCxdan++77z7Tv39/uzqlJtrbb799LGLBSQhAoPAEEFSFZ86IEDBLly41apMhk7hy+VSg8UNAJy033nhjOxcuf0q5bRJQ8+bNo+6Un2lhVAjEigCCKlbThbOhEFCCswpIytQE2ImrUOKLWxzKjWrVqpV1e+TIkebcc881EydOtCUStB2rop7NmjWLW1j4CwEIFJAAgqqAsBkKAo6Amvduuumm9ltV595oo42A45HA2LFjTb9+/awHM2bMsA12VXeqoqLC1qUaOHCgR+8YGgIQiAMBBFUcZgkfgyOwaNEi07BhQxuXVqucuAou0JgENGTIEHPNNdckmlU/8sgjNgldeW7Kp2JLNiYTiZsQ8EgAQeURPkMXLwH12mrSpIkFoBe2EqExfwSUNzVp0iTTtm1bu0KlelRaOXzooYdMnz59/DnGyBCAQGwIIKhiM1U4GhIBNS7VlpJM20rNmzcPKbzYxaLSCHPmzDEnn3yyUfuZ1q1bW8E7d+7c2MWCwxCAgB8CCCo/3Bm1yAmoT1ynTp0shffee8+o5Qnmh4AqpOuEn0wJ6Z988okZPXq0mTBhgjnmmGP8OMWoEIBA7AggqGI3ZTgcAoEnn3zSHH300TaUp556yhx55JEhhBXLGN59991EE2Rt8ZWUlNhinhJW5E7FckpxGgJeCCCovGBn0GInMH78eHPcccdZDKyE+H0a7rrrLnPGGWdYJy699FJbLf3aa681l112mV/HGB0CEIgVAQRVrKYLZ0MhoP59V1xxhe3nd/nll5vatWuHElrs4jj99NPNqFGjbBFPFVxdsWKF+fDDD02LFi1iFwsOQwAC/gggqPyxZ2QIQCACBDp06GCmTZtmOnbsaJTb1qtXL6OyCRgEIACBdAggqNKhxWchAIGgCKjVjIqq/vfff6ZRo0ZmwYIFZvLkyebwww8PKk6CgQAE8k8AQZV/xowAAQhElMD7779f6YRl48aNzTfffGMLfGIQgAAE0iGAoEqHFp+FAASCInDTTTeZQYMGmVq1apmVK1cafX/hhRcGFSPBQAAChSGAoCoMZ0aBAAQiSKBnz572lKVM7X+0OlWvXr0IeopLEIBA1AkgqKI+Q/gHAQjkjYAKeqqwp05ZvvTSS6ZLly55G4sbQwACYRNAUIU9v0QHAQjUQGDevHlmm222sX+rwqoqsIpBAAIQyJQAgipTclwHAQjEmoBO9Kn2lGqCffTRR2bHHXeMdTw4DwEI+CWAoPLLn9EhAAGPBGbPnm23+2hO7XESGBoCgRBAUAUykYQBAQhAAAIQgIA/Aggqf+wZGQIQgAAEIACBQAggqAKZSMKAAAQgAAEIQMAfAQSVP/aMDAEIQAACEIBAIAQQVIFMJGFAAAIQgAAEIOCPAILKH3tGhgAEIAABCEAgEAIIqkAmkjAgAAEIQAACEPBHAEHljz0jQwACEIAABCAQCAEEVSATSRgQgAAEIAABCPgjgKDyx56RIQABCEAAAhAIhACCKpCJJAwIQAACEIAABPwRQFD5Y8/IEIAABCAAAQgEQgBBFchEEgYEIAABCEAAAv4IIKj8sWdkCEAAAhCAAAQCIYCgCmQiCQMCEIAABCAAAX8EEFT+2DMyBCAAAQhAAAKBEEBQBTKRhAEBCEAAAhCAgD8CCCp/7BkZAhCAAAQgAIFACCCoAplIwoAABCAAAQhAwB8BBJU/9owMAQhAAAIQgEAgBBBUgUwkYUAAAhCAAAQg4I8Agsofe0aGAAQgAAEIQCAQAgiqQCaSMCAAAQhAAAIQ8EcAQeWPPSNDAAIQgAAEIBAIAQRVIBNJGBCAAAQgAAEI+COAoPLHnpEhAAEIQAACEAiEAIIqkIkkDAhAAAIQgAAE/BFAUPljz8gQgAAEIAABCARCAEEVyEQSBgQgAAEIQAAC/gggqPyxZ2QIQAACEIAABAIhgKAKZCIJAwIQgAAEIAABfwQQVP7YMzIEIAABCEAAAoEQQFAFMpGEAQEIQAACEICAPwIIKn/sGRkCEIAABCAAgUAIIKgCmUjCgAAEIAABCEDAHwEElT/2jAwBCEAAAhCAQCAEEFSBTCRhQAACEIAABCDgjwCCyh97RoYABCAAAQhAIBACCKpAJpIwIAABCEAAAhDwRwBB5Y89I0MAAhCAAAQgEAgBBFUgE0kYEIAABCAAAQj4I4Cg8seekSEAAQhAAAIQCIQAgiqQiSQMCEAAAhCAAAT8EUBQ+WPPyBCAAAQgAAEIBEIAQRXIRBIGBCAAAQhAAAL+CPwPBLy13mbNwfMAAAAASUVORK5CYII=\"}}','[]','2026-05-10 05:49:37','2026-05-10 05:49:37'),(182,'default','updated','App\\Models\\Teacher',22,'updated','App\\Models\\User',1,'{\"old\": {\"updated_at\": \"2026-05-10T05:49:37.000000Z\", \"signature_path\": \"data:image/png;base64,iVBORw0KGgoAAAANSUhEUgAAAlQAAACYCAYAAAAiLXfPAAAeaElEQVR4Xu2dCbSWU9THTyJCZCoakCKSpIgSmTIniqSrLBLXPJRwEZYplUWGhcSS6BpSJJnHzFHmkktKpNCAMuv7/md95/3ee7u33vk8z3l/e62We2/v85y9f+fJ87/n7LN3rZX/awaDAAQgAAEIQAACEMiYQC0EVcbsuBACEIAABCAAAQhYAggqHgQIQAACEIAABCCQJQEEVZYAuRwCEIAABCAAAQggqHgGIAABCEAAAhCAQJYEEFRZAuRyCEAAAhCAAAQggKDiGYAABCAAAQhAAAJZEkBQZQmQyyEAAQhAAAIQgACCimcAAhCAAAQgAAEIZEkAQZUlQC6HAAQgAAEIQAACCCqeAQhAAAIQgAAEIJAlAQRVlgC5HAIQgAAEIAABCCCoeAYgAAEIQAACEIBAlgQQVFkC5HIIQAACEIAABCCAoOIZgAAEIAABCEAAAlkSQFBlCZDLIQABCEAAAhCAAIKKZwACEIAABCAAAQhkSQBBlSVALocABCAAAQhAAAIIKp4BCEAAAhCAAAQgkCUBBFWWALkcAhCAAAQgAAEIIKh4BiAAAQhAAAIQgECWBBBUWQLkcghAAAIQgAAEIICg4hmAAAQgAAEIQAACWRJAUGUJkMshAAEIQAACEIAAgopnAAIFJrBgwQIzdOhQU6tWLVNWVmYaNGhQYA8YDgIQgAAEck0AQZVrotwPAmsg0KdPH1NeXm4/1a9fPzNmzBiYQQACEIBAzAkgqGI+gbgfPwIlJSVm3Lhx1vGtt97azJ07N35B4DEEIAABCFQigKDigYBAgQncfffdprS0NDHq/PnzTePGjQvsBcNBAAIQgEAuCSCockmTe0EgBQLTp0837du3T3xy8uTJ5ogjjkjhSj4CAQhAAAJRJYCgiurM4FewBL766ivTokWLRHwjRowwAwcODDZeAoMABCBQDAQQVMUwy8QYKQIfffSRadu2bcKnnj17mvHjx0fKR5yBAAQgAIH0CCCo0uPFpyGQNYHXX3/ddOnSJXGf9ddf3yxfvjzr+3IDCEAAAhDwRwBB5Y89IxcpgZEjR5rzzz+/UvTPPfecOfjgg4uUCGFDAAIQiD8BBFX855AIYkZg9OjRZsCAAZW8fvzxx02PHj1iFgnuQgACEICAI4Cg4lmAQIEJTJo0yXTv3r3SqPpZt27dCuwJw0EAAhCAQK4IIKhyRZL7QCBFAk8++aQ5+uijK3164sSJq/wsxdvxMQhAAAIQiAABBFUEJgEXiovAU089ZY466ihWqIpr2quNdtGiReb66683S5cuNcOGDaOvI88EBGJMAEEV48nD9XgSqG7LjxWqeM5lNl7/9NNPZr/99jOfffZZ4jaHHHKIuf322yvVKctmDK6FAAQKRwBBVTjWjAQBS2DKlCmrVEbXNmDVVStwhUvgiy++MGqSrar5VU0i65VXXgk3eCKDQKAEEFSBTixhRZeAWs1UTUBf0ym/7777znz55ZerBFWvXr1KbWyiGzWeOQLTpk0zvXv3Nl9//XUCSu3atc2///6b+F7FX9u0aQM0CEAgRgQQVDGaLFyNF4EFCxYYrUQ4+/bbb43azujPgw8+WCmYnXfe2Wy22WZGRT9zZVtuuaVp2bJlpZf2Pvvsk/i+Tp06plOnTpWG0+e32mqrXLnAfaoQ0OrkkUceaVauXJn4G9UfGzt2rJE4Vkui77//3pxyyinm3nvvhR8EIBAjAgiqGE0WrvojMH/+fFNRUWEdWLJkidEKgrO33nrL/PXXX3aF4Y033jC1atWq9MLMlddasdhkk00q3e61117L1e0T93H+b7/99qZRo0b25xJ7u+yyi9lhhx3MAQccYCTWsPQI6Plp166d+fXXXxMXnnPOOWb48OFm3XXXtT+T0O7bt6+R2P3hhx9Wme/0RuTTEIBAIQkgqApJm7G8Epg5c6b5+OOPzeabb260xfL++++b3377LeHTjBkzzLJlyxLfZypW1lprLfPff//Z++y7775WYMn0886dO5t58+aZMWPGVGJx1VVX2XY0DRs2NDvttFNOOL366quV7qPVMq2aOav6vXyeOnWq9dP5X50jiqd///7m1ltvNXXr1s2Jr6HfRIJb/Rv1DDqrrin24sWLrYj9888/zX333WdOPvnk0NEQHwSCIYCgCmYqww9EWyDaDpHo0QtHp6P08tfLasWKFfZlpd/stVKUvAqQLzK77rqrqV+/vtltt93MxhtvbFdwtJKjpOLVmUSLhFayPfLII6ZXr175cjWj+7qVN12slTflcZWXlydEp1apdNT/xBNPTIjGjAYqgotuuOEGU1ZWlohUq1AS1U5sJyNQjTIdUjj77LPNbbfdVgR0CBECYRBAUIUxj7GMQsm5emlra0NCSSs3EkKff/65+f33373GtN5665k999zTvvD22msvuyXTunVru7qlfKctttgiY//efvvtVXKXoiioqgtQK3q33HKLXZ368ccf7UeaNm1q7rnnHqMj/9iqBCT2lZf2yy+/2L+U6P/mm29qzFXTs6CkdT1vn3zyCUghAIGYEEBQxWSi4ubmwoULjRr+ajVJW2vaytB2m0STb5NY6tChgxVLjRs3NsoV0mrLjjvuaAWTXmT5NInIvffeu9IQ48aNMyeccEI+h83pvTWvhx9+uBXEsrXXXtt8+umnlZLgczpgjG+mHKnBgwcnIjjzzDPNHXfcUWNEN998s7nwwgutUI3Cv5cYo8d1CBSUAIKqoLjDGUwn1ZRzNHfuXDNr1ix7ck2/df/888+J38R9RKscJeVHNWjQwLRq1cpuCWqFSasCTjT58Ct5TAlLbRcmW1xWqJJ9VmHKc889124Dys477zy7eoVVJiCh7k576tlU+YtmzZpVi+nhhx9OCOuRI0davhgEIBAPAgiqeMyTFy/ffPPNhFhSMrNyltQqQyKqkKatN60qKU9J+Uoyt/2mr10OUyF9ymYs5XpJ7CVb3Faokn2XYH333XfttqgKVVaNLRtWcb/2uuuuM5dffnkiDAkkCaVk0y8hjz32mP0jjsuXL7dbqjoBiEEAAvEhgKCKz1zlxFP1DHv00Udt4rbylPRy1yqOEo71R1s52mZILjKYk4GruYmE0EYbbWRr7zRp0sSss846Nm9J20f6rT7Uo/lz5swx2223XSUicVyhcgFICLiE+tLSUnPnnXfm65GJ3X21EqWVW2cSTHrmlT+oFV6tSCWfvNTnlKOn7VMMAhCIFwEEVbzmq1pvlceiLTcJJAmm9957z36tRG9tL+g33kKbq5nkxJJeLNtss41dxejYsWOh3YnUeJoX5W4lm7bNlIgcR+vZs6eZMGGCdX3AgAFm1KhRcQwj5z5rSzT58IJKTKgkRnXtZg499FBTUlJif5HYfffdc+4LN4QABPJPAEGVf8ZZj6DfYIcOHWpP/Kg+kH571TaBT3NVuJ1QkoDSyyO5ErdP/6I8tk4yapUi2caPH28kTOJmaqOjHoSu8vf9999vTjrppLiFkVN/9cuMVqLU5FgthaozldZQvp/KZ3Tt2jWn43MzCEDADwEElR/uaY2qJqou8TetCzP8sCvsqO03VcbW9pQ7/bbpppvSYyxDru6yv//+2ybJJ9sTTzxhunfvnuWdC3u5Gviqbco///yTGFjtdbR9W2wmAfXBBx+YiRMnmhdffLHa8LV6p7Yzavejf08YBCAQFgEEVQzmU1sBSlrOxJJLBOh6bSdsuOGG9lbJSd76HrGUCeHMrtG8qDips2effTZWdZyU/6PVyOTtZAkpCapiMNUS01a7/ujrqnlQYqF2Rc5UJkPFUTEIQCBcAgiqGMyt/metSss6bi+r2sBWdZSSc3Jcxe4YhFa0LqqsgyuMKQgvv/yy2X///SPPQwcW1Mg3+eSanNYWsARD8+bNIx9Dug6qb+Ps2bPtKVdVuddcVTUJZJ12POyww+wWqBhdf/31iY+p8Ompp56a7tB8HgIQiBEBBFWMJgtXwyEgUayXtDMVP23fvn3kApToe+CBB2xfOYmp5N6Hzlnl0Wn7T4cO4mwqB6ITmFpx0sEB5SxqXmo61HHggQfaHCjlQqlhtDNt6eowhivKqYMYKjdSNW8uzqzwHQIQWJUAgoqnAgIeCLRr184em3eml3e+K7SnEqbEg8pqaFVG5RAkLFZnOpX2+uuvZ9WKJxW/cvEZ5TjpQIBrCl1RUWG35dQSJnkuqhtLwkmxSgjr69WdxJMATU7M19dK1scgAIGwCSCowp5foosoAW3vvfrqqwnvfCVz69To6NGjzaRJk6yISs77WR26TTbZxKiJr06favvSt7322mv2pKFWlLSKpobZri2OhJNqrKViakmk06oSTBJPWnVTEnk6pi14jelMCeu6LwYBCIRNAEEV9vwSXUQJ6LTX008/nfBOZTB0KCDfJtGh/B4JkBdeeCHlJHKJDG1jKblaW11qhKxeiPkwbbm5hH23qqRxJJAklGSKQytj8sGVbFiTL5tttpldBVThWG3T6TSr+2/VvMQ13aumv3/mmWdsj0Nnur/yrjAIQCB8Agiq8OeYCCNIoF+/flbYyPRiV96N/ptr+/zzz+1KmCriS8ApRygV22qrrUyXLl1sonXfvn2zFntuNU5CSYJJlryKpG24H374IRXXKn3GlfiQUJJg2nrrrRNV6F17IpWoSHeVKW1H/u8CJaXrxKYzidaDDjoo09txHQQgECMCCKqITZZavui0lPutW/309LJNNhUO/Prrr20+iLZs9JLSZ3SNXlL6Wj9TVWaVSNA99Rt4dabf8JUTUnW1IZcvIdcYtiYfIjYFBXHn+OOPt7lKsg022MCoQGaqptNmyScE3XX6mRKh9VxoC1F/qj47qYxR3aqPW91Z0/Vqs5Jtr0dtJ6pQrExfu0bSKkWgVTJnuVpVWlNMqf69thUl6PRvUqY6bu+8806ql/M5CEAg5gQQVBGZQL34dFoq1VyPiLhdVG6ks70UZzBu1SeXMSjPSgJfliyMVO5DOUdiqxWxONuwYcPMxRdfnAhBBT61PYpBAALFQQBBFZF51qqTfrtV/y8smgTyITQUqVYRV1cyQWJbidZqXK1TeH/88Ue15QuqUqtXr57d/lIPOa3m6Ni+vleitVZ+nEnstGrVarXQdQpO46diWpnRmKHYkiVLzLXXXmtF35AhQ2osf6BtRbedKd7abs3HNm4oXIkDAqERQFBFbEbVzNitUukovbZPnMhyLzVt4emlunjx4sT2QnUvUyU563i+hFr9+vWrjbRRo0a2vUxV04tX12VreqloCyQKQlGiIQon0sT0jjvuMGeffbbFq7ybwYMH26/dFq9O3OlFrkTsNW3baXtst912sytAEkvqE6dCm1huCPTq1cuWkJCVlpaaO++8c5Ub699iw4YNE214KOSZG/bcBQJxIoCgitNs1eCrfiuWEFNOjqqp19T+Q61CVEtHIqpjx45GBQeTk3gDQBHJENzpNCeWvvrqK9v3TYni6ZoTwD169DCqiK9Vkap9AdO9J59fPQGJ04ULFyY+pDZQJ5xwQqWL1Nz6uOOOsz9TQr/yBrVCiEEAAsVDAEEV4FwrOVm1b/Qi19FyvchTMZ3oksiSVU1K32OPPWzytFZAlOtVzPbhhx+apUuXWgTJX+sEnUvI1mqiCkZmYi4B3LUz0eqi6iJJPLGFlAnRzK95/vnnV+mxqO1S5Udp9dfZeeedZ2699Vb77dVXX223BjEIQKC4CCCoimS+9RvzrFmzbEVonRDUaTDl46gQYqYmAabfwvWiV36OXjDaboqDuUKQzlf1S3SnEfWz5JN02nJzRSIzjU2rFm5rVVuxakztqmeffvrppnfv3vbvtQKFRYdAt27dEicwa9eubU/MyrSyqxON7nSsBK9WHWV6jqrbRo9OVHgCAQjkgwCCKh9UY3jP5NwtuT9t2rREDzOJL4mwf/75J6XVrnwkb2u7MtXVmU8//dSoUGa+TQLSbeskN6TWFpG2VmU15aIpR6pt27b2Mw8//LBRGQUsegS0Wqj8KFlZWVmlhscSVFqx1YGS9ddf335Gz4FrYh69aPAIAhDIJwEEVT7pBnxvt6KjBr/q96bkc62AKZE+buUFJGy0YuRMJ+6S819cvpn+fuedd85J3zoJ1ObNm9shp0yZYhPTsWgRkJCSoJKpvIMaRKtCvDM97zrNp9VOtzKrgwa33XZbtALBGwhAoCAEEFQFwcwgayIwffr0jHOO1nRv9/eplAdI9V7Zfk5VwbUNKFOSulaysGgR0C8HrsBo165dzcCBA82hhx6acFLV31U7q0+fPqa8vNz+XIU8VTYCgwAEio8Agqr45pyII0BA+WuqPyVTInsuSlREIKygXFCrHvVclPXv398MGDDAtuJxdu+99xo1udYqlfLsjjjiiLQq3gcFi2AgAAGDoOIhgIAnAmrSq3ZB+erj5ymsYIZVLanTTjvNxnPjjTfanobJhwaOPfZYu/3r6lJRGT2YqScQCGREAEGVETYugkD2BFSiQifHVqxYkf3NuENWBFR8Vlt48+fPt+VBlDenulLudOeVV15pxowZY0/2OdOWrepT6VodmlCJEgwCECheAgiq4p17Il8DAeXQpHJaUNt366yzjhVHqj2lE3zOdNqvpqrlBx10kD0dlmm9qjhOoOqj6VRcdZZc0ytXsalZeEVFhT0AoA4EKhuisgZrqj6fyvhanXJNqseOHWtOPPHEVC7jMxCAQKAEEFSBTixhpUZA9YJUMgKDQDoEdt11V6MTrhKHKnSrgwWuJlU69+GzEIBAOAQQVOHMJZFkQEArSMkFPTO4BZcUEQEdJFBfP5VMuOCCC2zkt99+uznrrLOKiAKhQgAC1RFAUPFcQCBFAqluAarGlF68qs1V1VRpW70XVSRV9Yu0Tdi5c+cUPTA2X2fq1KkpfT5u9cBSCiqFD2kbVdtxMm35/frrr5a3GopnY6pFpar2yq9SqQRt96kh8gMPPFBjP8UWLVqYJk2aZDMs10IAAjEhgKCKyUThZngEVPlduVd//vlnwYNTmxQJjVRNguSNN95I9eP2c2rSra2wTEzi1VUor+n6fFTkz8TXXF/TtGnTjOqSuX6bmfijE6fpCPvqxpDfrlhtJj5wDQTiTgBBFfcZxP/YEtAKUt26dTnll+MZ1KGAJUuWpHRXHQhQUdlkUxeAUaNG2R+plUyPHj3s17/99pvtfSkxqq8lhlWXqqaWSBLKKvSJpU5AK36ubVPqV/3/J9W4WvltmVqHDh0SbYTSuYfKadC/MR1iYX4WQRXmvBJVDAhIUGllIBcnzmIQbmxcvPTSS83QoUOtvxMmTDDHHHNMwneVRlB1dFlpaWmiBlUug1P5hnRtzpw5tkBsppbuimXVcVT6Q/0/sVUJ+FpJbd26daJ1Ur7nJZ3+qUqHUPP5EIsZI6jy/aRxfwjUQECCSjlU2k7DokNAqxROHKhPpWsRJA+7deuWqIbuevlFx/P4e6K8QhW7zdSSm7qnew/lxOlFn4m5VcvqrvUlqDKJoxDXqE+qBBiCqhC0GQMCRULAHbPP5gVSJKgKFuayZcvM5ptvbkWummRri8+ZBNROO+1kvy0pKTEPPvhgwfxiIAikQ0A11wpZDkYiSf9eit1YoSr2J4D4vRHQ6pRMJ/+waBBI7t9XVlZmrrvuuoRjOuHncqt0gtOJq2h4jhcQgIBvAggq3zPA+EVLQFsBWqVCUEXnEbjooovMiBEjrEMqb+GaIevEopKOVXpBSeqPP/54dJzGEwhAIBIEEFSRmAacKDYC2lKqU6cOgipiE6/SA9rmUy2rn376yZ7ClF1yySW2QbJO9unkXrt27SLmOe5AAAK+CSCofM8A4xclAbUs0UtbpuKTelFjfgmohEL9+vVtUnT37t3NE088YR1SiYRtt93W9nXs27evLeSJQQACEKhKAEHFMwEBDwS0deRWP1Q2QeUTML8EJk+ebE/xyYYPH24GDRpkv77pppvs19qenTlzpmnZsqVfRxkdAhCIJAEEVSSnBadCJ6Cij+utt54NU19r+w/zS0BJ6DfccIN1QsVB27RpY+dmu+22Myqf0Lt3b1NeXu7XSUaHAAQiSwBBFdmpwbGQCSxfvtz2+5NptWrdddcNOdxYxNa1a1fz4osvmgYNGpiFCxdan++77z7Tv39/uzqlJtrbb799LGLBSQhAoPAEEFSFZ86IEDBLly41apMhk7hy+VSg8UNAJy033nhjOxcuf0q5bRJQ8+bNo+6Un2lhVAjEigCCKlbThbOhEFCCswpIytQE2ImrUOKLWxzKjWrVqpV1e+TIkebcc881EydOtCUStB2rop7NmjWLW1j4CwEIFJAAgqqAsBkKAo6Amvduuumm9ltV595oo42A45HA2LFjTb9+/awHM2bMsA12VXeqoqLC1qUaOHCgR+8YGgIQiAMBBFUcZgkfgyOwaNEi07BhQxuXVqucuAou0JgENGTIEHPNNdckmlU/8sgjNgldeW7Kp2JLNiYTiZsQ8EgAQeURPkMXLwH12mrSpIkFoBe2EqExfwSUNzVp0iTTtm1bu0KlelRaOXzooYdMnz59/DnGyBCAQGwIIKhiM1U4GhIBNS7VlpJM20rNmzcPKbzYxaLSCHPmzDEnn3yyUfuZ1q1bW8E7d+7c2MWCwxCAgB8CCCo/3Bm1yAmoT1ynTp0shffee8+o5Qnmh4AqpOuEn0wJ6Z988okZPXq0mTBhgjnmmGP8OMWoEIBA7AggqGI3ZTgcAoEnn3zSHH300TaUp556yhx55JEhhBXLGN59991EE2Rt8ZWUlNhinhJW5E7FckpxGgJeCCCovGBn0GInMH78eHPcccdZDKyE+H0a7rrrLnPGGWdYJy699FJbLf3aa681l112mV/HGB0CEIgVAQRVrKYLZ0MhoP59V1xxhe3nd/nll5vatWuHElrs4jj99NPNqFGjbBFPFVxdsWKF+fDDD02LFi1iFwsOQwAC/gggqPyxZ2QIQCACBDp06GCmTZtmOnbsaJTb1qtXL6OyCRgEIACBdAggqNKhxWchAIGgCKjVjIqq/vfff6ZRo0ZmwYIFZvLkyebwww8PKk6CgQAE8k8AQZV/xowAAQhElMD7779f6YRl48aNzTfffGMLfGIQgAAE0iGAoEqHFp+FAASCInDTTTeZQYMGmVq1apmVK1cafX/hhRcGFSPBQAAChSGAoCoMZ0aBAAQiSKBnz572lKVM7X+0OlWvXr0IeopLEIBA1AkgqKI+Q/gHAQjkjYAKeqqwp05ZvvTSS6ZLly55G4sbQwACYRNAUIU9v0QHAQjUQGDevHlmm222sX+rwqoqsIpBAAIQyJQAgipTclwHAQjEmoBO9Kn2lGqCffTRR2bHHXeMdTw4DwEI+CWAoPLLn9EhAAGPBGbPnm23+2hO7XESGBoCgRBAUAUykYQBAQhAAAIQgIA/Aggqf+wZGQIQgAAEIACBQAggqAKZSMKAAAQgAAEIQMAfAQSVP/aMDAEIQAACEIBAIAQQVIFMJGFAAAIQgAAEIOCPAILKH3tGhgAEIAABCEAgEAIIqkAmkjAgAAEIQAACEPBHAEHljz0jQwACEIAABCAQCAEEVSATSRgQgAAEIAABCPgjgKDyx56RIQABCEAAAhAIhACCKpCJJAwIQAACEIAABPwRQFD5Y8/IEIAABCAAAQgEQgBBFchEEgYEIAABCEAAAv4IIKj8sWdkCEAAAhCAAAQCIYCgCmQiCQMCEIAABCAAAX8EEFT+2DMyBCAAAQhAAAKBEEBQBTKRhAEBCEAAAhCAgD8CCCp/7BkZAhCAAAQgAIFACCCoAplIwoAABCAAAQhAwB8BBJU/9owMAQhAAAIQgEAgBBBUgUwkYUAAAhCAAAQg4I8Agsofe0aGAAQgAAEIQCAQAgiqQCaSMCAAAQhAAAIQ8EcAQeWPPSNDAAIQgAAEIBAIAQRVIBNJGBCAAAQgAAEI+COAoPLHnpEhAAEIQAACEAiEAIIqkIkkDAhAAAIQgAAE/BFAUPljz8gQgAAEIAABCARCAEEVyEQSBgQgAAEIQAAC/gggqPyxZ2QIQAACEIAABAIhgKAKZCIJAwIQgAAEIAABfwQQVP7YMzIEIAABCEAAAoEQQFAFMpGEAQEIQAACEICAPwIIKn/sGRkCEIAABCAAgUAIIKgCmUjCgAAEIAABCEDAHwEElT/2jAwBCEAAAhCAQCAEEFSBTCRhQAACEIAABCDgjwCCyh97RoYABCAAAQhAIBACCKpAJpIwIAABCEAAAhDwRwBB5Y89I0MAAhCAAAQgEAgBBFUgE0kYEIAABCAAAQj4I4Cg8seekSEAAQhAAAIQCIQAgiqQiSQMCEAAAhCAAAT8EUBQ+WPPyBCAAAQgAAEIBEIAQRXIRBIGBCAAAQhAAAL+CPwPBLy13mbNwfMAAAAASUVORK5CYII=\"}, \"attributes\": {\"updated_at\": \"2026-05-10T05:49:42.000000Z\", \"signature_path\": \"data:image/png;base64,iVBORw0KGgoAAAANSUhEUgAAAlQAAACYCAYAAAAiLXfPAAAgAElEQVR4Xu2dCdyNZfrHbxpR2mUJlZgW1IRqVESJxiQR2caeLDW2sSVbjaQonxnNNGpiUEgSYVKJkqWFoaJQYSgzlhaawWSm9J/v/Zn7/J/3vOd937Of5znnd30+Pt7lWe77ez88v3Nd131dxX74rxmZCIiACIiACIiACIhA3ASKSVDFzU4nioAIiIAIiIAIiIAlIEGlB0EEREAEREAEREAEEiQgQZUgQJ0uAiIgAiIgAiIgAhJUegZEQAREQAREQAREIEECElQJAtTpIiACIiACIiACIiBBpWdABERABERABERABBIkIEGVIECdLgIiIAIiIAIiIAISVHoGREAEREAEREAERCBBAhJUCQLU6SIgAiIgAiIgAiIgQaVnQAREQAREQAREQAQSJCBBlSBAnS4CIiACIiACIiACElR6BkRABERABERABEQgQQISVAkC1OkiIAIiIAIiIAIiIEGlZ0AEREAEREAEREAEEiQgQZUgQJ0uAiIgAiIgAiIgAhJUegZEQAREQAREQAREIEECElQJAtTpIiACIiACIiACIiBBpWdABERABERABERABBIkIEGVIECdLgIiIAIiIAIiIAISVHoGREAEREAEMkJg79695uGHHzbFihUzI0aMMOXKlcvIOHRTEUgGAQmqZFDUNURABERABGIisHjxYjN48GCzfft2e163bt3M9OnTY7qGDhYBPxGQoPLTamgsIiACIpDlBA4ePGi6dOli/vznP+eZKT+bOXNmls9e08tmAhJU2by6mpsIiIAI+IjArFmzzPDhw83f/va3PKOqV6+eWbBggUJ+PlorDSV2AhJUsTPTGSKQEAHljSSETycHkMCqVavM2LFjzYoVK/KMvmzZsmbSpEmmU6dONo9KJgJBJiBBFeTV09gDSeAXv/iFefbZZ+3YFeYI5BJq0DEQaNeunZk3b16+My666CLz/PPPm5/85CcxXE2HioB/CUhQ+XdtNLIsJdCxY0czZ84cO7vzzjvP7N69O0tnqmnlOoFevXqZp556Kh+GqlWrmrVr15oKFSrkOiLNP4sISFBl0WJqKsEg8OSTT5o+ffqEBrtnzx5TqVKlYAxeoxSBKAkQxps9e3a+o/FILVu2zJQvXz7KK+kwEQgGAQmqYKyTRplFBDZu3GiuuOKK0IzY7dSsWbMsmqGmkssEvvzyS9O+fft8+VIwadKkiXnllVdM8eLFcxmR5p6lBCSosnRhNS3/EtixY4f58Y9/HBrgo48+auvxyEQg6AQ+++wz06pVK7Nhw4Z8Uxk3bpwZOXJk0Keo8YtAgQQkqPRwiECaCXzwwQemVq1aobu2bt3azJ8/P82j0O1EILkEKIVw7bXXGkRVuLGTb9CgQcm9oa4mAj4jIEHlswXRcLKfAFvIGzZsGJroySefbI4cOZL9E9cMs5YAHqnGjRubQ4cO5Zvjr3/9azNmzJisnbsmJgKOgASVngURSDOByZMnm4EDB+a566uvvmpuuummNI9EtxOBxAlMnTrV9OzZM+KF/vSnP5nu3bsnfhNdQQQCQECCKgCLpCFmF4FIL6AXXnjB5p7IRCBIBIYMGWILc4Zb6dKlba215s2bB2k6GqsIJERAgiohfDpZBGInQFPYFi1a5DmRn+nlEztLnZEZAvv377c7+VauXJlvAOXKlTMvv/yyqVOnTmYGp7uKQIYISFBlCLxum7sEFi1aZFq2bJkHwMKFC/P9LHcJaeZ+JkDdtNtuu8385S9/yTfM6tWr26bHFO6UiUCuEZCgyrUV13wzTmDJkiXm1ltvlYcq4yuR+QEcOHDAjB8/3iZzT5w40ffNgWfOnGnz/yIln3ft2tXMmDEj81A1AhHIEAEJqgyB121zl0CkkJ88VLn3PFAA8/rrrzcfffRRaPI/+9nPzO9///s8dcr8QObvf/+7DVNH8koxPnr1tWnTxg9D1RhEIGMEJKgyhl43zlUCS5cuzVcZnTBguNcqV/nkwrw//vhjQ5NsquaHGyLrjTfe8A0GPGi/+c1vDAIw3M466yzrlVL+n2+WSwPJIAEJqgzC161zkwA5JuEvoKJ2+VE08dNPP80H7NRTT83TxiY3iQZr1uvXr7cJ3Tt37gwN/IQTTjDff/996HuKv9LzLpPGM4mYiiT6GFejRo3MM888YypWrJjJYereIuAbAhJUvlkKDSTbCOzdu9fgiXD2+eefG9rO8GfWrFl5pluzZk1TpkwZQ9HPZFmFChXMxRdfnOelfd1114W+P/HEE21la69x/DnnnJOsIeg6YQTwTt5yyy3mhx9+CP2G+mMIE8QxLYkIr91xxx1m2rRpGeGHJ4q6Ui+++GLE+7OL7/HHHze33357Rsanm4qAXwlIUPl1ZTQuXxFgZ9P27dvtmA4ePGjwIDh76623zL///W/rYVizZo0pVqxYnhdmsiaCx+LMM8/Mc7k333wzWZcPXceN/8ILLwx5HxB7l112mbnooousZwKxJouNAM8PpQT++c9/hk7s16+feeSRR0zJkiXtzxDanTt3Nojdffv25Vvv2O4Y+9GE9iZMmGAoixDJ2N2HmJLojp2tzsh+AhJU2b/GmuH/CGzdutVs2rTJnH322YYQCwm2hw8fDvF57733zDfffBP6Pl6xUrx4cXP8+HF7nQYNGliBhfHz+vXr215n7Jby2v3332/b0ZQvX96w9TwZFl4jCG8ZXjNn4d8z5tWrV9txuvFHGgfz6dGjh3nsscfMSSedlIyhZv01ENz0b+QZdBapKfbXX39tReyxY8dMOquMr1u3znTq1CliWJnxXnDBBbaAJ4JKJgIiEJmABJWejMAQIARCOATRwwuH3VG8/HlZHT161L6s+GSPp8jrBUjVBC+//HJzxhlnmNq1a5vTTz/denDw5JBUXJghWhBaXnvuuedM27ZtUzXUuK7rPG+cjOeNPC6qXzvRiZeKrf68iJ1ojOtGOXDSQw89ZEaMGBGaKV4oRHUkbtQoY5NC3759ze9+97uU03nwwQfNqFGjCrwPvfiGDRtmSpUqlfKx6AYiEGQCElRBXr2Aj53kXF7ahDYQSnhuEEJbtmwx//rXvzI6O14edevWtS+8q6++2oZkLr30UuvdIt+pbNmycY/v7bffzpe75EdBFWmCePR++9vfWu/UF198YQ8599xzzVNPPWXY8i/LTwCxT4jsH//4h/0lon/Xrl0Fhs14Fkha53nbvHlzypDygaRbt24RSyHwfCPsEIFVqlRJ2Rh0YRHIJgISVNm0mj6aCzkYNPzFm0FojVAG4TZEU6YNsfTTn/7UiqVKlSoZcoXwtlxyySVWMPEiS6UhIuvVq5fnFnPmzDEdOnRI5W2Tem3W9eabb7aCGPvRj35kPvzwwzxJ8Em9YYAvRo4UHh5nd999t81DKsjIYxo0aJAVqqn49/Ltt98aPGZjx47NNwTCjR07djRDhw5N6ENDgJdLQxeBuAlIUMWNLrdPZKcaOUe7d+8227ZtszvX+NT91VdfhT6JZ4IQOUrkR7ETqUaNGjYkiIcJr4ATTZkYl/eeCEvChV4LiofKO2Z2g/Xv39+GAbEBAwZY75UsLwGEutvtybNJ+QtykiLZ3LlzQ8J68uTJlm8yjR57ffr0ySfUCF3zczxS7DaUiYAIxE5Agip2Zjlzxtq1a0NiiWRmQgS0ykBEpdMIveFVIk+JfCXMhd/42uUwpXNMidyLXC/EnteC5qHyjh3B+u6779qwKDWLwueWCKugnxuen4RAQih5jQ8hzz//vP0DxyNHjtiQKjsAk2WE0kmCj+SVovwB99POvWTR1nVylYAEVY6tPD24aBNB4jZ5Srzc8eKQcMwfQjmEGbxFBlOFCCF02mmn2do7lStXNiVKlLB5S4SP+FSfrVvz//rXv+ZrHhtED5V7LhACLqEeL8eUKVNS9cgE7rp4ovDcOkMw8cyTP4iHF4+Ud+clx5GjR/g0WYZ3rEuXLoadfF6jHhYiy1urLFn31HVEIBcJSFBlwaqTx0LIDYGEYOI/Tr4m0ZvwAp94022uZpITS7xYzj//fOvFuOaaa9I9HF/dj3Uhd8trhM1IRA6itW7d2ixYsMAOnYKQf/zjH4M4jaSPmZCod/MCJSYoiRGp8njTpk1t7hIfJK688sqkjQXPJ54uchidNWnSxIwbN87mEcpEQASSR0CCKnksU3YlPsE+/PDDdscP9YH49EqYIJPmqnA7oYSA4uXhrcSdyfH5+d6EX/BSeG3+/PkGYRI0o40OPQhd5W/6unXt2jVo00jqePkwgyeKJse0b4lklNYg34/yGQicZBs7Crt37x4Sulwfz9ddd91lq7Crfliyiet6ImCMBFUAngKaqLrE33QM1xV2JPxGZeyqVauGdr/RDDXTPcbSwSCV9/jPf/5jk+S9RpuPFi1apPK2Sb82DXxpm/Ldd9+Frk17HcK3uWYIqA0bNpiFCxea5cuXR5w+3jvCbLT7YTdpqow6Z717985TRJSdhezsCxfyqRqDrisCuUhAgioAq04oANd9POYtEcD5hBNOOeUUeylvkjffSyzFQzi+c1gXipM6e+WVVwJVx4n8H7yR3nAyQgpBlQtGLTFC7fzh6/A8KFjQrsgZZTIojppKw4NNPTBvMVA+EFFxPbxMRyrHoWuLQK4SkKAKwMrznzWfLtluj4U3sKWOkjcnx1Xs9svUXMiSuk9sy6akQa4bDFxhTFi8/vrr5oYbbvA9FjYs0Mg3vLI2IWAEQ7Vq1Xw/h1gHSN/GTz75xO5yxfvDWoUbApndjj//+c9tCBRG48ePDx2G0LnzzjtjvXWRx5Mbhff6iSeeyJPIfvLJJxsqnA8ZMqTIa+gAERCB5BCQoEoOR12lEALekCWVmadPn57zvBDFvKSdUfz0iiuu8B0XRN/TTz9tvRyIKW/vQzdY8ugI/7HpIMhGORB2YOJxYuMAHh/WpaBNHTfeeKPNgSIXiobRzgjpshnDFeVkIwblRpIZbmMdaMU0cODAPMjpB8mOPkohJPN+QV5XjV0E0kVAgipdpHP4Pt6QZenSpe3LhU/QuWx16tSx2+ad8fJOdYX2aHgjHiirgVeGcggIi8KMXWmrVq0KRFVtcpzYEOCaQm/fvt2G5Ujg9q5FpPkinJgrQpivC9uJhwD1JubzNcn6yTDKnFDHavbs2XnEbfPmzU2vXr1sjpZMBEQgMwQkqDLDPafuivfC+wme1hrhn6xzCsh/J0t4b+XKlaFpZyqZm12jU6dONYsXL7Yiypv3U9ianHnmmbbXG7tP/RDCffPNN+1OQzxKeG9omO3a4iCcqLEWjVFKgN2qCCbEE143kshjMULw3NMZCeuJlihgFyi7BpmnM8ZJk2Vqf3FPmQiIQGYJSFBlln9O3J2XG5/uCadghIgId1HAM1cNT8JLL70Umj5lMNgUkGpDdJDfw4v5tddeizqJnJc3YSySmwl10QiZnLhUGCE3l7DvvErcB4HEs4QxDzxjjMGVbChqLGXKlLFeQJ47wnTsZnV/h+clFnWtgn5Paxd6HDrj+uRdxWMIQ0KtkyZNytMqhjpuffv2NYTSZSIgAv4hIEHln7XI6pGQVE9CujO+Hz58eFbPubDJkeeCsMF4sZN3w9/Jti1btlhPGKEiBJwTtUXdhzYk5OOQaI0XJFGx57xxCCUEE+b1IhGG27dvX1HDyvd7V+IDoYRgOu+880JV6F17IkpUxOplinkg/zuBpHR2bDpDtDZu3DimyxESR0RRIJVCvc4IE99333026V0mAiLgPwISVD5bE1q+sFvKfeqmnx4vW69ROHDnzp02H4SQDS8pjuEcXlJ8zc+oykyJBK5ZUHsJPuGTExLubUjmS4iXJbk5vFgOHjxop8L1yVvJ1b5v7dq1s7lKGHllFMiM1tht5t0h6M7jZyRC81wQQuRP+LMTzT0ieX2cd6eo82mzkmivR8KJrtYZX7tG0pQiwEvmLFlepaLmFO3vCSsi6Pg3iVHH7Z133on2dJuzxs481tcZ4VTEN0VfEbcyERAB/xKQoPLJ2vDiIxQWba6HT4adU8OIJbwUZDDO65PMOSAMEPiYVxhR7oP8H9jiEQuyTZw40dxzzz2hKVDgk/BoYbZ//36zYsUK2woGL6KzKlWq2GuRHyUTAREIBgEJKp+sE14nPt3S/0vmTwKpEBrMFC9iYSUTENvk09C4Gk/ft99+G7F8QTi1U0891Ya/aDOCN4dt9HxPojWeH2eInaI8hXgTuX80hmcmm1qb4FVF8CD6xowZU2A5AsKKLpwJb8KtBYVxYTlhwgRbX85rnDd69Gjb108mAiIQLAISVD5bL5oZOy8VW+kJnziR5V5qhPB4qVLUz4UXIr1MyXsh7wKhdsYZZ0ScacWKFW17mXDjxct5iRovFcbo5sCY2eHnrahNyIsXSIcOHRK9XaHnIxr8sCONQT7++OM2sRgj72bYsGH2axfiZccdL3ISsYsK2xEeq127tvUAIZboE0ehTVlyCLRt29aG4zA8RlOmTMl3YZ7r8uXLh9rwFFTIk91/Q4cONbQa8hr99dg1SfkDmQiIQDAJSFAFc93yjJpPxQgxcnKopl5Q+w9ahbDbDhHFTiEKDnqTeNOFguRjXvrkVnmNEMcDDzxgSpQoka6hpOU+bneaE0s7duywfd+8IZ5oB+IEcKtWrQwV8fGKhPcFjPZaOi46AohTQnPOaAMVLv4pa9CmTRt7CAn9PNt4CJ1RlgIv1/r160M/47rNmjWzmzX4ACMTAREINgEJqmCvX8TRk5xM7Rte5Gwt50UejZH0isjCwpPSr7rqKps8jQeEXK9EDY8VSep4YrxGzklBzWUTvWeyzn///fdDu6+8X7ODziVk402kYGQ85hLAXTsTvIvURUI8pWInYDxjzJVzli1blq/HIuFSnlG8v84GDBhgHnvsMfstieWEBvEis1OP+lF84HGGJxGP7ODBgw1rLBMBEcgOAhJU2bGORc6CT8zbtm2zO+vYIchuMPJxKIQYryHA+BTOi578HF4weJ6iNXajsduN2j3pFlWuEKS7L/0GvR4z7046Qm6uSGS0cws/Dq+FC60SiqUxtaue3bt3b9O+fXv7ezxQMv8QIATndmCecMIJdscshmeXHY1udyyCF68jRq8/ykSwvq79DD+nuGf//v2VH+Wf5dVIRCCpBCSokoozuBfz5m4xC0ITrocZLwVE2HfffReVtysVyduEK6P1znz44YeGQpmpNgSkC+t4G1ITyiG0ihWUi4ZnrlatWvaYuXPnWmEp8x8BvIXkR2GE5rwNjxFUeGzZUOJaKZ199tn5NpYQCuzRo0c+T5f/ZqsRiYAIJEJAgioRejl8rvPoUPGcfm8kn+MBI5E+aOUFEDZ4jJyx486b/+Lyzfh9zZo1k9K3DoFarVo1e8ulS5faxHSZvwggpBBUGOUdqFpOhXhnPO/syqP9zr333ptn8IRpqR3Vr1+/UB0tf81OoxEBEUg2AQmqZBPV9eIiwCf/kSNHRjyX3K2mTZuabt262RID8Vo05QHivXas55GYTxgQI0ldScmxEkz98Xw4cAVGmzRpYnOeeA6dUbWccKAL9TnhNWTIENsWxi87SlNPSncQARGAgASVngPfEPC2Y4k0KMIro0aNMnfeeadvxhzvQAinOnFIInsySlTEOxadF5kArXrouYgRsuvZs2eh1crxdJKjKBMBEchNAhJUubnuvp014oL6TIW1YqHSNruoeMEF2WjSS7ugVPXxCzIbP4ydWlK9evWyQ8HrRJh79uzZeYbGJgJC3lg0ldH9MC+NQQREIDUEJKhSw1VXTZAAJQh+9atfmUWLFhV4Jfq60e7jtttuS/BumTmdEhXsHDt69GhmBqC7hghQfJadeXv27LHlQcibI5m8sN2dZcuWtZsfOJdNE5QokYmACOQuAQmq3F37QMycelqTJk0KVaqONOhGjRrZyuNuZ12yJkYOTTS7BQnfUYwUcUTtKW9tLcZUUNVy6nCxOyzeelXJmmc6r8N6sisuknlreiVrTDQLpzo5GwDoQEBIjvIYRVWfj+b+CCrXpPqZZ54xnTp1iuY0HSMCIpClBCSosnRhs21as2bNMiQBszuuIOP35Lqce+65UU+f2k/eootRn6gDc5rA5Zdfbtjhijik0C0bC1xNqpwGo8mLQA4TkKDK4cUP4tQXLlxoK1GHV1h3cyFcQxjw7rvvjmp6eJDCW+BEdaIOykkCbCSgrx8lEwhJY1RC/+Uvf5mTPDRpERCB/ycgQaWnIZAEpk6daj1WLiE4fBIkCz/44IO21EKyLNoQIF40XrzU5go3Km3Te5EiqVRrJ0xYv379qIdIvs7q1aujOj5o9cCimlQUBxFGJRyHEfKjIj+8aQWTiFGLiqr25FdRFoFwHw2Rn3766QL7KZLnxyYKmQiIQPYTkKDK/jXO2hl+8803ZtiwYbZfWkFGsvCUKVNsQU6/GZXfyb06duxY2odG7SSERrSGIFmzZk20h9vjaNJNKCweQ7y6CuUFnZ+KivzxjDXZ5xCyjqcumeu3Gc942HEai7CPdA/G7YrVxjMGnSMCQScgQRX0FdT4bYucsWPH2lBfQYZnYfTo0bbitV8MD9JJJ52kXX5JXhDCwQcPHrRXZQclHsEXX3zR0JLIa4jsevXqhQqsut9RHsGJdFoKtWrVyv7q8OHDtvclYpSvEcP0syyoJRJC+Z133kny7LL7cnj8EtlcQuNq8tviNfotujZCsVwDj7jr1RnLeTo2uwhIUGXXeub0bObNm2eee+45s2DBggI53HPPPWb48OGG1iCZNgQVnoFk7DjL9Fz8dn/a+Tz77LOGzQxew/PTsmVLM3DgwAI3L9BGhnYyGM+StywHpREaNmxof9enTx/r/Uy2Ub4hVqPMCDXc4rVYPZbh90G40v9Tlp9Apjypl156aah1UqrXJZb+qaRD0Hw+G4sZS1Cl+knT9dNOgJdo//79Q16K8AHQwPaBBx6wL8RMGoKKHCrCabLECbBbc9q0aYb8uvByF1TXb968ubn11luLvBFeCicOyNFzLYI4kWu4orOul1+RF9QBURMgr5Bit/Gat6l7rNcgJ44XfTzmvJaRzs2UoIpnHuk4hz6pCDAJqnTQ1j1EIEkE8B488sgjhk/vkYzEZXZotW3bNkl3jO0ybpt9Ii+Q2O6YfUcTnqNpMYnhlDHwGo2MEVK0jylVqlRUkycvD8GNyKVJNiE+Zwio6tWr2287duyYz/sV1Q10kAikgQA119JZDgaRxL+XXDd5qHL9Ccjy+fPCfeGFF6yw+uyzzyLOtkaNGmbChAmhvm3pQoJ3CmPnnyx6AlQznzFjhg3vhudF0cy4e/fuNkxH78dYzdu/b8SIEXanqDPy8FxuFTs4nbiK9R46XgREIDsJSFBl57pqVmEE2NE2ffp068nAPR/JeBnfcccddmt8tB6NREATCsBLJUFVNEVCMZSLQPju2rUrzwnsbqOMAV4jVy6h6CtGPmLo0KHm0Ucftb8kmZ2kc4wdiyQdU3qBJHVEukwEREAEvAQkqPQ85BwBtv+TdIw3oiAbMGCAwUNRrly5lPAhpHTiiSdKUBVCl5ILc+bMMa+99lq+2lt4Fdu3b2+9irVr107aGiHOCPOx0+vLL7+0uzAxNjIg5tjZx869OnXqJO2eupAIiEB2EJCgyo511CziILBx40bzhz/8we7kctvsvZfhZdqgQQNbHJSXdzKNliVuezbFJ3lRy4xtLYSIwjvETj2vUSSTCvhNmzZNSbiNnors/iSnrUWLFrbUAkaJhCpVqthE986dO1svp0wEREAEwglIUOmZEIH/Epg7d66ZPXt2aAdXOBTycYYMGWLatWuXcFiJaxM6ct4PyiZQPiFXjbpRtBR66623rDfKa3ifWrdubUN69MxLpbF7j118GDl3rDdGc26+Jjy7detWc/HFF6dyGLq2CIhAQAlIUAV04TTs1BDAc8S2e0ovrFu3LuJNyNUZM2ZMQoX8KPro8rT4mvBfLtmBAwdsUvkTTzyRr0UPHqgmTZqYDh065Cu6mUpGhHgfeughewtEHjl1rA21qyifgJeS2lYyERABEYhEQIJKz4UIFEKARHbCgt7t8xyOdwlvVdeuXc31118fM0Oqu1PgDsNbVbJkyZivEbQTKIqJUJ0/f36eECthNqpbk+yNJ4qyBZkwRNzy5ctt3tz+/fvtECjJ0KNHD+udoon2hRdemImh6Z4iIAIBICBBFYBF0hAzT4Dt+XgtCEvhWfEWjqxQoYLdqk+h0GiL1R06dMjQJgNDXMXT7iLzVAofAb34Nm3aZJYsWWKFFF4pr5FQjhcKEZVpY6fl6aefbtfC5U+R24aAotyG6k5leoV0fxHwPwEJKv+vkUboQwJvvPGGzfuhHpK3yfDtt99u823q1q1b6KgRZM4Tg/Bw4sqHU41pSHh28OaRkxbe9oXif7169bKlKdil5ycjN8qNafLkybbSPuuL14xwLEU9U53D5SceGosIiEDsBCSoYmemM0QgDwF2oxEaJJTl7KabbjKUXqBatyvg6T2JXYVnnXWW/RHVuU877bRAU6XgJd67mTNn5pkHbVzoKYaIohGxX+2ZZ54xXbp0scN77733bAiSulPbt2+3dakGDx7s16FrXCIgAj4hIEHlk4XQMIJPgNAQ9a1IancNj9luT9kF8nAqV64cmiThr/Lly9vv8VY5cRUkCk8++aRZsWKFof+aN5xHMcxrr73W9O3bNzBeHTYZ0N/RNasmrEsSOnlueN2yMSQbpGdNYxWBIBCQoArCKmmMgSLAjrD77rvPlmDYt2+fHTsvZpd0jdeKXltOYPHCTlUB0WSDo0I4BVHxyHntkksusQKEnCg8O0Ez8qYWL15satWqZT1UJMrjOaSUhh9yvILGU+MVgVwkIEGVi6uuOaeFALlVFIecOHFinp5zNBGl3tH9999vx0FYqVq1amkZU6w3IXmeOeun9W4AAAr9SURBVCxatChU6NJdA+8bobwbbrjB1K9fP9ZL++p4SiPQRJvNBbSfIUyJ4N29e7evxqnBiIAI+JeABJV/10YjyyICeKsII82bN8+we8xr48aNsxXA/ZKYTi0uPFHkhCGkvMYuxmbNmlkhdeWVV2bFClEhnR1+GAnpmzdvtmFbKujTZFkmAiIgAtEQkKCKhpKOEYEkEcALQnHIKVOmmD179oSuSogJT0+/fv3s3+k2QpMklSMiCHN5De8Z1copHUCxy2yzd999N9QEmbkzTzxWCCvlTmXbams+IpA6AhJUqWOrK4tAgQTw/rRp08b+vlKlSjanylnx4sVt3g67zig2mSoj14u8ITxnK1euzHMbxkQJCBLqySvKZqNa+1133WWneO+999pq6XgNR44cmc3T1txEQASSTECCKslAdTkRiIYAuwBHjx5tK66PGjXK4CUhzDZt2jSbDO2MnYCImp49eyYlz4oaUYQfEVIkX3uNOkzszsNDE0/192jm7cdjevfubSj7QBFPcsaOHj1q3n//fUMzZpkIiIAIREtAgipaUjpOBNJEYMeOHTYkyEveWzSUvKWxY8daj1a0hmhavXq19UC9/vrrecQa16DeErvzCOnlalsVamWtX7/eXHPNNebtt982bdu2tV47mQiIgAjEQkCCKhZaOlYE0kxg2bJlhqKT3qrj55xzji0aSqsbl0zthoUHauPGjVYgkFgdblQrJ4xIA+Kbb745JnGW5qmn5Xa0mqGo6vHjx03FihXN3r17rQcPNjIREAERiIWABFUstHSsCGSIAAJp/PjxeUoXIAQQRoSmPvroI1uaAe+W1xBcVCinrEGjRo2KbImToell7LYI0Kuuuip0f7x/u3btsgU+ZSIgAiIQCwEJqlho6VgRyDAB8quok0RtqC+++CLfaOgPWKdOHRu+Iox32WWXZXjE/r79pEmTbO/FYsWKmR9++MHw/aBBg/w96CwdHWFpPhSw05TdlXhl2f0qE4GgEJCgCspKaZw5S2DDhg1m1apVtiYUbV68VqJEiVCbG/dzduWRF0Vl9lzNi4r2YUF08gLHaP+Dd4qwqCz1BGg+TXiaHL9NmzYZ+lt6jeeeDwcyEQgKAQmqoKyUxpkzBGhFQwI5n9hJTA+3Bg0a2FpV5EK5hsMzZsywuVac57WaNWva4pQ33nhjTu3ci/ZhISRKYU8aWNOXsGHDhtGequNiIEBImp2s69atMwglQq3hVr16dcMfynXQvoiOAjIRCBIBCaogrZbGmrUEyJHCU7J06VL7ad1rVFB35QyoTl6Y1+nzzz+3JREoHrp27dp8vNjBRjiwZcuWhtYxuWw0sz7//PMtgltuucUsWbIkl3Ekbe7UVPv0009toVg8quyc9O5WdTeCPb0fKRZLaJp2PzIRCDIBCaogr57GHlgC9O+j7hQvm/D2LkyKcgaNGzc27dq1y5M0HcuEebERVkFYzZ07N9+pvMQIqbCjjeR2ktxzydjRhzilJtgHH3xgaPAsi40AwmnLli22phnPMp0A+Fm4lSpVyn4oYHMEXlU+GBBilYlANhGQoMqm1dRcfEuA/nh4oBA3CKkDBw7kGyuV0+mTh7ihoGeyDY/Bq6++ar1gkUIuV199dSg0iJjLBfvkk09suM+vzan9sgaEobdu3Wpznvia8F14Pp93rDxL9H287rrrrIjK9mr7flknjSOzBCSoMstfd89iAi+99JJ98RBKovJ2uPGyIQ+qRYsWae+RR9sZXo4vv/yyFVnh5RbKlStn+9tRNZ1cFgmOLH5QPVMjb4/kcDx2LnRXmHDiVAQTuXp4+BBOlKEoXbp0bgDTLEXAQ0CCSo+DCCSJAMKEQpwk3UZ6CVHjiJ13hDwI5fnJ2N1GQjvjXrNmjdm5c2ee4dGKhoRtPFe8QGXBJEA4DqFEmA4vKaKapPyiRBOzRTRR/JTQHfl3iCd5noL5HGjUqSEgQZUarrpqDhBguze7lsgdQYQQCvEaXh5CeHh48EJVrlw5MFQID+KtQCCGv2wJR/JyxcNGQjEv1apVqwZmbtk8UJK/EfTkh3388cch4YSQwitZlFGFnx125JbxAYBcPpLHVb6gKHL6vQgYI0Glp0AEoiRA+G7btm1m3rx5oZCI91TCYnhyqEjO9u/atWtHeWV/H/b111/bOZNDM3369Ig7tpgBSe54LxCOlGlgN6Es+QQo7koSOM/ivn37DBsc8Cgi7KMx1qVkyZLW0+j+pnxEtjyv0TDQMSKQCgISVKmgqmtmHQFeVogFr/HJnd1KdevWtWG88N9nHYT/TQgWeDwo70Bye2HhIl7SVG93O7wuuOAC5WNF+WCQx0Q+E7wRUIToognN4V0iNAd7Sm7gSaQSPGJfJgIikDoCElSpY6srZxEBXmadO3c233//vc1/omaOPDD/v8CHDh2yYU8E1ubNm83y5cttbk5BdvHFF5sKFSpYbxa9CDGYIr7CLReEAOFVuOEF5G9YFmaEWgm9IlSLFy9uvU14SF1drSz6p6epiEBgCEhQBWapNFARCBYBioyyexCRRa4ZNYoilWuIZ1aIiOPHj9scLrwwGKKCpsbkrtWoUSN02VTvOiNXiZwlZ86z5L53ITrvPOlZ99VXX4V6CEZiUKZMGSsyyWUih4lcPL5WO6F4nhidIwKpJyBBlXrGuoMIiICHgKtpdPToUSu0MPezcFCIsvAdhxzjBFWsYE855ZSILU1cXpH3eseOHYuYl1TQmGIdi3ceJPYjlBCChOhI+seDJxMBEQgOAQmq4KyVRioCIhBGgFBZuCCjjc+RI0fsz0naxoOUakMEIfIwRBu5dV4jn4nEb2eENtVqJdWrouuLQHoJSFCll7fuJgIikEEChBwPHz6cZwSEJfE6RbKCQmyE4HKtVU8Gl023FoFAEJCgCsQyaZAiIAIiIAIiIAJ+JiBB5efV0dhEQAREQAREQAQCQUCCKhDLpEGKgAiIgAiIgAj4mYAElZ9XR2MTAREQAREQAREIBAEJqkAskwYpAiIgAiIgAiLgZwISVH5eHY1NBERABERABEQgEAQkqAKxTBqkCIiACIiACIiAnwlIUPl5dTQ2ERABERABERCBQBCQoArEMmmQIiACIiACIiACfiYgQeXn1dHYREAEREAEREAEAkFAgioQy6RBioAIiIAIiIAI+JmABJWfV0djEwEREAEREAERCAQBCapALJMGKQIiIAIiIAIi4GcCElR+Xh2NTQREQAREQAREIBAEJKgCsUwapAiIgAiIgAiIgJ8JSFD5eXU0NhEQAREQAREQgUAQkKAKxDJpkCIgAiIgAiIgAn4mIEHl59XR2ERABERABERABAJBQIIqEMukQYqACIiACIiACPiZgASVn1dHYxMBERABERABEQgEAQmqQCyTBikCIiACIiACIuBnAhJUfl4djU0EREAEREAERCAQBCSoArFMGqQIiIAIiIAIiICfCUhQ+Xl1NDYREAEREAEREIFAEJCgCsQyaZAiIAIiIAIiIAJ+JiBB5efV0dhEQAREQAREQAQCQUCCKhDLpEGKgAiIgAiIgAj4mYAElZ9XR2MTAREQAREQAREIBAEJqkAskwYpAiIgAiIgAiLgZwISVH5eHY1NBERABERABEQgEAQkqAKxTBqkCIiACIiACIiAnwlIUPl5dTQ2ERABERABERCBQBCQoArEMmmQIiACIiACIiACfiYgQeXn1dHYREAEREAEREAEAkFAgioQy6RBioAIiIAIiIAI+JnA/wGuOkxHms3JNgAAAABJRU5ErkJggg==\"}}','[]','2026-05-10 05:49:42','2026-05-10 05:49:42'),(183,'default','updated','App\\Models\\Teacher',22,'updated','App\\Models\\User',135,'{\"old\": {\"updated_at\": \"2026-05-10T05:49:42.000000Z\", \"signature_path\": \"data:image/png;base64,iVBORw0KGgoAAAANSUhEUgAAAlQAAACYCAYAAAAiLXfPAAAgAElEQVR4Xu2dCdyNZfrHbxpR2mUJlZgW1IRqVESJxiQR2caeLDW2sSVbjaQonxnNNGpiUEgSYVKJkqWFoaJQYSgzlhaawWSm9J/v/Zn7/J/3vOd937Of5znnd30+Pt7lWe77ez88v3Nd131dxX74rxmZCIiACIiACIiACIhA3ASKSVDFzU4nioAIiIAIiIAIiIAlIEGlB0EEREAEREAEREAEEiQgQZUgQJ0uAiIgAiIgAiIgAhJUegZEQAREQAREQAREIEECElQJAtTpIiACIiACIiACIiBBpWdABERABERABERABBIkIEGVIECdLgIiIAIiIAIiIAISVHoGREAEREAEREAERCBBAhJUCQLU6SIgAiIgAiIgAiIgQaVnQAREQAREQAREQAQSJCBBlSBAnS4CIiACIiACIiACElR6BkRABERABERABEQgQQISVAkC1OkiIAIiIAIiIAIiIEGlZ0AEREAEREAEREAEEiQgQZUgQJ0uAiIgAiIgAiIgAhJUegZEQAREQAREQAREIEECElQJAtTpIiACIiACIiACIiBBpWdABERABERABERABBIkIEGVIECdLgIiIAIiIAIiIAISVHoGREAEREAEMkJg79695uGHHzbFihUzI0aMMOXKlcvIOHRTEUgGAQmqZFDUNURABERABGIisHjxYjN48GCzfft2e163bt3M9OnTY7qGDhYBPxGQoPLTamgsIiACIpDlBA4ePGi6dOli/vznP+eZKT+bOXNmls9e08tmAhJU2by6mpsIiIAI+IjArFmzzPDhw83f/va3PKOqV6+eWbBggUJ+PlorDSV2AhJUsTPTGSKQEAHljSSETycHkMCqVavM2LFjzYoVK/KMvmzZsmbSpEmmU6dONo9KJgJBJiBBFeTV09gDSeAXv/iFefbZZ+3YFeYI5BJq0DEQaNeunZk3b16+My666CLz/PPPm5/85CcxXE2HioB/CUhQ+XdtNLIsJdCxY0czZ84cO7vzzjvP7N69O0tnqmnlOoFevXqZp556Kh+GqlWrmrVr15oKFSrkOiLNP4sISFBl0WJqKsEg8OSTT5o+ffqEBrtnzx5TqVKlYAxeoxSBKAkQxps9e3a+o/FILVu2zJQvXz7KK+kwEQgGAQmqYKyTRplFBDZu3GiuuOKK0IzY7dSsWbMsmqGmkssEvvzyS9O+fft8+VIwadKkiXnllVdM8eLFcxmR5p6lBCSosnRhNS3/EtixY4f58Y9/HBrgo48+auvxyEQg6AQ+++wz06pVK7Nhw4Z8Uxk3bpwZOXJk0Keo8YtAgQQkqPRwiECaCXzwwQemVq1aobu2bt3azJ8/P82j0O1EILkEKIVw7bXXGkRVuLGTb9CgQcm9oa4mAj4jIEHlswXRcLKfAFvIGzZsGJroySefbI4cOZL9E9cMs5YAHqnGjRubQ4cO5Zvjr3/9azNmzJisnbsmJgKOgASVngURSDOByZMnm4EDB+a566uvvmpuuummNI9EtxOBxAlMnTrV9OzZM+KF/vSnP5nu3bsnfhNdQQQCQECCKgCLpCFmF4FIL6AXXnjB5p7IRCBIBIYMGWILc4Zb6dKlba215s2bB2k6GqsIJERAgiohfDpZBGInQFPYFi1a5DmRn+nlEztLnZEZAvv377c7+VauXJlvAOXKlTMvv/yyqVOnTmYGp7uKQIYISFBlCLxum7sEFi1aZFq2bJkHwMKFC/P9LHcJaeZ+JkDdtNtuu8385S9/yTfM6tWr26bHFO6UiUCuEZCgyrUV13wzTmDJkiXm1ltvlYcq4yuR+QEcOHDAjB8/3iZzT5w40ffNgWfOnGnz/yIln3ft2tXMmDEj81A1AhHIEAEJqgyB121zl0CkkJ88VLn3PFAA8/rrrzcfffRRaPI/+9nPzO9///s8dcr8QObvf/+7DVNH8koxPnr1tWnTxg9D1RhEIGMEJKgyhl43zlUCS5cuzVcZnTBguNcqV/nkwrw//vhjQ5NsquaHGyLrjTfe8A0GPGi/+c1vDAIw3M466yzrlVL+n2+WSwPJIAEJqgzC161zkwA5JuEvoKJ2+VE08dNPP80H7NRTT83TxiY3iQZr1uvXr7cJ3Tt37gwN/IQTTjDff/996HuKv9LzLpPGM4mYiiT6GFejRo3MM888YypWrJjJYereIuAbAhJUvlkKDSTbCOzdu9fgiXD2+eefG9rO8GfWrFl5pluzZk1TpkwZQ9HPZFmFChXMxRdfnOelfd1114W+P/HEE21la69x/DnnnJOsIeg6YQTwTt5yyy3mhx9+CP2G+mMIE8QxLYkIr91xxx1m2rRpGeGHJ4q6Ui+++GLE+7OL7/HHHze33357Rsanm4qAXwlIUPl1ZTQuXxFgZ9P27dvtmA4ePGjwIDh76623zL///W/rYVizZo0pVqxYnhdmsiaCx+LMM8/Mc7k333wzWZcPXceN/8ILLwx5HxB7l112mbnooousZwKxJouNAM8PpQT++c9/hk7s16+feeSRR0zJkiXtzxDanTt3Nojdffv25Vvv2O4Y+9GE9iZMmGAoixDJ2N2HmJLojp2tzsh+AhJU2b/GmuH/CGzdutVs2rTJnH322YYQCwm2hw8fDvF57733zDfffBP6Pl6xUrx4cXP8+HF7nQYNGliBhfHz+vXr215n7Jby2v3332/b0ZQvX96w9TwZFl4jCG8ZXjNn4d8z5tWrV9txuvFHGgfz6dGjh3nsscfMSSedlIyhZv01ENz0b+QZdBapKfbXX39tReyxY8dMOquMr1u3znTq1CliWJnxXnDBBbaAJ4JKJgIiEJmABJWejMAQIARCOATRwwuH3VG8/HlZHT161L6s+GSPp8jrBUjVBC+//HJzxhlnmNq1a5vTTz/denDw5JBUXJghWhBaXnvuuedM27ZtUzXUuK7rPG+cjOeNPC6qXzvRiZeKrf68iJ1ojOtGOXDSQw89ZEaMGBGaKV4oRHUkbtQoY5NC3759ze9+97uU03nwwQfNqFGjCrwPvfiGDRtmSpUqlfKx6AYiEGQCElRBXr2Aj53kXF7ahDYQSnhuEEJbtmwx//rXvzI6O14edevWtS+8q6++2oZkLr30UuvdIt+pbNmycY/v7bffzpe75EdBFWmCePR++9vfWu/UF198YQ8599xzzVNPPWXY8i/LTwCxT4jsH//4h/0lon/Xrl0Fhs14Fkha53nbvHlzypDygaRbt24RSyHwfCPsEIFVqlRJ2Rh0YRHIJgISVNm0mj6aCzkYNPzFm0FojVAG4TZEU6YNsfTTn/7UiqVKlSoZcoXwtlxyySVWMPEiS6UhIuvVq5fnFnPmzDEdOnRI5W2Tem3W9eabb7aCGPvRj35kPvzwwzxJ8Em9YYAvRo4UHh5nd999t81DKsjIYxo0aJAVqqn49/Ltt98aPGZjx47NNwTCjR07djRDhw5N6ENDgJdLQxeBuAlIUMWNLrdPZKcaOUe7d+8227ZtszvX+NT91VdfhT6JZ4IQOUrkR7ETqUaNGjYkiIcJr4ATTZkYl/eeCEvChV4LiofKO2Z2g/Xv39+GAbEBAwZY75UsLwGEutvtybNJ+QtykiLZ3LlzQ8J68uTJlm8yjR57ffr0ySfUCF3zczxS7DaUiYAIxE5Agip2Zjlzxtq1a0NiiWRmQgS0ykBEpdMIveFVIk+JfCXMhd/42uUwpXNMidyLXC/EnteC5qHyjh3B+u6779qwKDWLwueWCKugnxuen4RAQih5jQ8hzz//vP0DxyNHjtiQKjsAk2WE0kmCj+SVovwB99POvWTR1nVylYAEVY6tPD24aBNB4jZ5Srzc8eKQcMwfQjmEGbxFBlOFCCF02mmn2do7lStXNiVKlLB5S4SP+FSfrVvz//rXv+ZrHhtED5V7LhACLqEeL8eUKVNS9cgE7rp4ovDcOkMw8cyTP4iHF4+Ud+clx5GjR/g0WYZ3rEuXLoadfF6jHhYiy1urLFn31HVEIBcJSFBlwaqTx0LIDYGEYOI/Tr4m0ZvwAp94022uZpITS7xYzj//fOvFuOaaa9I9HF/dj3Uhd8trhM1IRA6itW7d2ixYsMAOnYKQf/zjH4M4jaSPmZCod/MCJSYoiRGp8njTpk1t7hIfJK688sqkjQXPJ54uchidNWnSxIwbN87mEcpEQASSR0CCKnksU3YlPsE+/PDDdscP9YH49EqYIJPmqnA7oYSA4uXhrcSdyfH5+d6EX/BSeG3+/PkGYRI0o40OPQhd5W/6unXt2jVo00jqePkwgyeKJse0b4lklNYg34/yGQicZBs7Crt37x4Sulwfz9ddd91lq7Crfliyiet6ImCMBFUAngKaqLrE33QM1xV2JPxGZeyqVauGdr/RDDXTPcbSwSCV9/jPf/5jk+S9RpuPFi1apPK2Sb82DXxpm/Ldd9+Frk17HcK3uWYIqA0bNpiFCxea5cuXR5w+3jvCbLT7YTdpqow6Z717985TRJSdhezsCxfyqRqDrisCuUhAgioAq04oANd9POYtEcD5hBNOOeUUeylvkjffSyzFQzi+c1gXipM6e+WVVwJVx4n8H7yR3nAyQgpBlQtGLTFC7fzh6/A8KFjQrsgZZTIojppKw4NNPTBvMVA+EFFxPbxMRyrHoWuLQK4SkKAKwMrznzWfLtluj4U3sKWOkjcnx1Xs9svUXMiSuk9sy6akQa4bDFxhTFi8/vrr5oYbbvA9FjYs0Mg3vLI2IWAEQ7Vq1Xw/h1gHSN/GTz75xO5yxfvDWoUbApndjj//+c9tCBRG48ePDx2G0LnzzjtjvXWRx5Mbhff6iSeeyJPIfvLJJxsqnA8ZMqTIa+gAERCB5BCQoEoOR12lEALekCWVmadPn57zvBDFvKSdUfz0iiuu8B0XRN/TTz9tvRyIKW/vQzdY8ugI/7HpIMhGORB2YOJxYuMAHh/WpaBNHTfeeKPNgSIXiobRzgjpshnDFeVkIwblRpIZbmMdaMU0cODAPMjpB8mOPkohJPN+QV5XjV0E0kVAgipdpHP4Pt6QZenSpe3LhU/QuWx16tSx2+ad8fJOdYX2aHgjHiirgVeGcggIi8KMXWmrVq0KRFVtcpzYEOCaQm/fvt2G5Ujg9q5FpPkinJgrQpivC9uJhwD1JubzNcn6yTDKnFDHavbs2XnEbfPmzU2vXr1sjpZMBEQgMwQkqDLDPafuivfC+wme1hrhn6xzCsh/J0t4b+XKlaFpZyqZm12jU6dONYsXL7Yiypv3U9ianHnmmbbXG7tP/RDCffPNN+1OQzxKeG9omO3a4iCcqLEWjVFKgN2qCCbEE143kshjMULw3NMZCeuJlihgFyi7BpmnM8ZJk2Vqf3FPmQiIQGYJSFBlln9O3J2XG5/uCadghIgId1HAM1cNT8JLL70Umj5lMNgUkGpDdJDfw4v5tddeizqJnJc3YSySmwl10QiZnLhUGCE3l7DvvErcB4HEs4QxDzxjjMGVbChqLGXKlLFeQJ47wnTsZnV/h+clFnWtgn5Paxd6HDrj+uRdxWMIQ0KtkyZNytMqhjpuffv2NYTSZSIgAv4hIEHln7XI6pGQVE9CujO+Hz58eFbPubDJkeeCsMF4sZN3w9/Jti1btlhPGKEiBJwTtUXdhzYk5OOQaI0XJFGx57xxCCUEE+b1IhGG27dvX1HDyvd7V+IDoYRgOu+880JV6F17IkpUxOplinkg/zuBpHR2bDpDtDZu3DimyxESR0RRIJVCvc4IE99333026V0mAiLgPwISVD5bE1q+sFvKfeqmnx4vW69ROHDnzp02H4SQDS8pjuEcXlJ8zc+oykyJBK5ZUHsJPuGTExLubUjmS4iXJbk5vFgOHjxop8L1yVvJ1b5v7dq1s7lKGHllFMiM1tht5t0h6M7jZyRC81wQQuRP+LMTzT0ieX2cd6eo82mzkmivR8KJrtYZX7tG0pQiwEvmLFlepaLmFO3vCSsi6Pg3iVHH7Z133on2dJuzxs481tcZ4VTEN0VfEbcyERAB/xKQoPLJ2vDiIxQWba6HT4adU8OIJbwUZDDO65PMOSAMEPiYVxhR7oP8H9jiEQuyTZw40dxzzz2hKVDgk/BoYbZ//36zYsUK2woGL6KzKlWq2GuRHyUTAREIBgEJKp+sE14nPt3S/0vmTwKpEBrMFC9iYSUTENvk09C4Gk/ft99+G7F8QTi1U0891Ya/aDOCN4dt9HxPojWeH2eInaI8hXgTuX80hmcmm1qb4FVF8CD6xowZU2A5AsKKLpwJb8KtBYVxYTlhwgRbX85rnDd69Gjb108mAiIQLAISVD5bL5oZOy8VW+kJnziR5V5qhPB4qVLUz4UXIr1MyXsh7wKhdsYZZ0ScacWKFW17mXDjxct5iRovFcbo5sCY2eHnrahNyIsXSIcOHRK9XaHnIxr8sCONQT7++OM2sRgj72bYsGH2axfiZccdL3ISsYsK2xEeq127tvUAIZboE0ehTVlyCLRt29aG4zA8RlOmTMl3YZ7r8uXLh9rwFFTIk91/Q4cONbQa8hr99dg1SfkDmQiIQDAJSFAFc93yjJpPxQgxcnKopl5Q+w9ahbDbDhHFTiEKDnqTeNOFguRjXvrkVnmNEMcDDzxgSpQoka6hpOU+bneaE0s7duywfd+8IZ5oB+IEcKtWrQwV8fGKhPcFjPZaOi46AohTQnPOaAMVLv4pa9CmTRt7CAn9PNt4CJ1RlgIv1/r160M/47rNmjWzmzX4ACMTAREINgEJqmCvX8TRk5xM7Rte5Gwt50UejZH0isjCwpPSr7rqKps8jQeEXK9EDY8VSep4YrxGzklBzWUTvWeyzn///fdDu6+8X7ODziVk402kYGQ85hLAXTsTvIvURUI8pWInYDxjzJVzli1blq/HIuFSnlG8v84GDBhgHnvsMfstieWEBvEis1OP+lF84HGGJxGP7ODBgw1rLBMBEcgOAhJU2bGORc6CT8zbtm2zO+vYIchuMPJxKIQYryHA+BTOi578HF4weJ6iNXajsduN2j3pFlWuEKS7L/0GvR4z7046Qm6uSGS0cws/Dq+FC60SiqUxtaue3bt3b9O+fXv7ezxQMv8QIATndmCecMIJdscshmeXHY1udyyCF68jRq8/ykSwvq79DD+nuGf//v2VH+Wf5dVIRCCpBCSokoozuBfz5m4xC0ITrocZLwVE2HfffReVtysVyduEK6P1znz44YeGQpmpNgSkC+t4G1ITyiG0ihWUi4ZnrlatWvaYuXPnWmEp8x8BvIXkR2GE5rwNjxFUeGzZUOJaKZ199tn5NpYQCuzRo0c+T5f/ZqsRiYAIJEJAgioRejl8rvPoUPGcfm8kn+MBI5E+aOUFEDZ4jJyx486b/+Lyzfh9zZo1k9K3DoFarVo1e8ulS5faxHSZvwggpBBUGOUdqFpOhXhnPO/syqP9zr333ptn8IRpqR3Vr1+/UB0tf81OoxEBEUg2AQmqZBPV9eIiwCf/kSNHRjyX3K2mTZuabt262RID8Vo05QHivXas55GYTxgQI0ldScmxEkz98Xw4cAVGmzRpYnOeeA6dUbWccKAL9TnhNWTIENsWxi87SlNPSncQARGAgASVngPfEPC2Y4k0KMIro0aNMnfeeadvxhzvQAinOnFIInsySlTEOxadF5kArXrouYgRsuvZs2eh1crxdJKjKBMBEchNAhJUubnuvp014oL6TIW1YqHSNruoeMEF2WjSS7ugVPXxCzIbP4ydWlK9evWyQ8HrRJh79uzZeYbGJgJC3lg0ldH9MC+NQQREIDUEJKhSw1VXTZAAJQh+9atfmUWLFhV4Jfq60e7jtttuS/BumTmdEhXsHDt69GhmBqC7hghQfJadeXv27LHlQcibI5m8sN2dZcuWtZsfOJdNE5QokYmACOQuAQmq3F37QMycelqTJk0KVaqONOhGjRrZyuNuZ12yJkYOTTS7BQnfUYwUcUTtKW9tLcZUUNVy6nCxOyzeelXJmmc6r8N6sisuknlreiVrTDQLpzo5GwDoQEBIjvIYRVWfj+b+CCrXpPqZZ54xnTp1iuY0HSMCIpClBCSosnRhs21as2bNMiQBszuuIOP35Lqce+65UU+f2k/eootRn6gDc5rA5Zdfbtjhijik0C0bC1xNqpwGo8mLQA4TkKDK4cUP4tQXLlxoK1GHV1h3cyFcQxjw7rvvjmp6eJDCW+BEdaIOykkCbCSgrx8lEwhJY1RC/+Uvf5mTPDRpERCB/ycgQaWnIZAEpk6daj1WLiE4fBIkCz/44IO21EKyLNoQIF40XrzU5go3Km3Te5EiqVRrJ0xYv379qIdIvs7q1aujOj5o9cCimlQUBxFGJRyHEfKjIj+8aQWTiFGLiqr25FdRFoFwHw2Rn3766QL7KZLnxyYKmQiIQPYTkKDK/jXO2hl+8803ZtiwYbZfWkFGsvCUKVNsQU6/GZXfyb06duxY2odG7SSERrSGIFmzZk20h9vjaNJNKCweQ7y6CuUFnZ+KivzxjDXZ5xCyjqcumeu3Gc942HEai7CPdA/G7YrVxjMGnSMCQScgQRX0FdT4bYucsWPH2lBfQYZnYfTo0bbitV8MD9JJJ52kXX5JXhDCwQcPHrRXZQclHsEXX3zR0JLIa4jsevXqhQqsut9RHsGJdFoKtWrVyv7q8OHDtvclYpSvEcP0syyoJRJC+Z133kny7LL7cnj8EtlcQuNq8tviNfotujZCsVwDj7jr1RnLeTo2uwhIUGXXeub0bObNm2eee+45s2DBggI53HPPPWb48OGG1iCZNgQVnoFk7DjL9Fz8dn/a+Tz77LOGzQxew/PTsmVLM3DgwAI3L9BGhnYyGM+StywHpREaNmxof9enTx/r/Uy2Ub4hVqPMCDXc4rVYPZbh90G40v9Tlp9Apjypl156aah1UqrXJZb+qaRD0Hw+G4sZS1Cl+knT9dNOgJdo//79Q16K8AHQwPaBBx6wL8RMGoKKHCrCabLECbBbc9q0aYb8uvByF1TXb968ubn11luLvBFeCicOyNFzLYI4kWu4orOul1+RF9QBURMgr5Bit/Gat6l7rNcgJ44XfTzmvJaRzs2UoIpnHuk4hz6pCDAJqnTQ1j1EIEkE8B488sgjhk/vkYzEZXZotW3bNkl3jO0ybpt9Ii+Q2O6YfUcTnqNpMYnhlDHwGo2MEVK0jylVqlRUkycvD8GNyKVJNiE+Zwio6tWr2287duyYz/sV1Q10kAikgQA119JZDgaRxL+XXDd5qHL9Ccjy+fPCfeGFF6yw+uyzzyLOtkaNGmbChAmhvm3pQoJ3CmPnnyx6AlQznzFjhg3vhudF0cy4e/fuNkxH78dYzdu/b8SIEXanqDPy8FxuFTs4nbiK9R46XgREIDsJSFBl57pqVmEE2NE2ffp068nAPR/JeBnfcccddmt8tB6NREATCsBLJUFVNEVCMZSLQPju2rUrzwnsbqOMAV4jVy6h6CtGPmLo0KHm0Ucftb8kmZ2kc4wdiyQdU3qBJHVEukwEREAEvAQkqPQ85BwBtv+TdIw3oiAbMGCAwUNRrly5lPAhpHTiiSdKUBVCl5ILc+bMMa+99lq+2lt4Fdu3b2+9irVr107aGiHOCPOx0+vLL7+0uzAxNjIg5tjZx869OnXqJO2eupAIiEB2EJCgyo511CziILBx40bzhz/8we7kctvsvZfhZdqgQQNbHJSXdzKNliVuezbFJ3lRy4xtLYSIwjvETj2vUSSTCvhNmzZNSbiNnors/iSnrUWLFrbUAkaJhCpVqthE986dO1svp0wEREAEwglIUOmZEIH/Epg7d66ZPXt2aAdXOBTycYYMGWLatWuXcFiJaxM6ct4PyiZQPiFXjbpRtBR66623rDfKa3ifWrdubUN69MxLpbF7j118GDl3rDdGc26+Jjy7detWc/HFF6dyGLq2CIhAQAlIUAV04TTs1BDAc8S2e0ovrFu3LuJNyNUZM2ZMQoX8KPro8rT4mvBfLtmBAwdsUvkTTzyRr0UPHqgmTZqYDh065Cu6mUpGhHgfeughewtEHjl1rA21qyifgJeS2lYyERABEYhEQIJKz4UIFEKARHbCgt7t8xyOdwlvVdeuXc31118fM0Oqu1PgDsNbVbJkyZivEbQTKIqJUJ0/f36eECthNqpbk+yNJ4qyBZkwRNzy5ctt3tz+/fvtECjJ0KNHD+udoon2hRdemImh6Z4iIAIBICBBFYBF0hAzT4Dt+XgtCEvhWfEWjqxQoYLdqk+h0GiL1R06dMjQJgNDXMXT7iLzVAofAb34Nm3aZJYsWWKFFF4pr5FQjhcKEZVpY6fl6aefbtfC5U+R24aAotyG6k5leoV0fxHwPwEJKv+vkUboQwJvvPGGzfuhHpK3yfDtt99u823q1q1b6KgRZM4Tg/Bw4sqHU41pSHh28OaRkxbe9oXif7169bKlKdil5ycjN8qNafLkybbSPuuL14xwLEU9U53D5SceGosIiEDsBCSoYmemM0QgDwF2oxEaJJTl7KabbjKUXqBatyvg6T2JXYVnnXWW/RHVuU877bRAU6XgJd67mTNn5pkHbVzoKYaIohGxX+2ZZ54xXbp0scN77733bAiSulPbt2+3dakGDx7s16FrXCIgAj4hIEHlk4XQMIJPgNAQ9a1IancNj9luT9kF8nAqV64cmiThr/Lly9vv8VY5cRUkCk8++aRZsWKFof+aN5xHMcxrr73W9O3bNzBeHTYZ0N/RNasmrEsSOnlueN2yMSQbpGdNYxWBIBCQoArCKmmMgSLAjrD77rvPlmDYt2+fHTsvZpd0jdeKXltOYPHCTlUB0WSDo0I4BVHxyHntkksusQKEnCg8O0Ez8qYWL15satWqZT1UJMrjOaSUhh9yvILGU+MVgVwkIEGVi6uuOaeFALlVFIecOHFinp5zNBGl3tH9999vx0FYqVq1amkZU6w3IXmeOeun9W4AAAr9SURBVCxatChU6NJdA+8bobwbbrjB1K9fP9ZL++p4SiPQRJvNBbSfIUyJ4N29e7evxqnBiIAI+JeABJV/10YjyyICeKsII82bN8+we8xr48aNsxXA/ZKYTi0uPFHkhCGkvMYuxmbNmlkhdeWVV2bFClEhnR1+GAnpmzdvtmFbKujTZFkmAiIgAtEQkKCKhpKOEYEkEcALQnHIKVOmmD179oSuSogJT0+/fv3s3+k2QpMklSMiCHN5De8Z1copHUCxy2yzd999N9QEmbkzTzxWCCvlTmXbams+IpA6AhJUqWOrK4tAgQTw/rRp08b+vlKlSjanylnx4sVt3g67zig2mSoj14u8ITxnK1euzHMbxkQJCBLqySvKZqNa+1133WWneO+999pq6XgNR44cmc3T1txEQASSTECCKslAdTkRiIYAuwBHjx5tK66PGjXK4CUhzDZt2jSbDO2MnYCImp49eyYlz4oaUYQfEVIkX3uNOkzszsNDE0/192jm7cdjevfubSj7QBFPcsaOHj1q3n//fUMzZpkIiIAIREtAgipaUjpOBNJEYMeOHTYkyEveWzSUvKWxY8daj1a0hmhavXq19UC9/vrrecQa16DeErvzCOnlalsVamWtX7/eXHPNNebtt982bdu2tV47mQiIgAjEQkCCKhZaOlYE0kxg2bJlhqKT3qrj55xzji0aSqsbl0zthoUHauPGjVYgkFgdblQrJ4xIA+Kbb745JnGW5qmn5Xa0mqGo6vHjx03FihXN3r17rQcPNjIREAERiIWABFUstHSsCGSIAAJp/PjxeUoXIAQQRoSmPvroI1uaAe+W1xBcVCinrEGjRo2KbImToell7LYI0Kuuuip0f7x/u3btsgU+ZSIgAiIQCwEJqlho6VgRyDAB8quok0RtqC+++CLfaOgPWKdOHRu+Iox32WWXZXjE/r79pEmTbO/FYsWKmR9++MHw/aBBg/w96CwdHWFpPhSw05TdlXhl2f0qE4GgEJCgCspKaZw5S2DDhg1m1apVtiYUbV68VqJEiVCbG/dzduWRF0Vl9lzNi4r2YUF08gLHaP+Dd4qwqCz1BGg+TXiaHL9NmzYZ+lt6jeeeDwcyEQgKAQmqoKyUxpkzBGhFQwI5n9hJTA+3Bg0a2FpV5EK5hsMzZsywuVac57WaNWva4pQ33nhjTu3ci/ZhISRKYU8aWNOXsGHDhtGequNiIEBImp2s69atMwglQq3hVr16dcMfynXQvoiOAjIRCBIBCaogrZbGmrUEyJHCU7J06VL7ad1rVFB35QyoTl6Y1+nzzz+3JREoHrp27dp8vNjBRjiwZcuWhtYxuWw0sz7//PMtgltuucUsWbIkl3Ekbe7UVPv0009toVg8quyc9O5WdTeCPb0fKRZLaJp2PzIRCDIBCaogr57GHlgC9O+j7hQvm/D2LkyKcgaNGzc27dq1y5M0HcuEebERVkFYzZ07N9+pvMQIqbCjjeR2ktxzydjRhzilJtgHH3xgaPAsi40AwmnLli22phnPMp0A+Fm4lSpVyn4oYHMEXlU+GBBilYlANhGQoMqm1dRcfEuA/nh4oBA3CKkDBw7kGyuV0+mTh7ihoGeyDY/Bq6++ar1gkUIuV199dSg0iJjLBfvkk09suM+vzan9sgaEobdu3Wpznvia8F14Pp93rDxL9H287rrrrIjK9mr7flknjSOzBCSoMstfd89iAi+99JJ98RBKovJ2uPGyIQ+qRYsWae+RR9sZXo4vv/yyFVnh5RbKlStn+9tRNZ1cFgmOLH5QPVMjb4/kcDx2LnRXmHDiVAQTuXp4+BBOlKEoXbp0bgDTLEXAQ0CCSo+DCCSJAMKEQpwk3UZ6CVHjiJ13hDwI5fnJ2N1GQjvjXrNmjdm5c2ee4dGKhoRtPFe8QGXBJEA4DqFEmA4vKaKapPyiRBOzRTRR/JTQHfl3iCd5noL5HGjUqSEgQZUarrpqDhBguze7lsgdQYQQCvEaXh5CeHh48EJVrlw5MFQID+KtQCCGv2wJR/JyxcNGQjEv1apVqwZmbtk8UJK/EfTkh3388cch4YSQwitZlFGFnx125JbxAYBcPpLHVb6gKHL6vQgYI0Glp0AEoiRA+G7btm1m3rx5oZCI91TCYnhyqEjO9u/atWtHeWV/H/b111/bOZNDM3369Ig7tpgBSe54LxCOlGlgN6Es+QQo7koSOM/ivn37DBsc8Cgi7KMx1qVkyZLW0+j+pnxEtjyv0TDQMSKQCgISVKmgqmtmHQFeVogFr/HJnd1KdevWtWG88N9nHYT/TQgWeDwo70Bye2HhIl7SVG93O7wuuOAC5WNF+WCQx0Q+E7wRUIToognN4V0iNAd7Sm7gSaQSPGJfJgIikDoCElSpY6srZxEBXmadO3c233//vc1/omaOPDD/v8CHDh2yYU8E1ubNm83y5cttbk5BdvHFF5sKFSpYbxa9CDGYIr7CLReEAOFVuOEF5G9YFmaEWgm9IlSLFy9uvU14SF1drSz6p6epiEBgCEhQBWapNFARCBYBioyyexCRRa4ZNYoilWuIZ1aIiOPHj9scLrwwGKKCpsbkrtWoUSN02VTvOiNXiZwlZ86z5L53ITrvPOlZ99VXX4V6CEZiUKZMGSsyyWUih4lcPL5WO6F4nhidIwKpJyBBlXrGuoMIiICHgKtpdPToUSu0MPezcFCIsvAdhxzjBFWsYE855ZSILU1cXpH3eseOHYuYl1TQmGIdi3ceJPYjlBCChOhI+seDJxMBEQgOAQmq4KyVRioCIhBGgFBZuCCjjc+RI0fsz0naxoOUakMEIfIwRBu5dV4jn4nEb2eENtVqJdWrouuLQHoJSFCll7fuJgIikEEChBwPHz6cZwSEJfE6RbKCQmyE4HKtVU8Gl023FoFAEJCgCsQyaZAiIAIiIAIiIAJ+JiBB5efV0dhEQAREQAREQAQCQUCCKhDLpEGKgAiIgAiIgAj4mYAElZ9XR2MTAREQAREQAREIBAEJqkAskwYpAiIgAiIgAiLgZwISVH5eHY1NBERABERABEQgEAQkqAKxTBqkCIiACIiACIiAnwlIUPl5dTQ2ERABERABERCBQBCQoArEMmmQIiACIiACIiACfiYgQeXn1dHYREAEREAEREAEAkFAgioQy6RBioAIiIAIiIAI+JmABJWfV0djEwEREAEREAERCAQBCapALJMGKQIiIAIiIAIi4GcCElR+Xh2NTQREQAREQAREIBAEJKgCsUwapAiIgAiIgAiIgJ8JSFD5eXU0NhEQAREQAREQgUAQkKAKxDJpkCIgAiIgAiIgAn4mIEHl59XR2ERABERABERABAJBQIIqEMukQYqACIiACIiACPiZgASVn1dHYxMBERABERABEQgEAQmqQCyTBikCIiACIiACIuBnAhJUfl4djU0EREAEREAERCAQBCSoArFMGqQIiIAIiIAIiICfCUhQ+Xl1NDYREAEREAEREIFAEJCgCsQyaZAiIAIiIAIiIAJ+JiBB5efV0dhEQAREQAREQAQCQUCCKhDLpEGKgAiIgAiIgAj4mYAElZ9XR2MTAREQAREQAREIBAEJqkAskwYpAiIgAiIgAiLgZwISVH5eHY1NBERABERABEQgEAQkqAKxTBqkCIiACIiACIiAnwlIUPl5dTQ2ERABERABERCBQBCQoArEMmmQIiACIiACIiACfiYgQeXn1dHYREAEREAEREAEAkFAgioQy6RBioAIiIAIiIAI+JnA/wGuOkxHms3JNgAAAABJRU5ErkJggg==\"}, \"attributes\": {\"updated_at\": \"2026-05-10T05:53:31.000000Z\", \"signature_path\": \"signatures/d547ad59-0625-4f9c-a189-34e83c0e327c.png\"}}','[]','2026-05-10 05:53:31','2026-05-10 05:53:31'),(184,'default','updated','App\\Models\\MonitoringSchedule',5,'updated','App\\Models\\User',1,'{\"old\": {\"is_active\": 1, \"updated_at\": \"2026-04-30T15:32:34.000000Z\"}, \"attributes\": {\"is_active\": 0, \"updated_at\": \"2026-05-10T07:06:29.000000Z\"}}','[]','2026-05-10 07:06:29','2026-05-10 07:06:29'),(185,'default','updated','App\\Models\\MonitoringSchedule',4,'updated','App\\Models\\User',1,'{\"old\": {\"is_active\": 1, \"updated_at\": \"2026-04-30T15:32:19.000000Z\"}, \"attributes\": {\"is_active\": 0, \"updated_at\": \"2026-05-10T07:06:30.000000Z\"}}','[]','2026-05-10 07:06:30','2026-05-10 07:06:30'),(186,'default','updated','App\\Models\\MonitoringSchedule',3,'updated','App\\Models\\User',1,'{\"old\": {\"is_active\": 1, \"updated_at\": \"2026-05-01T05:34:17.000000Z\"}, \"attributes\": {\"is_active\": 0, \"updated_at\": \"2026-05-10T07:06:31.000000Z\"}}','[]','2026-05-10 07:06:31','2026-05-10 07:06:31'),(187,'default','updated','App\\Models\\MonitoringSchedule',2,'updated','App\\Models\\User',1,'{\"old\": {\"is_active\": 1, \"updated_at\": \"2026-05-01T05:33:59.000000Z\"}, \"attributes\": {\"is_active\": 0, \"updated_at\": \"2026-05-10T07:06:31.000000Z\"}}','[]','2026-05-10 07:06:31','2026-05-10 07:06:31'),(188,'default','updated','App\\Models\\MonitoringSchedule',1,'updated','App\\Models\\User',1,'{\"old\": {\"is_active\": 1, \"updated_at\": \"2026-04-30T15:30:54.000000Z\"}, \"attributes\": {\"is_active\": 0, \"updated_at\": \"2026-05-10T07:06:32.000000Z\"}}','[]','2026-05-10 07:06:32','2026-05-10 07:06:32'),(189,'default','updated','App\\Models\\MonitoringSchedule',6,'updated','App\\Models\\User',1,'{\"old\": {\"is_active\": 1, \"updated_at\": \"2026-04-30T15:33:13.000000Z\"}, \"attributes\": {\"is_active\": 0, \"updated_at\": \"2026-05-10T07:06:32.000000Z\"}}','[]','2026-05-10 07:06:32','2026-05-10 07:06:32'),(190,'default','updated','App\\Models\\Dudika',197,'updated','App\\Models\\User',1,'{\"old\": {\"latitude\": null, \"longitude\": null, \"updated_at\": \"2026-04-17T07:00:09.000000Z\"}, \"attributes\": {\"latitude\": \"-8.2264665868366\", \"longitude\": \"114.35864344221\", \"updated_at\": \"2026-05-10T09:44:35.000000Z\"}}','[]','2026-05-10 09:44:35','2026-05-10 09:44:35'),(191,'default','created','App\\Models\\PklPlacement',25,'created','App\\Models\\User',1,'{\"attributes\": {\"id\": 25, \"radius\": 50, \"status\": \"Aktif\", \"end_date\": \"2026-12-22\", \"latitude\": \"-8.2264665868366\", \"dudika_id\": 197, \"longitude\": \"114.35864344221\", \"pkl_field\": null, \"created_at\": \"2026-05-10T09:46:34.000000Z\", \"start_date\": \"2026-05-01\", \"student_id\": 44, \"teacher_id\": 22, \"updated_at\": \"2026-05-10T09:46:34.000000Z\", \"pengesah_ks_nip\": null, \"academic_year_id\": 1, \"pengesah_ks_nama\": null, \"file_laporan_path\": null, \"assessment_scheme_id\": 2}}','[]','2026-05-10 09:46:34','2026-05-10 09:46:34'),(192,'default','created','App\\Models\\PklPlacement',26,'created','App\\Models\\User',1,'{\"attributes\": {\"id\": 26, \"radius\": 50, \"status\": \"Aktif\", \"end_date\": \"2026-12-22\", \"latitude\": \"-8.2264665868366\", \"dudika_id\": 197, \"longitude\": \"114.35864344221\", \"pkl_field\": null, \"created_at\": \"2026-05-10T09:46:34.000000Z\", \"start_date\": \"2026-05-01\", \"student_id\": 43, \"teacher_id\": 22, \"updated_at\": \"2026-05-10T09:46:34.000000Z\", \"pengesah_ks_nip\": null, \"academic_year_id\": 1, \"pengesah_ks_nama\": null, \"file_laporan_path\": null, \"assessment_scheme_id\": 2}}','[]','2026-05-10 09:46:34','2026-05-10 09:46:34'),(193,'default','created','App\\Models\\Announcement',4,'created','App\\Models\\User',1,'{\"attributes\": {\"id\": 4, \"title\": \"Jadwal Monitoring 2\", \"content\": \"<p>Jadwal Monitoring 2 ada di tanggal 1 s.d. 5 saja</p>\", \"is_active\": 1, \"created_at\": \"2026-05-10T13:12:58.000000Z\", \"updated_at\": \"2026-05-10T13:12:58.000000Z\", \"target_audience\": \"Guru\"}}','[]','2026-05-10 13:12:58','2026-05-10 13:12:58'),(194,'default','updated','App\\Models\\Announcement',4,'updated','App\\Models\\User',1,'{\"old\": {\"is_active\": 1, \"updated_at\": \"2026-05-10T13:12:58.000000Z\"}, \"attributes\": {\"is_active\": 0, \"updated_at\": \"2026-05-10T13:15:39.000000Z\"}}','[]','2026-05-10 13:15:39','2026-05-10 13:15:39'),(195,'default','updated','App\\Models\\Teacher',22,'updated','App\\Models\\User',1,'{\"old\": {\"subject\": \"Produktif TKJ\", \"updated_at\": \"2026-05-10T05:53:31.000000Z\"}, \"attributes\": {\"subject\": null, \"updated_at\": \"2026-05-10T13:16:33.000000Z\"}}','[]','2026-05-10 13:16:33','2026-05-10 13:16:33'),(196,'default','updated','App\\Models\\Student',29,'updated','App\\Models\\User',1,'{\"old\": {\"updated_at\": \"2026-05-09T15:48:47.000000Z\", \"father_name\": \"\"}, \"attributes\": {\"updated_at\": \"2026-05-10T13:23:07.000000Z\", \"father_name\": \"Supriyanto\"}}','[]','2026-05-10 13:23:07','2026-05-10 13:23:07'),(197,'default','deleted','App\\Models\\Journal',807,'deleted','App\\Models\\User',1,'{\"old\": {\"id\": 807, \"date\": \"2026-05-10\", \"time\": \"09:07:09\", \"activity\": \"Cuci Mobil\", \"is_valid\": 1, \"latitude\": \"-8.2152706123983\", \"longitude\": \"114.35495138168\", \"created_at\": \"2026-05-10T02:07:09.000000Z\", \"photo_path\": \"journals/fc0d2fb8-0565-4949-b75f-935930ed2ece.jpeg\", \"updated_at\": \"2026-05-10T02:45:00.000000Z\", \"attend_status\": \"Hadir\", \"revision_note\": null, \"pkl_placement_id\": 20, \"attendance_photo_path\": \"journals/attendance/7fee6a71-6035-4775-941c-7d78a57e9248.jpeg\"}}','[]','2026-05-10 13:41:19','2026-05-10 13:41:19'),(198,'default','updated','App\\Models\\Journal',435,'updated','App\\Models\\User',1,'{\"old\": {\"is_valid\": 1, \"photo_path\": \"journals/205bda28-3d48-4df3-bef3-24cda3470df3.png\", \"updated_at\": \"2026-04-24T15:17:56.000000Z\", \"attendance_photo_path\": \"attendance/626b5702-4dbe-4cbb-93c2-7f758cf3e428.png\"}, \"attributes\": {\"is_valid\": 0, \"photo_path\": null, \"updated_at\": \"2026-05-10T13:59:45.000000Z\", \"attendance_photo_path\": null}}','[]','2026-05-10 13:59:45','2026-05-10 13:59:45'),(199,'default','updated','App\\Models\\Teacher',39,'updated','App\\Models\\User',1,'{\"old\": {\"phone\": \"+6282332079109\", \"updated_at\": \"2026-04-17T14:19:30.000000Z\"}, \"attributes\": {\"phone\": \"082332079109\", \"updated_at\": \"2026-05-10T14:30:05.000000Z\"}}','[]','2026-05-10 14:30:05','2026-05-10 14:30:05'),(200,'default','updated','App\\Models\\Teacher',39,'updated','App\\Models\\User',1,'{\"old\": {\"phone\": \"082332079109\", \"updated_at\": \"2026-05-10T14:30:05.000000Z\"}, \"attributes\": {\"phone\": \"+6282332079109\", \"updated_at\": \"2026-05-10T14:30:40.000000Z\"}}','[]','2026-05-10 14:30:40','2026-05-10 14:30:40'),(201,'default','updated','App\\Models\\Student',29,'updated','App\\Models\\User',185,'{\"old\": {\"avatar\": null, \"updated_at\": \"2026-05-10T13:23:07.000000Z\"}, \"attributes\": {\"avatar\": \"students/avatars/BVVurk8lJ7VvGeXz6nYsQJygQZajXrkDPlbeRKAr.jpg\", \"updated_at\": \"2026-05-10T14:36:29.000000Z\"}}','[]','2026-05-10 14:36:29','2026-05-10 14:36:29'),(202,'default','updated','App\\Models\\Journal',435,'updated','App\\Models\\User',185,'{\"old\": {\"activity\": \"Rerum maxime beatae nulla est aut.\", \"photo_path\": null, \"updated_at\": \"2026-05-10T13:59:45.000000Z\", \"attend_status\": \"Izin\"}, \"attributes\": {\"activity\": \"Cuci Mobil\", \"photo_path\": \"journals/0ecc52c6-df66-49fe-8721-27fa682b2acf.jpeg\", \"updated_at\": \"2026-05-10T14:46:58.000000Z\", \"attend_status\": \"Hadir\"}}','[]','2026-05-10 14:46:58','2026-05-10 14:46:58'),(203,'default','updated','App\\Models\\Journal',435,'updated','App\\Models\\User',185,'{\"old\": {\"activity\": \"Cuci Mobil\", \"latitude\": \"-7.332422\", \"longitude\": \"113.676715\", \"photo_path\": \"journals/0ecc52c6-df66-49fe-8721-27fa682b2acf.jpeg\", \"updated_at\": \"2026-05-10T14:46:58.000000Z\", \"attend_status\": \"Hadir\"}, \"attributes\": {\"activity\": \"Libur / Tanggal Merah\", \"latitude\": null, \"longitude\": null, \"photo_path\": null, \"updated_at\": \"2026-05-10T14:47:42.000000Z\", \"attend_status\": \"Libur\"}}','[]','2026-05-10 14:47:42','2026-05-10 14:47:42'),(204,'default','updated','App\\Models\\Journal',435,'updated','App\\Models\\User',185,'{\"old\": {\"activity\": \"Libur / Tanggal Merah\", \"latitude\": null, \"longitude\": null, \"photo_path\": null, \"updated_at\": \"2026-05-10T14:47:42.000000Z\", \"attend_status\": \"Libur\", \"attendance_photo_path\": null}, \"attributes\": {\"activity\": \"Cuci Mobil\", \"latitude\": \"-8.2368791568253\", \"longitude\": \"114.35495138168\", \"photo_path\": \"journals/01648ae0-f04b-468b-acb9-f814a22b2bbd.jpeg\", \"updated_at\": \"2026-05-10T14:48:07.000000Z\", \"attend_status\": \"Hadir\", \"attendance_photo_path\": \"journals/attendance/4ed43745-83f3-4785-a104-4f60dc145d95.jpeg\"}}','[]','2026-05-10 14:48:07','2026-05-10 14:48:07'),(205,'default','updated','App\\Models\\MonitoringSchedule',6,'updated','App\\Models\\User',1,'{\"old\": {\"end_date\": \"2026-05-08\", \"updated_at\": \"2026-05-10T07:06:32.000000Z\"}, \"attributes\": {\"end_date\": \"2026-05-10\", \"updated_at\": \"2026-05-10T15:30:28.000000Z\"}}','[]','2026-05-10 15:30:28','2026-05-10 15:30:28'),(206,'default','updated','App\\Models\\MonitoringSchedule',6,'updated','App\\Models\\User',1,'{\"old\": {\"is_active\": 0, \"updated_at\": \"2026-05-10T15:30:28.000000Z\"}, \"attributes\": {\"is_active\": 1, \"updated_at\": \"2026-05-10T16:13:30.000000Z\"}}','[]','2026-05-10 16:13:30','2026-05-10 16:13:30'),(207,'default','updated','App\\Models\\MonitoringSchedule',5,'updated','App\\Models\\User',1,'{\"old\": {\"is_active\": 0, \"updated_at\": \"2026-05-10T07:06:29.000000Z\"}, \"attributes\": {\"is_active\": 1, \"updated_at\": \"2026-05-10T16:13:50.000000Z\"}}','[]','2026-05-10 16:13:50','2026-05-10 16:13:50'),(208,'default','updated','App\\Models\\MonitoringSchedule',5,'updated','App\\Models\\User',1,'{\"old\": {\"end_date\": \"2026-05-06\", \"updated_at\": \"2026-05-10T16:13:50.000000Z\"}, \"attributes\": {\"end_date\": \"2026-05-10\", \"updated_at\": \"2026-05-10T16:13:56.000000Z\"}}','[]','2026-05-10 16:13:56','2026-05-10 16:13:56'),(209,'default','updated','App\\Models\\MonitoringSchedule',5,'updated','App\\Models\\User',1,'{\"old\": {\"is_active\": 1, \"updated_at\": \"2026-05-10T16:13:56.000000Z\"}, \"attributes\": {\"is_active\": 0, \"updated_at\": \"2026-05-10T16:14:27.000000Z\"}}','[]','2026-05-10 16:14:27','2026-05-10 16:14:27'),(210,'default','updated','App\\Models\\MonitoringSchedule',5,'updated','App\\Models\\User',1,'{\"old\": {\"end_date\": \"2026-05-10\", \"updated_at\": \"2026-05-10T16:14:27.000000Z\"}, \"attributes\": {\"end_date\": \"2026-05-06\", \"updated_at\": \"2026-05-10T16:14:34.000000Z\"}}','[]','2026-05-10 16:14:34','2026-05-10 16:14:34'),(211,'default','updated','App\\Models\\MonitoringSchedule',5,'updated','App\\Models\\User',1,'{\"old\": {\"end_date\": \"2026-05-06\", \"is_active\": 0, \"updated_at\": \"2026-05-10T16:14:34.000000Z\"}, \"attributes\": {\"end_date\": \"2026-05-10\", \"is_active\": 1, \"updated_at\": \"2026-05-10T16:28:20.000000Z\"}}','[]','2026-05-10 16:28:20','2026-05-10 16:28:20'),(212,'default','updated','App\\Models\\MonitoringSchedule',5,'updated','App\\Models\\User',1,'{\"old\": {\"end_date\": \"2026-05-10\", \"updated_at\": \"2026-05-10T16:28:20.000000Z\"}, \"attributes\": {\"end_date\": \"2026-05-06\", \"updated_at\": \"2026-05-10T16:34:14.000000Z\"}}','[]','2026-05-10 16:34:15','2026-05-10 16:34:15'),(213,'default','updated','App\\Models\\MonitoringSchedule',5,'updated','App\\Models\\User',1,'{\"old\": {\"is_active\": 1, \"updated_at\": \"2026-05-10T16:34:14.000000Z\"}, \"attributes\": {\"is_active\": 0, \"updated_at\": \"2026-05-10T16:34:21.000000Z\"}}','[]','2026-05-10 16:34:21','2026-05-10 16:34:21'),(214,'default','updated','App\\Models\\MonitoringSchedule',5,'updated','App\\Models\\User',1,'{\"old\": {\"end_date\": \"2026-05-06\", \"updated_at\": \"2026-05-10T16:34:21.000000Z\"}, \"attributes\": {\"end_date\": \"2026-05-09\", \"updated_at\": \"2026-05-10T16:34:36.000000Z\"}}','[]','2026-05-10 16:34:36','2026-05-10 16:34:36'),(215,'default','created','App\\Models\\MonitoringSchedule',8,'created','App\\Models\\User',1,'{\"attributes\": {\"id\": 8, \"name\": \"coba\", \"end_date\": \"2026-05-07\", \"is_active\": 1, \"created_at\": \"2026-05-10T16:35:51.000000Z\", \"start_date\": \"2026-05-05\", \"updated_at\": \"2026-05-10T16:35:51.000000Z\"}}','[]','2026-05-10 16:35:51','2026-05-10 16:35:51'),(216,'default','deleted','App\\Models\\MonitoringSchedule',8,'deleted','App\\Models\\User',1,'{\"old\": {\"id\": 8, \"name\": \"coba\", \"end_date\": \"2026-05-07\", \"is_active\": 1, \"created_at\": \"2026-05-10T16:35:51.000000Z\", \"start_date\": \"2026-05-05\", \"updated_at\": \"2026-05-10T16:35:51.000000Z\"}}','[]','2026-05-10 16:36:02','2026-05-10 16:36:02'),(217,'default','updated','App\\Models\\MonitoringSchedule',5,'updated','App\\Models\\User',1,'{\"old\": {\"end_date\": \"2026-05-09\", \"updated_at\": \"2026-05-10T16:34:36.000000Z\"}, \"attributes\": {\"end_date\": \"2026-05-07\", \"updated_at\": \"2026-05-10T16:46:24.000000Z\"}}','[]','2026-05-10 16:46:24','2026-05-10 16:46:24'),(218,'default','updated','App\\Models\\MonitoringSchedule',5,'updated','App\\Models\\User',1,'{\"old\": {\"updated_at\": \"2026-05-10T16:46:24.000000Z\"}, \"attributes\": {\"updated_at\": \"2026-05-10T16:46:49.000000Z\"}}','[]','2026-05-10 16:46:49','2026-05-10 16:46:49'),(219,'default','updated','App\\Models\\MonitoringSchedule',6,'updated','App\\Models\\User',1,'{\"old\": {\"is_active\": 1, \"updated_at\": \"2026-05-10T16:13:30.000000Z\"}, \"attributes\": {\"is_active\": 0, \"updated_at\": \"2026-05-11T10:27:59.000000Z\"}}','[]','2026-05-11 10:27:59','2026-05-11 10:27:59'),(220,'default','updated','App\\Models\\MonitoringSchedule',6,'updated','App\\Models\\User',1,'{\"old\": {\"end_date\": \"2026-05-10\", \"is_active\": 0, \"start_date\": \"2026-05-08\", \"updated_at\": \"2026-05-11T10:27:59.000000Z\"}, \"attributes\": {\"end_date\": \"2026-05-16\", \"is_active\": 1, \"start_date\": \"2026-05-10\", \"updated_at\": \"2026-05-11T10:32:33.000000Z\"}}','[]','2026-05-11 10:32:33','2026-05-11 10:32:33'),(221,'default','deleted','App\\Models\\Monitoring',60,'deleted','App\\Models\\User',1,'{\"old\": {\"id\": 60, \"date\": \"2026-05-08\", \"time\": \"13:28:47\", \"activity\": \"Penarikan Siswa PKL\", \"created_at\": \"2026-05-02T06:29:19.000000Z\", \"photo_path\": \"monitorings/01KQKP14JR2PBAYY56JKNTQ993.jpg\", \"updated_at\": \"2026-05-02T06:29:19.000000Z\", \"pkl_placement_id\": 12, \"monitoring_schedule_id\": 6}}','[]','2026-05-11 10:32:45','2026-05-11 10:32:45'),(222,'default','deleted','App\\Models\\Monitoring',61,'deleted','App\\Models\\User',1,'{\"old\": {\"id\": 61, \"date\": \"2026-05-08\", \"time\": \"13:28:47\", \"activity\": \"Penarikan Siswa PKL\", \"created_at\": \"2026-05-02T06:29:19.000000Z\", \"photo_path\": \"monitorings/01KQKP14JR2PBAYY56JKNTQ993.jpg\", \"updated_at\": \"2026-05-02T06:29:19.000000Z\", \"pkl_placement_id\": 13, \"monitoring_schedule_id\": 6}}','[]','2026-05-11 10:32:45','2026-05-11 10:32:45'),(223,'default','deleted','App\\Models\\Monitoring',62,'deleted','App\\Models\\User',1,'{\"old\": {\"id\": 62, \"date\": \"2026-05-08\", \"time\": \"13:28:47\", \"activity\": \"Penarikan Siswa PKL\", \"created_at\": \"2026-05-02T06:29:19.000000Z\", \"photo_path\": \"monitorings/01KQKP14JR2PBAYY56JKNTQ993.jpg\", \"updated_at\": \"2026-05-02T06:29:19.000000Z\", \"pkl_placement_id\": 14, \"monitoring_schedule_id\": 6}}','[]','2026-05-11 10:32:45','2026-05-11 10:32:45'),(224,'default','updated','App\\Models\\PklPlacement',12,'updated','App\\Models\\User',135,'{\"old\": {\"updated_at\": \"2026-05-09T11:36:18.000000Z\", \"pengesah_ks_nip\": \"-\", \"pengesah_ks_nama\": \"Sunarto, S.Pd., S.Kom.\"}, \"attributes\": {\"updated_at\": \"2026-05-11T10:37:27.000000Z\", \"pengesah_ks_nip\": null, \"pengesah_ks_nama\": null}}','[]','2026-05-11 10:37:27','2026-05-11 10:37:27'),(225,'default','updated','App\\Models\\PklPlacement',12,'updated','App\\Models\\User',135,'{\"old\": {\"updated_at\": \"2026-05-11T10:37:27.000000Z\", \"pengesah_ks_nip\": null, \"pengesah_ks_nama\": null}, \"attributes\": {\"updated_at\": \"2026-05-11T10:37:30.000000Z\", \"pengesah_ks_nip\": \"-\", \"pengesah_ks_nama\": \"Sunarto, S.Pd., S.Kom.\"}}','[]','2026-05-11 10:37:30','2026-05-11 10:37:30'),(226,'default','updated','App\\Models\\PklPlacement',12,'updated','App\\Models\\User',135,'{\"old\": {\"updated_at\": \"2026-05-11T10:37:30.000000Z\", \"pengesah_ks_nip\": \"-\", \"pengesah_ks_nama\": \"Sunarto, S.Pd., S.Kom.\"}, \"attributes\": {\"updated_at\": \"2026-05-11T10:37:33.000000Z\", \"pengesah_ks_nip\": null, \"pengesah_ks_nama\": null}}','[]','2026-05-11 10:37:33','2026-05-11 10:37:33'),(227,'default','updated','App\\Models\\PklPlacement',12,'updated','App\\Models\\User',135,'{\"old\": {\"updated_at\": \"2026-05-11T10:37:33.000000Z\", \"pengesah_ks_nip\": null, \"pengesah_ks_nama\": null}, \"attributes\": {\"updated_at\": \"2026-05-11T10:37:35.000000Z\", \"pengesah_ks_nip\": \"-\", \"pengesah_ks_nama\": \"Sunarto, S.Pd., S.Kom.\"}}','[]','2026-05-11 10:37:35','2026-05-11 10:37:35'),(228,'default','updated','App\\Models\\PklPlacement',12,'updated','App\\Models\\User',135,'{\"old\": {\"updated_at\": \"2026-05-11T10:37:35.000000Z\", \"file_laporan_path\": \"laporan_pkl/Laporan_fairuz-annafi_1778324341.pdf\"}, \"attributes\": {\"updated_at\": \"2026-05-11T10:37:37.000000Z\", \"file_laporan_path\": \"processing\"}}','[]','2026-05-11 10:37:37','2026-05-11 10:37:37'),(229,'default','updated','App\\Models\\PklPlacement',12,'updated',NULL,NULL,'{\"old\": {\"updated_at\": \"2026-05-11T10:37:37.000000Z\", \"file_laporan_path\": \"processing\"}, \"attributes\": {\"updated_at\": \"2026-05-11T10:38:32.000000Z\", \"file_laporan_path\": \"laporan_pkl/Laporan_fairuz-annafi_1778495869.pdf\"}}','[]','2026-05-11 10:38:32','2026-05-11 10:38:32'),(230,'default','updated','App\\Models\\Student',31,'updated','App\\Models\\User',1,'{\"old\": {\"phone\": null, \"father_job\": null, \"mother_job\": null, \"updated_at\": \"2026-04-18T09:06:40.000000Z\", \"father_name\": null, \"mother_name\": null, \"parent_phone\": null, \"parent_address\": null}, \"attributes\": {\"phone\": \"089682154449\", \"father_job\": \"Wiraswasta\", \"mother_job\": \"IRT\", \"updated_at\": \"2026-05-11T10:43:32.000000Z\", \"father_name\": \"Ayahanda\", \"mother_name\": \"Ibuhanda\", \"parent_phone\": \"089682154449\", \"parent_address\": \"Jalan Ikan Kembang Waru\"}}','[]','2026-05-11 10:43:32','2026-05-11 10:43:32'),(231,'default','updated','App\\Models\\PklPlacement',12,'updated','App\\Models\\User',135,'{\"old\": {\"updated_at\": \"2026-05-11T10:38:32.000000Z\", \"pengesah_ks_nip\": \"-\", \"pengesah_ks_nama\": \"Sunarto, S.Pd., S.Kom.\"}, \"attributes\": {\"updated_at\": \"2026-05-11T10:47:09.000000Z\", \"pengesah_ks_nip\": null, \"pengesah_ks_nama\": null}}','[]','2026-05-11 10:47:09','2026-05-11 10:47:09'),(232,'default','updated','App\\Models\\MonitoringSchedule',6,'updated','App\\Models\\User',1,'{\"old\": {\"is_active\": 1, \"updated_at\": \"2026-05-11T10:32:33.000000Z\"}, \"attributes\": {\"is_active\": 0, \"updated_at\": \"2026-05-11T10:53:52.000000Z\"}}','[]','2026-05-11 10:53:52','2026-05-11 10:53:52'),(233,'default','updated','App\\Models\\MonitoringSchedule',6,'updated','App\\Models\\User',1,'{\"old\": {\"end_date\": \"2026-05-16\", \"updated_at\": \"2026-05-11T10:53:52.000000Z\"}, \"attributes\": {\"end_date\": \"2026-05-11\", \"updated_at\": \"2026-05-11T10:54:48.000000Z\"}}','[]','2026-05-11 10:54:48','2026-05-11 10:54:48'),(234,'default','updated','App\\Models\\MonitoringSchedule',6,'updated','App\\Models\\User',1,'{\"old\": {\"end_date\": \"2026-05-11\", \"updated_at\": \"2026-05-11T10:54:48.000000Z\"}, \"attributes\": {\"end_date\": \"2026-05-10\", \"updated_at\": \"2026-05-11T10:54:54.000000Z\"}}','[]','2026-05-11 10:54:54','2026-05-11 10:54:54'),(235,'default','updated','App\\Models\\MonitoringSchedule',1,'updated','App\\Models\\User',1,'{\"old\": {\"end_date\": \"2026-04-29\", \"is_active\": 0, \"start_date\": \"2026-04-20\", \"updated_at\": \"2026-05-10T07:06:32.000000Z\"}, \"attributes\": {\"end_date\": \"2026-05-11\", \"is_active\": 1, \"start_date\": \"2026-05-11\", \"updated_at\": \"2026-05-11T10:55:10.000000Z\"}}','[]','2026-05-11 10:55:10','2026-05-11 10:55:10'),(236,'default','created','App\\Models\\Monitoring',76,'created','App\\Models\\User',135,'{\"attributes\": {\"id\": 76, \"date\": \"2026-05-11\", \"time\": \"17:56:50\", \"activity\": \"Pengantaran Siswa PKL\", \"created_at\": \"2026-05-11T10:56:50.000000Z\", \"photo_path\": \"monitorings/6oIvZcsBm8oxdUkSvlA26PC3SiLzw638EGc0FVIk.webp\", \"updated_at\": \"2026-05-11T10:56:50.000000Z\", \"pkl_placement_id\": 25, \"monitoring_schedule_id\": 1}}','[]','2026-05-11 10:56:50','2026-05-11 10:56:50'),(237,'default','deleted','App\\Models\\Monitoring',76,'deleted','App\\Models\\User',1,'{\"old\": {\"id\": 76, \"date\": \"2026-05-11\", \"time\": \"17:56:50\", \"activity\": \"Pengantaran Siswa PKL\", \"created_at\": \"2026-05-11T10:56:50.000000Z\", \"photo_path\": \"monitorings/6oIvZcsBm8oxdUkSvlA26PC3SiLzw638EGc0FVIk.webp\", \"updated_at\": \"2026-05-11T10:56:50.000000Z\", \"pkl_placement_id\": 25, \"monitoring_schedule_id\": 1}}','[]','2026-05-11 10:58:35','2026-05-11 10:58:35'),(238,'default','updated','App\\Models\\Journal',435,'updated','App\\Models\\User',1,'{\"old\": {\"is_valid\": 0, \"updated_at\": \"2026-05-10T14:48:07.000000Z\"}, \"attributes\": {\"is_valid\": 1, \"updated_at\": \"2026-05-11T11:06:09.000000Z\"}}','[]','2026-05-11 11:06:09','2026-05-11 11:06:09'),(239,'default','updated','App\\Models\\PklPlacement',12,'updated','App\\Models\\User',135,'{\"old\": {\"updated_at\": \"2026-05-11T10:47:09.000000Z\", \"pengesah_ks_nip\": null, \"pengesah_ks_nama\": null}, \"attributes\": {\"updated_at\": \"2026-05-11T11:06:22.000000Z\", \"pengesah_ks_nip\": \"-\", \"pengesah_ks_nama\": \"Sunarto, S.Pd., S.Kom.\"}}','[]','2026-05-11 11:06:23','2026-05-11 11:06:23'),(240,'default','updated','App\\Models\\PklPlacement',12,'updated','App\\Models\\User',135,'{\"old\": {\"updated_at\": \"2026-05-11T11:06:22.000000Z\", \"file_laporan_path\": \"laporan_pkl/Laporan_fairuz-annafi_1778495869.pdf\"}, \"attributes\": {\"updated_at\": \"2026-05-11T11:06:26.000000Z\", \"file_laporan_path\": \"processing\"}}','[]','2026-05-11 11:06:26','2026-05-11 11:06:26'),(241,'default','updated','App\\Models\\PklPlacement',12,'updated',NULL,NULL,'{\"old\": {\"updated_at\": \"2026-05-11T11:06:26.000000Z\", \"file_laporan_path\": \"processing\"}, \"attributes\": {\"updated_at\": \"2026-05-11T11:07:12.000000Z\", \"file_laporan_path\": \"laporan_pkl/Laporan_fairuz-annafi_1778497589.pdf\"}}','[]','2026-05-11 11:07:12','2026-05-11 11:07:12'),(242,'default','updated','App\\Models\\PklPlacement',14,'updated','App\\Models\\User',1,'{\"old\": {\"pkl_field\": null, \"updated_at\": \"2026-04-24T12:21:00.000000Z\"}, \"attributes\": {\"pkl_field\": \"Teknisi Jaringan\", \"updated_at\": \"2026-05-11T11:09:16.000000Z\"}}','[]','2026-05-11 11:09:16','2026-05-11 11:09:16'),(243,'default','updated','App\\Models\\SchoolProfile',1,'updated','App\\Models\\User',1,'{\"old\": {\"updated_at\": \"2026-05-06T14:45:13.000000Z\", \"is_radius_attendance_enabled\": 1}, \"attributes\": {\"updated_at\": \"2026-05-11T11:14:18.000000Z\", \"is_radius_attendance_enabled\": 0}}','[]','2026-05-11 11:14:18','2026-05-11 11:14:18'),(244,'default','updated','App\\Models\\PklPlacement',14,'updated','App\\Models\\User',135,'{\"old\": {\"updated_at\": \"2026-05-11T11:09:16.000000Z\", \"pengesah_ks_nip\": null, \"pengesah_ks_nama\": null}, \"attributes\": {\"updated_at\": \"2026-05-11T11:17:54.000000Z\", \"pengesah_ks_nip\": \"-\", \"pengesah_ks_nama\": \"Sunarto, S.Pd., S.Kom.\"}}','[]','2026-05-11 11:17:54','2026-05-11 11:17:54'),(245,'default','updated','App\\Models\\PklPlacement',14,'updated','App\\Models\\User',135,'{\"old\": {\"updated_at\": \"2026-05-11T11:17:54.000000Z\", \"pengesah_ks_nip\": \"-\", \"pengesah_ks_nama\": \"Sunarto, S.Pd., S.Kom.\"}, \"attributes\": {\"updated_at\": \"2026-05-11T11:17:57.000000Z\", \"pengesah_ks_nip\": null, \"pengesah_ks_nama\": null}}','[]','2026-05-11 11:17:57','2026-05-11 11:17:57'),(246,'default','updated','App\\Models\\PklPlacement',14,'updated','App\\Models\\User',135,'{\"old\": {\"updated_at\": \"2026-05-11T11:17:57.000000Z\", \"pengesah_ks_nip\": null, \"pengesah_ks_nama\": null}, \"attributes\": {\"updated_at\": \"2026-05-11T11:17:59.000000Z\", \"pengesah_ks_nip\": \"-\", \"pengesah_ks_nama\": \"Sunarto, S.Pd., S.Kom.\"}}','[]','2026-05-11 11:17:59','2026-05-11 11:17:59'),(247,'default','updated','App\\Models\\PklPlacement',14,'updated','App\\Models\\User',135,'{\"old\": {\"updated_at\": \"2026-05-11T11:17:59.000000Z\", \"pengesah_ks_nip\": \"-\", \"pengesah_ks_nama\": \"Sunarto, S.Pd., S.Kom.\"}, \"attributes\": {\"updated_at\": \"2026-05-11T11:18:00.000000Z\", \"pengesah_ks_nip\": null, \"pengesah_ks_nama\": null}}','[]','2026-05-11 11:18:00','2026-05-11 11:18:00'),(248,'default','updated','App\\Models\\PklPlacement',14,'updated','App\\Models\\User',135,'{\"old\": {\"updated_at\": \"2026-05-11T11:18:00.000000Z\", \"pengesah_ks_nip\": null, \"pengesah_ks_nama\": null}, \"attributes\": {\"updated_at\": \"2026-05-11T11:18:02.000000Z\", \"pengesah_ks_nip\": \"-\", \"pengesah_ks_nama\": \"Sunarto, S.Pd., S.Kom.\"}}','[]','2026-05-11 11:18:02','2026-05-11 11:18:02'),(249,'default','updated','App\\Models\\PklPlacement',12,'updated','App\\Models\\User',135,'{\"old\": {\"updated_at\": \"2026-05-11T11:07:12.000000Z\", \"pengesah_ks_nip\": \"-\", \"pengesah_ks_nama\": \"Sunarto, S.Pd., S.Kom.\"}, \"attributes\": {\"updated_at\": \"2026-05-11T11:21:12.000000Z\", \"pengesah_ks_nip\": null, \"pengesah_ks_nama\": null}}','[]','2026-05-11 11:21:12','2026-05-11 11:21:12'),(250,'default','updated','App\\Models\\PklPlacement',12,'updated','App\\Models\\User',135,'{\"old\": {\"updated_at\": \"2026-05-11T11:21:12.000000Z\", \"pengesah_ks_nip\": null, \"pengesah_ks_nama\": null}, \"attributes\": {\"updated_at\": \"2026-05-11T11:21:29.000000Z\", \"pengesah_ks_nip\": \"-\", \"pengesah_ks_nama\": \"Sunarto, S.Pd., S.Kom.\"}}','[]','2026-05-11 11:21:29','2026-05-11 11:21:29'),(251,'default','updated','App\\Models\\PklPlacement',14,'updated','App\\Models\\User',135,'{\"old\": {\"updated_at\": \"2026-05-11T11:18:02.000000Z\", \"file_laporan_path\": null}, \"attributes\": {\"updated_at\": \"2026-05-11T11:22:07.000000Z\", \"file_laporan_path\": \"processing\"}}','[]','2026-05-11 11:22:07','2026-05-11 11:22:07'),(252,'default','updated','App\\Models\\PklPlacement',14,'updated',NULL,NULL,'{\"old\": {\"updated_at\": \"2026-05-11T11:22:07.000000Z\", \"file_laporan_path\": \"processing\"}, \"attributes\": {\"updated_at\": \"2026-05-11T11:22:42.000000Z\", \"file_laporan_path\": \"laporan_pkl/Laporan_moch-riski-azizi_1778498533.pdf\"}}','[]','2026-05-11 11:22:42','2026-05-11 11:22:42'),(253,'default','updated','App\\Models\\PklPlacement',14,'updated','App\\Models\\User',135,'{\"old\": {\"updated_at\": \"2026-05-11T11:22:42.000000Z\", \"pengesah_ks_nip\": \"-\", \"pengesah_ks_nama\": \"Sunarto, S.Pd., S.Kom.\"}, \"attributes\": {\"updated_at\": \"2026-05-11T11:23:39.000000Z\", \"pengesah_ks_nip\": null, \"pengesah_ks_nama\": null}}','[]','2026-05-11 11:23:39','2026-05-11 11:23:39'),(254,'default','updated','App\\Models\\Monitoring',57,'updated','App\\Models\\User',1,'{\"old\": {\"date\": \"2026-05-06\", \"updated_at\": \"2026-05-02T06:28:47.000000Z\"}, \"attributes\": {\"date\": \"2026-06-06\", \"updated_at\": \"2026-05-11T11:33:48.000000Z\"}}','[]','2026-05-11 11:33:48','2026-05-11 11:33:48'),(255,'default','updated','App\\Models\\Monitoring',58,'updated','App\\Models\\User',1,'{\"old\": {\"date\": \"2026-05-06\", \"updated_at\": \"2026-05-02T06:28:47.000000Z\"}, \"attributes\": {\"date\": \"2026-06-06\", \"updated_at\": \"2026-05-11T11:33:48.000000Z\"}}','[]','2026-05-11 11:33:48','2026-05-11 11:33:48'),(256,'default','updated','App\\Models\\Monitoring',59,'updated','App\\Models\\User',1,'{\"old\": {\"date\": \"2026-05-06\", \"updated_at\": \"2026-05-02T06:28:47.000000Z\"}, \"attributes\": {\"date\": \"2026-06-06\", \"updated_at\": \"2026-05-11T11:33:48.000000Z\"}}','[]','2026-05-11 11:33:48','2026-05-11 11:33:48'),(257,'default','updated','App\\Models\\Journal',435,'updated','App\\Models\\User',1,'{\"old\": {\"is_valid\": 1, \"updated_at\": \"2026-05-11T11:06:09.000000Z\"}, \"attributes\": {\"is_valid\": 0, \"updated_at\": \"2026-05-11T11:38:31.000000Z\"}}','[]','2026-05-11 11:38:31','2026-05-11 11:38:31'),(258,'default','updated','App\\Models\\SchoolProfile',1,'updated','App\\Models\\User',1,'{\"old\": {\"updated_at\": \"2026-05-11T11:14:18.000000Z\", \"is_radius_attendance_enabled\": 0}, \"attributes\": {\"updated_at\": \"2026-05-11T11:54:00.000000Z\", \"is_radius_attendance_enabled\": 1}}','[]','2026-05-11 11:54:00','2026-05-11 11:54:00'),(259,'default','updated','App\\Models\\SchoolProfile',1,'updated','App\\Models\\User',1,'{\"old\": {\"updated_at\": \"2026-05-11T11:54:00.000000Z\", \"is_radius_attendance_enabled\": 1}, \"attributes\": {\"updated_at\": \"2026-05-11T11:54:18.000000Z\", \"is_radius_attendance_enabled\": 0}}','[]','2026-05-11 11:54:18','2026-05-11 11:54:18'),(260,'default','updated','App\\Models\\SchoolProfile',1,'updated','App\\Models\\User',1,'{\"old\": {\"updated_at\": \"2026-05-11T11:54:18.000000Z\", \"is_radius_attendance_enabled\": 0}, \"attributes\": {\"updated_at\": \"2026-05-11T11:54:36.000000Z\", \"is_radius_attendance_enabled\": 1}}','[]','2026-05-11 11:54:36','2026-05-11 11:54:36'),(261,'default','updated','App\\Models\\SchoolProfile',1,'updated','App\\Models\\User',1,'{\"old\": {\"updated_at\": \"2026-05-11T11:54:36.000000Z\", \"is_radius_attendance_enabled\": 1}, \"attributes\": {\"updated_at\": \"2026-05-11T11:55:12.000000Z\", \"is_radius_attendance_enabled\": 0}}','[]','2026-05-11 11:55:12','2026-05-11 11:55:12'),(262,'default','created','App\\Models\\Journal',808,'created','App\\Models\\User',185,'{\"attributes\": {\"id\": 808, \"date\": \"2026-05-11\", \"time\": \"18:55:43\", \"activity\": \"\", \"is_valid\": 1, \"latitude\": \"-6.2259\", \"longitude\": \"106.8503\", \"created_at\": \"2026-05-11T11:55:43.000000Z\", \"photo_path\": null, \"updated_at\": \"2026-05-11T11:55:43.000000Z\", \"attend_status\": \"Hadir\", \"revision_note\": null, \"pkl_placement_id\": 12, \"attendance_photo_path\": \"journals/attendance/31c9ac7c-fa60-4b25-94fc-692255ae730a.jpeg\"}}','[]','2026-05-11 11:55:43','2026-05-11 11:55:43'),(263,'default','updated','App\\Models\\Journal',808,'updated','App\\Models\\User',185,'{\"old\": {\"activity\": \"\", \"photo_path\": null, \"updated_at\": \"2026-05-11T11:55:43.000000Z\"}, \"attributes\": {\"activity\": \"Jalan jalan\", \"photo_path\": \"journals/8afc8b9a-f6a2-416a-8c18-e2135a8e93d2.jpeg\", \"updated_at\": \"2026-05-11T11:56:02.000000Z\"}}','[]','2026-05-11 11:56:02','2026-05-11 11:56:02'),(264,'default','updated','App\\Models\\PklPlacement',12,'updated','App\\Models\\User',1,'{\"old\": {\"start_date\": \"2026-06-22\", \"updated_at\": \"2026-05-11T11:21:29.000000Z\"}, \"attributes\": {\"start_date\": \"2026-05-04\", \"updated_at\": \"2026-05-11T11:57:04.000000Z\"}}','[]','2026-05-11 11:57:04','2026-05-11 11:57:04'),(265,'default','updated','App\\Models\\Journal',435,'updated','App\\Models\\User',1,'{\"old\": {\"is_valid\": 0, \"updated_at\": \"2026-05-11T11:38:31.000000Z\"}, \"attributes\": {\"is_valid\": 1, \"updated_at\": \"2026-05-11T12:00:42.000000Z\"}}','[]','2026-05-11 12:00:42','2026-05-11 12:00:42'),(266,'default','updated','App\\Models\\PklPlacement',12,'updated','App\\Models\\User',135,'{\"old\": {\"updated_at\": \"2026-05-11T11:57:04.000000Z\", \"file_laporan_path\": \"laporan_pkl/Laporan_fairuz-annafi_1778497589.pdf\"}, \"attributes\": {\"updated_at\": \"2026-05-11T12:00:48.000000Z\", \"file_laporan_path\": \"processing\"}}','[]','2026-05-11 12:00:48','2026-05-11 12:00:48'),(267,'default','updated','App\\Models\\PklPlacement',12,'updated',NULL,NULL,'{\"old\": {\"updated_at\": \"2026-05-11T12:00:48.000000Z\", \"file_laporan_path\": \"processing\"}, \"attributes\": {\"updated_at\": \"2026-05-11T12:02:10.000000Z\", \"file_laporan_path\": \"laporan_pkl/Laporan_fairuz-annafi_1778500853.pdf\"}}','[]','2026-05-11 12:02:10','2026-05-11 12:02:10'),(268,'default','updated','App\\Models\\PklPlacement',12,'updated','App\\Models\\User',135,'{\"old\": {\"updated_at\": \"2026-05-11T12:02:10.000000Z\", \"file_laporan_path\": \"laporan_pkl/Laporan_fairuz-annafi_1778500853.pdf\"}, \"attributes\": {\"updated_at\": \"2026-05-11T12:04:57.000000Z\", \"file_laporan_path\": \"processing\"}}','[]','2026-05-11 12:04:57','2026-05-11 12:04:57'),(269,'default','updated','App\\Models\\PklPlacement',12,'updated',NULL,NULL,'{\"old\": {\"updated_at\": \"2026-05-11T12:04:57.000000Z\", \"file_laporan_path\": \"processing\"}, \"attributes\": {\"updated_at\": \"2026-05-11T12:05:41.000000Z\", \"file_laporan_path\": \"laporan_pkl/Laporan_fairuz-annafi_1778501100.pdf\"}}','[]','2026-05-11 12:05:41','2026-05-11 12:05:41'),(270,'default','updated','App\\Models\\Journal',808,'updated','App\\Models\\User',185,'{\"old\": {\"photo_path\": \"journals/8afc8b9a-f6a2-416a-8c18-e2135a8e93d2.jpeg\", \"updated_at\": \"2026-05-11T11:56:02.000000Z\"}, \"attributes\": {\"photo_path\": \"journals/4e4869f9-b797-48db-b359-2fd28e08e4c6.webp\", \"updated_at\": \"2026-05-11T12:08:27.000000Z\"}}','[]','2026-05-11 12:08:27','2026-05-11 12:08:27'),(271,'default','updated','App\\Models\\PklPlacement',12,'updated','App\\Models\\User',135,'{\"old\": {\"updated_at\": \"2026-05-11T12:05:41.000000Z\", \"file_laporan_path\": \"laporan_pkl/Laporan_fairuz-annafi_1778501100.pdf\"}, \"attributes\": {\"updated_at\": \"2026-05-11T12:08:38.000000Z\", \"file_laporan_path\": \"processing\"}}','[]','2026-05-11 12:08:38','2026-05-11 12:08:38'),(272,'default','updated','App\\Models\\PklPlacement',12,'updated',NULL,NULL,'{\"old\": {\"updated_at\": \"2026-05-11T12:08:38.000000Z\", \"file_laporan_path\": \"processing\"}, \"attributes\": {\"updated_at\": \"2026-05-11T12:09:34.000000Z\", \"file_laporan_path\": \"laporan_pkl/Laporan_fairuz-annafi_1778501321.pdf\"}}','[]','2026-05-11 12:09:34','2026-05-11 12:09:34'),(273,'default','updated','App\\Models\\PklPlacement',12,'updated','App\\Models\\User',135,'{\"old\": {\"updated_at\": \"2026-05-11T12:09:34.000000Z\", \"file_laporan_path\": \"laporan_pkl/Laporan_fairuz-annafi_1778501321.pdf\"}, \"attributes\": {\"updated_at\": \"2026-05-11T12:12:49.000000Z\", \"file_laporan_path\": \"processing\"}}','[]','2026-05-11 12:12:49','2026-05-11 12:12:49'),(274,'default','updated','App\\Models\\PklPlacement',12,'updated',NULL,NULL,'{\"old\": {\"updated_at\": \"2026-05-11T12:12:49.000000Z\", \"file_laporan_path\": \"processing\"}, \"attributes\": {\"updated_at\": \"2026-05-11T12:13:41.000000Z\", \"file_laporan_path\": \"laporan_pkl/Laporan_fairuz-annafi_1778501574.pdf\"}}','[]','2026-05-11 12:13:41','2026-05-11 12:13:41'),(275,'default','updated','App\\Models\\PklPlacement',12,'updated','App\\Models\\User',135,'{\"old\": {\"updated_at\": \"2026-05-11T12:13:41.000000Z\", \"file_laporan_path\": \"laporan_pkl/Laporan_fairuz-annafi_1778501574.pdf\"}, \"attributes\": {\"updated_at\": \"2026-05-11T12:19:57.000000Z\", \"file_laporan_path\": \"processing\"}}','[]','2026-05-11 12:19:57','2026-05-11 12:19:57'),(276,'default','updated','App\\Models\\PklPlacement',12,'updated',NULL,NULL,'{\"old\": {\"updated_at\": \"2026-05-11T12:19:57.000000Z\", \"file_laporan_path\": \"processing\"}, \"attributes\": {\"updated_at\": \"2026-05-11T12:20:54.000000Z\", \"file_laporan_path\": \"laporan_pkl/Laporan_fairuz-annafi_1778502004.pdf\"}}','[]','2026-05-11 12:20:54','2026-05-11 12:20:54'),(277,'default','updated','App\\Models\\PklPlacement',12,'updated','App\\Models\\User',135,'{\"old\": {\"updated_at\": \"2026-05-11T12:20:54.000000Z\", \"file_laporan_path\": \"laporan_pkl/Laporan_fairuz-annafi_1778502004.pdf\"}, \"attributes\": {\"updated_at\": \"2026-05-11T12:21:20.000000Z\", \"file_laporan_path\": \"processing\"}}','[]','2026-05-11 12:21:20','2026-05-11 12:21:20'),(278,'default','updated','App\\Models\\PklPlacement',12,'updated',NULL,NULL,'{\"old\": {\"updated_at\": \"2026-05-11T12:21:20.000000Z\", \"file_laporan_path\": \"processing\"}, \"attributes\": {\"updated_at\": \"2026-05-11T12:22:24.000000Z\", \"file_laporan_path\": \"laporan_pkl/Laporan_fairuz-annafi_1778502087.pdf\"}}','[]','2026-05-11 12:22:24','2026-05-11 12:22:24'),(279,'default','updated','App\\Models\\PklPlacement',12,'updated','App\\Models\\User',135,'{\"old\": {\"updated_at\": \"2026-05-11T12:22:24.000000Z\", \"file_laporan_path\": \"laporan_pkl/Laporan_fairuz-annafi_1778502087.pdf\"}, \"attributes\": {\"updated_at\": \"2026-05-11T12:24:53.000000Z\", \"file_laporan_path\": \"processing\"}}','[]','2026-05-11 12:24:53','2026-05-11 12:24:53'),(280,'default','updated','App\\Models\\PklPlacement',12,'updated',NULL,NULL,'{\"old\": {\"updated_at\": \"2026-05-11T12:24:53.000000Z\", \"file_laporan_path\": \"processing\"}, \"attributes\": {\"updated_at\": \"2026-05-11T12:25:42.000000Z\", \"file_laporan_path\": \"laporan_pkl/Laporan_fairuz-annafi_1778502299.pdf\"}}','[]','2026-05-11 12:25:42','2026-05-11 12:25:42'),(281,'default','created','App\\Models\\Journal',809,'created','App\\Models\\User',221,'{\"attributes\": {\"id\": 809, \"date\": \"2026-05-11\", \"time\": \"19:33:56\", \"activity\": \"Libur / Tanggal Merah\", \"is_valid\": 1, \"latitude\": null, \"longitude\": null, \"created_at\": \"2026-05-11T12:33:56.000000Z\", \"photo_path\": null, \"updated_at\": \"2026-05-11T12:33:56.000000Z\", \"attend_status\": \"Libur\", \"revision_note\": null, \"pkl_placement_id\": 20, \"attendance_photo_path\": null}}','[]','2026-05-11 12:33:56','2026-05-11 12:33:56'),(282,'default','deleted','App\\Models\\Journal',809,'deleted','App\\Models\\User',1,'{\"old\": {\"id\": 809, \"date\": \"2026-05-11\", \"time\": \"19:33:56\", \"activity\": \"Libur / Tanggal Merah\", \"is_valid\": 1, \"latitude\": null, \"longitude\": null, \"created_at\": \"2026-05-11T12:33:56.000000Z\", \"photo_path\": null, \"updated_at\": \"2026-05-11T12:33:56.000000Z\", \"attend_status\": \"Libur\", \"revision_note\": null, \"pkl_placement_id\": 20, \"attendance_photo_path\": null}}','[]','2026-05-11 12:34:19','2026-05-11 12:34:19'),(283,'default','created','App\\Models\\Journal',810,'created','App\\Models\\User',221,'{\"attributes\": {\"id\": 810, \"date\": \"2026-05-11\", \"time\": \"19:34:34\", \"activity\": \"\", \"is_valid\": 1, \"latitude\": null, \"longitude\": null, \"created_at\": \"2026-05-11T12:34:34.000000Z\", \"photo_path\": null, \"updated_at\": \"2026-05-11T12:34:34.000000Z\", \"attend_status\": \"Sakit\", \"revision_note\": null, \"pkl_placement_id\": 20, \"attendance_photo_path\": null}}','[]','2026-05-11 12:34:34','2026-05-11 12:34:34'),(284,'default','updated','App\\Models\\Journal',810,'updated','App\\Models\\User',221,'{\"old\": {\"activity\": \"\", \"photo_path\": null, \"updated_at\": \"2026-05-11T12:34:34.000000Z\"}, \"attributes\": {\"activity\": \"Surat Sakit\", \"photo_path\": \"journals/de7c0dc9-7f58-4adb-91d3-992ffe2433fb.webp\", \"updated_at\": \"2026-05-11T12:35:05.000000Z\"}}','[]','2026-05-11 12:35:05','2026-05-11 12:35:05'),(285,'default','updated','App\\Models\\Teacher',39,'updated','App\\Models\\User',152,'{\"old\": {\"updated_at\": \"2026-05-10T14:30:40.000000Z\", \"signature_path\": null}, \"attributes\": {\"updated_at\": \"2026-05-11T12:38:49.000000Z\", \"signature_path\": \"signatures/4aceed20-7434-4ec7-9382-1728e0896283.png\"}}','[]','2026-05-11 12:38:49','2026-05-11 12:38:49'),(286,'default','updated','App\\Models\\PklPlacement',20,'updated','App\\Models\\User',221,'{\"old\": {\"pkl_field\": \"Teknisi Jaringan\", \"updated_at\": \"2026-05-08T17:39:57.000000Z\"}, \"attributes\": {\"pkl_field\": \"Sales Promotion Girl\", \"updated_at\": \"2026-05-11T12:40:06.000000Z\"}}','[]','2026-05-11 12:40:06','2026-05-11 12:40:06'),(287,'default','updated','App\\Models\\PklPlacement',12,'updated','App\\Models\\User',135,'{\"old\": {\"updated_at\": \"2026-05-11T12:25:42.000000Z\", \"file_laporan_path\": \"laporan_pkl/Laporan_fairuz-annafi_1778502299.pdf\"}, \"attributes\": {\"updated_at\": \"2026-05-11T12:44:29.000000Z\", \"file_laporan_path\": \"processing\"}}','[]','2026-05-11 12:44:29','2026-05-11 12:44:29'),(288,'default','updated','App\\Models\\PklPlacement',12,'updated',NULL,NULL,'{\"old\": {\"updated_at\": \"2026-05-11T12:44:29.000000Z\", \"file_laporan_path\": \"processing\"}, \"attributes\": {\"updated_at\": \"2026-05-11T12:45:11.000000Z\", \"file_laporan_path\": \"laporan_pkl/Laporan_fairuz-annafi_1778503471.pdf\"}}','[]','2026-05-11 12:45:11','2026-05-11 12:45:11'),(289,'default','updated','App\\Models\\Dudika',193,'updated','App\\Models\\User',1,'{\"old\": {\"updated_at\": \"2026-05-08T17:41:15.000000Z\", \"supervisor_name\": \"Admin\"}, \"attributes\": {\"updated_at\": \"2026-05-11T13:55:08.000000Z\", \"supervisor_name\": \"Andriyanto\"}}','[]','2026-05-11 13:55:08','2026-05-11 13:55:08'),(290,'default','updated','App\\Models\\User',112,'updated','App\\Models\\User',1,'{\"old\": {\"name\": \"Admin\"}, \"attributes\": {\"name\": \"Andriyanto\"}}','[]','2026-05-11 13:55:08','2026-05-11 13:55:08'),(291,'default','updated','App\\Models\\Dudika',199,'updated','App\\Models\\User',1,'{\"old\": {\"head_nip\": null, \"updated_at\": \"2026-05-02T05:13:11.000000Z\", \"supervisor_nip\": null}, \"attributes\": {\"head_nip\": \"11223322\", \"updated_at\": \"2026-05-11T14:18:38.000000Z\", \"supervisor_nip\": \"3322115\"}}','[]','2026-05-11 14:18:38','2026-05-11 14:18:38'),(292,'default','updated','App\\Models\\PklPlacement',12,'updated','App\\Models\\User',135,'{\"old\": {\"updated_at\": \"2026-05-11T12:45:11.000000Z\", \"file_laporan_path\": \"laporan_pkl/Laporan_fairuz-annafi_1778503471.pdf\"}, \"attributes\": {\"updated_at\": \"2026-05-11T14:22:21.000000Z\", \"file_laporan_path\": \"processing\"}}','[]','2026-05-11 14:22:21','2026-05-11 14:22:21'),(293,'default','updated','App\\Models\\PklPlacement',12,'updated',NULL,NULL,'{\"old\": {\"updated_at\": \"2026-05-11T14:22:21.000000Z\", \"file_laporan_path\": \"processing\"}, \"attributes\": {\"updated_at\": \"2026-05-11T14:23:29.000000Z\", \"file_laporan_path\": \"laporan_pkl/Laporan_fairuz-annafi_1778509349.pdf\"}}','[]','2026-05-11 14:23:29','2026-05-11 14:23:29'),(294,'default','updated','App\\Models\\PklPlacement',12,'updated','App\\Models\\User',135,'{\"old\": {\"updated_at\": \"2026-05-11T14:23:29.000000Z\", \"file_laporan_path\": \"laporan_pkl/Laporan_fairuz-annafi_1778509349.pdf\"}, \"attributes\": {\"updated_at\": \"2026-05-11T14:26:42.000000Z\", \"file_laporan_path\": \"processing\"}}','[]','2026-05-11 14:26:42','2026-05-11 14:26:42'),(295,'default','updated','App\\Models\\PklPlacement',12,'updated',NULL,NULL,'{\"old\": {\"updated_at\": \"2026-05-11T14:26:42.000000Z\", \"file_laporan_path\": \"processing\"}, \"attributes\": {\"updated_at\": \"2026-05-11T14:27:31.000000Z\", \"file_laporan_path\": \"laporan_pkl/Laporan_fairuz-annafi_1778509606.pdf\"}}','[]','2026-05-11 14:27:31','2026-05-11 14:27:31'),(296,'default','updated','App\\Models\\PklPlacement',12,'updated','App\\Models\\User',135,'{\"old\": {\"updated_at\": \"2026-05-11T14:27:31.000000Z\", \"file_laporan_path\": \"laporan_pkl/Laporan_fairuz-annafi_1778509606.pdf\"}, \"attributes\": {\"updated_at\": \"2026-05-11T14:35:08.000000Z\", \"file_laporan_path\": \"processing\"}}','[]','2026-05-11 14:35:08','2026-05-11 14:35:08'),(297,'default','updated','App\\Models\\PklPlacement',12,'updated',NULL,NULL,'{\"old\": {\"updated_at\": \"2026-05-11T14:35:08.000000Z\", \"file_laporan_path\": \"processing\"}, \"attributes\": {\"updated_at\": \"2026-05-11T14:35:53.000000Z\", \"file_laporan_path\": \"laporan_pkl/Laporan_fairuz-annafi_1778510115.pdf\"}}','[]','2026-05-11 14:35:53','2026-05-11 14:35:53'),(298,'default','updated','App\\Models\\Dudika',199,'updated','App\\Models\\User',1,'{\"old\": {\"head_nip\": \"11223322\", \"updated_at\": \"2026-05-11T14:18:38.000000Z\", \"supervisor_nip\": \"3322115\"}, \"attributes\": {\"head_nip\": null, \"updated_at\": \"2026-05-11T14:38:13.000000Z\", \"supervisor_nip\": null}}','[]','2026-05-11 14:38:13','2026-05-11 14:38:13'),(299,'default','updated','App\\Models\\PklPlacement',12,'updated','App\\Models\\User',135,'{\"old\": {\"updated_at\": \"2026-05-11T14:35:53.000000Z\", \"file_laporan_path\": \"laporan_pkl/Laporan_fairuz-annafi_1778510115.pdf\"}, \"attributes\": {\"updated_at\": \"2026-05-11T14:38:44.000000Z\", \"file_laporan_path\": \"processing\"}}','[]','2026-05-11 14:38:44','2026-05-11 14:38:44'),(300,'default','updated','App\\Models\\PklPlacement',12,'updated',NULL,NULL,'{\"old\": {\"updated_at\": \"2026-05-11T14:38:44.000000Z\", \"file_laporan_path\": \"processing\"}, \"attributes\": {\"updated_at\": \"2026-05-11T14:39:41.000000Z\", \"file_laporan_path\": \"laporan_pkl/Laporan_fairuz-annafi_1778510327.pdf\"}}','[]','2026-05-11 14:39:42','2026-05-11 14:39:42'),(301,'default','updated','App\\Models\\PklPlacement',12,'updated','App\\Models\\User',135,'{\"old\": {\"updated_at\": \"2026-05-11T14:39:41.000000Z\", \"file_laporan_path\": \"laporan_pkl/Laporan_fairuz-annafi_1778510327.pdf\"}, \"attributes\": {\"updated_at\": \"2026-05-11T15:08:11.000000Z\", \"file_laporan_path\": \"processing\"}}','[]','2026-05-11 15:08:11','2026-05-11 15:08:11'),(302,'default','updated','App\\Models\\PklPlacement',12,'updated',NULL,NULL,'{\"old\": {\"updated_at\": \"2026-05-11T15:08:11.000000Z\", \"file_laporan_path\": \"processing\"}, \"attributes\": {\"updated_at\": \"2026-05-11T15:09:18.000000Z\", \"file_laporan_path\": \"laporan_pkl/Laporan_fairuz-annafi_1778512098.pdf\"}}','[]','2026-05-11 15:09:18','2026-05-11 15:09:18'),(303,'default','updated','App\\Models\\PklPlacement',12,'updated','App\\Models\\User',135,'{\"old\": {\"updated_at\": \"2026-05-11T15:09:18.000000Z\", \"file_laporan_path\": \"laporan_pkl/Laporan_fairuz-annafi_1778512098.pdf\"}, \"attributes\": {\"updated_at\": \"2026-05-11T15:22:03.000000Z\", \"file_laporan_path\": \"processing\"}}','[]','2026-05-11 15:22:03','2026-05-11 15:22:03'),(304,'default','updated','App\\Models\\PklPlacement',12,'updated',NULL,NULL,'{\"old\": {\"updated_at\": \"2026-05-11T15:22:03.000000Z\", \"file_laporan_path\": \"processing\"}, \"attributes\": {\"updated_at\": \"2026-05-11T15:23:06.000000Z\", \"file_laporan_path\": \"laporan_pkl/Laporan_fairuz-annafi_1778512930.pdf\"}}','[]','2026-05-11 15:23:06','2026-05-11 15:23:06'),(305,'default','updated','App\\Models\\PklPlacement',12,'updated','App\\Models\\User',135,'{\"old\": {\"updated_at\": \"2026-05-11T15:23:06.000000Z\", \"file_laporan_path\": \"laporan_pkl/Laporan_fairuz-annafi_1778512930.pdf\"}, \"attributes\": {\"updated_at\": \"2026-05-11T15:32:19.000000Z\", \"file_laporan_path\": \"processing\"}}','[]','2026-05-11 15:32:19','2026-05-11 15:32:19'),(306,'default','updated','App\\Models\\PklPlacement',12,'updated',NULL,NULL,'{\"old\": {\"updated_at\": \"2026-05-11T15:32:19.000000Z\", \"file_laporan_path\": \"processing\"}, \"attributes\": {\"updated_at\": \"2026-05-11T15:33:18.000000Z\", \"file_laporan_path\": \"laporan_pkl/Laporan_fairuz-annafi_1778513543.pdf\"}}','[]','2026-05-11 15:33:18','2026-05-11 15:33:18'),(307,'default','updated','App\\Models\\Dudika',193,'updated','App\\Models\\User',112,'{\"old\": {\"name\": \"CV. Faris Jaya Teknik\", \"updated_at\": \"2026-05-11T13:55:08.000000Z\"}, \"attributes\": {\"name\": \"CV. Faris Jaya \", \"updated_at\": \"2026-05-11T15:38:13.000000Z\"}}','[]','2026-05-11 15:38:13','2026-05-11 15:38:13'),(308,'default','updated','App\\Models\\Dudika',193,'updated','App\\Models\\User',112,'{\"old\": {\"name\": \"CV. Faris Jaya \", \"updated_at\": \"2026-05-11T15:38:13.000000Z\"}, \"attributes\": {\"name\": \"CV. Faris Jaya Teknik\", \"updated_at\": \"2026-05-11T15:38:29.000000Z\"}}','[]','2026-05-11 15:38:29','2026-05-11 15:38:29'),(309,'default','updated','App\\Models\\PklPlacement',12,'updated','App\\Models\\User',135,'{\"old\": {\"updated_at\": \"2026-05-11T15:33:18.000000Z\", \"file_laporan_path\": \"laporan_pkl/Laporan_fairuz-annafi_1778513543.pdf\"}, \"attributes\": {\"updated_at\": \"2026-05-11T15:40:03.000000Z\", \"file_laporan_path\": \"processing\"}}','[]','2026-05-11 15:40:03','2026-05-11 15:40:03'),(310,'default','updated','App\\Models\\PklPlacement',12,'updated',NULL,NULL,'{\"old\": {\"updated_at\": \"2026-05-11T15:40:03.000000Z\", \"file_laporan_path\": \"processing\"}, \"attributes\": {\"updated_at\": \"2026-05-11T15:41:02.000000Z\", \"file_laporan_path\": \"laporan_pkl/Laporan_fairuz-annafi_1778514012.pdf\"}}','[]','2026-05-11 15:41:02','2026-05-11 15:41:02'),(311,'default','updated','App\\Models\\PklPlacement',12,'updated','App\\Models\\User',135,'{\"old\": {\"updated_at\": \"2026-05-11T15:41:02.000000Z\", \"file_laporan_path\": \"laporan_pkl/Laporan_fairuz-annafi_1778514012.pdf\"}, \"attributes\": {\"updated_at\": \"2026-05-11T15:56:07.000000Z\", \"file_laporan_path\": \"processing\"}}','[]','2026-05-11 15:56:07','2026-05-11 15:56:07'),(312,'default','updated','App\\Models\\PklPlacement',12,'updated',NULL,NULL,'{\"old\": {\"updated_at\": \"2026-05-11T15:56:07.000000Z\", \"file_laporan_path\": \"processing\"}, \"attributes\": {\"updated_at\": \"2026-05-11T15:57:08.000000Z\", \"file_laporan_path\": \"laporan_pkl/Laporan_fairuz-annafi_1778514975.pdf\"}}','[]','2026-05-11 15:57:08','2026-05-11 15:57:08'),(313,'default','updated','App\\Models\\PklPlacement',12,'updated','App\\Models\\User',135,'{\"old\": {\"updated_at\": \"2026-05-11T15:57:08.000000Z\", \"file_laporan_path\": \"laporan_pkl/Laporan_fairuz-annafi_1778514975.pdf\"}, \"attributes\": {\"updated_at\": \"2026-05-11T15:58:33.000000Z\", \"file_laporan_path\": \"processing\"}}','[]','2026-05-11 15:58:33','2026-05-11 15:58:33'),(314,'default','updated','App\\Models\\PklPlacement',12,'updated',NULL,NULL,'{\"old\": {\"updated_at\": \"2026-05-11T15:58:33.000000Z\", \"file_laporan_path\": \"processing\"}, \"attributes\": {\"updated_at\": \"2026-05-11T15:59:13.000000Z\", \"file_laporan_path\": \"laporan_pkl/Laporan_fairuz-annafi_1778515119.pdf\"}}','[]','2026-05-11 15:59:13','2026-05-11 15:59:13'),(315,'default','updated','App\\Models\\PklPlacement',12,'updated','App\\Models\\User',135,'{\"old\": {\"updated_at\": \"2026-05-11T15:59:13.000000Z\", \"file_laporan_path\": \"laporan_pkl/Laporan_fairuz-annafi_1778515119.pdf\"}, \"attributes\": {\"updated_at\": \"2026-05-11T16:28:23.000000Z\", \"file_laporan_path\": \"processing\"}}','[]','2026-05-11 16:28:23','2026-05-11 16:28:23'),(316,'default','deleted','App\\Models\\Journal',810,'deleted','App\\Models\\User',1,'{\"old\": {\"id\": 810, \"date\": \"2026-05-11\", \"time\": \"19:34:34\", \"activity\": \"Surat Sakit\", \"is_valid\": 1, \"latitude\": null, \"longitude\": null, \"created_at\": \"2026-05-11T12:34:34.000000Z\", \"photo_path\": \"journals/de7c0dc9-7f58-4adb-91d3-992ffe2433fb.webp\", \"updated_at\": \"2026-05-11T12:35:05.000000Z\", \"attend_status\": \"Sakit\", \"revision_note\": null, \"pkl_placement_id\": 20, \"attendance_photo_path\": null}}','[]','2026-05-11 16:29:22','2026-05-11 16:29:22'),(317,'default','created','App\\Models\\Journal',811,'created','App\\Models\\User',221,'{\"attributes\": {\"id\": 811, \"date\": \"2026-05-11\", \"time\": \"23:29:39\", \"activity\": \"\", \"is_valid\": 1, \"latitude\": \"-6.1901\", \"longitude\": \"106.9061\", \"created_at\": \"2026-05-11T16:29:39.000000Z\", \"photo_path\": null, \"updated_at\": \"2026-05-11T16:29:39.000000Z\", \"attend_status\": \"Hadir\", \"revision_note\": null, \"pkl_placement_id\": 20, \"attendance_photo_path\": \"journals/attendance/e5d9264f-48df-4d54-a733-40c57681938a.jpeg\"}}','[]','2026-05-11 16:29:39','2026-05-11 16:29:39'),(318,'default','updated','App\\Models\\Journal',811,'updated','App\\Models\\User',221,'{\"old\": {\"activity\": \"\", \"photo_path\": null, \"updated_at\": \"2026-05-11T16:29:39.000000Z\"}, \"attributes\": {\"activity\": \"Cuci Mobil lagi\", \"photo_path\": \"journals/de4a0236-5622-4095-8292-3287982a9128.jpeg\", \"updated_at\": \"2026-05-11T16:29:55.000000Z\"}}','[]','2026-05-11 16:29:55','2026-05-11 16:29:55'),(319,'default','updated','App\\Models\\PklPlacement',12,'updated',NULL,NULL,'{\"old\": {\"updated_at\": \"2026-05-11T16:28:23.000000Z\", \"file_laporan_path\": \"processing\"}, \"attributes\": {\"updated_at\": \"2026-05-11T16:30:01.000000Z\", \"file_laporan_path\": \"laporan_pkl/Laporan_fairuz-annafi_1778516907.pdf\"}}','[]','2026-05-11 16:30:01','2026-05-11 16:30:01'),(320,'default','updated','App\\Models\\PklPlacement',12,'updated','App\\Models\\User',135,'{\"old\": {\"updated_at\": \"2026-05-11T16:30:01.000000Z\", \"file_laporan_path\": \"laporan_pkl/Laporan_fairuz-annafi_1778516907.pdf\"}, \"attributes\": {\"updated_at\": \"2026-05-11T16:34:11.000000Z\", \"file_laporan_path\": \"processing\"}}','[]','2026-05-11 16:34:11','2026-05-11 16:34:11'),(321,'default','updated','App\\Models\\PklPlacement',12,'updated',NULL,NULL,'{\"old\": {\"updated_at\": \"2026-05-11T16:34:11.000000Z\", \"file_laporan_path\": \"processing\"}, \"attributes\": {\"updated_at\": \"2026-05-11T16:34:58.000000Z\", \"file_laporan_path\": \"laporan_pkl/Laporan_fairuz-annafi_1778517257.pdf\"}}','[]','2026-05-11 16:34:58','2026-05-11 16:34:58'),(322,'default','updated','App\\Models\\PklPlacement',12,'updated','App\\Models\\User',135,'{\"old\": {\"updated_at\": \"2026-05-11T16:34:58.000000Z\", \"file_laporan_path\": \"laporan_pkl/Laporan_fairuz-annafi_1778517257.pdf\"}, \"attributes\": {\"updated_at\": \"2026-05-11T16:39:02.000000Z\", \"file_laporan_path\": \"processing\"}}','[]','2026-05-11 16:39:02','2026-05-11 16:39:02'),(323,'default','updated','App\\Models\\PklPlacement',12,'updated',NULL,NULL,'{\"old\": {\"updated_at\": \"2026-05-11T16:39:02.000000Z\", \"file_laporan_path\": \"processing\"}, \"attributes\": {\"updated_at\": \"2026-05-11T16:40:22.000000Z\", \"file_laporan_path\": \"laporan_pkl/Laporan_fairuz-annafi_1778517547.pdf\"}}','[]','2026-05-11 16:40:22','2026-05-11 16:40:22'),(324,'default','updated','App\\Models\\Journal',805,'updated','App\\Models\\User',112,'{\"old\": {\"is_valid\": 1, \"updated_at\": \"2026-05-09T15:11:47.000000Z\", \"revision_note\": null}, \"attributes\": {\"is_valid\": 0, \"updated_at\": \"2026-05-11T17:00:02.000000Z\", \"revision_note\": \"Ayo benahi kurang benar ini\"}}','[]','2026-05-11 17:00:02','2026-05-11 17:00:02'),(325,'default','updated','App\\Models\\Journal',805,'updated','App\\Models\\User',221,'{\"old\": {\"latitude\": \"-8.2152706123983\", \"longitude\": \"114.35495138168\", \"updated_at\": \"2026-05-11T17:00:02.000000Z\", \"attend_status\": \"Hadir\", \"attendance_photo_path\": \"attendance/ccaab447-15f9-4878-9f8e-5f84a996ad4d.jpeg\"}, \"attributes\": {\"latitude\": null, \"longitude\": null, \"updated_at\": \"2026-05-11T17:05:18.000000Z\", \"attend_status\": \"Libur\", \"attendance_photo_path\": null}}','[]','2026-05-11 17:05:18','2026-05-11 17:05:18'),(326,'default','updated','App\\Models\\Journal',805,'updated','App\\Models\\User',112,'{\"old\": {\"is_valid\": 0, \"updated_at\": \"2026-05-11T17:05:18.000000Z\", \"revision_note\": \"Ayo benahi kurang benar ini\"}, \"attributes\": {\"is_valid\": 1, \"updated_at\": \"2026-05-11T17:05:34.000000Z\", \"revision_note\": null}}','[]','2026-05-11 17:05:34','2026-05-11 17:05:34'),(327,'default','updated','App\\Models\\MonitoringSchedule',1,'updated','App\\Models\\User',1,'{\"old\": {\"is_active\": 1, \"updated_at\": \"2026-05-11T10:55:10.000000Z\"}, \"attributes\": {\"is_active\": 0, \"updated_at\": \"2026-05-12T13:50:12.000000Z\"}}','[]','2026-05-12 13:50:12','2026-05-12 13:50:12'),(328,'default','updated','App\\Models\\MonitoringSchedule',3,'updated','App\\Models\\User',1,'{\"old\": {\"is_active\": 0, \"updated_at\": \"2026-05-10T07:06:31.000000Z\"}, \"attributes\": {\"is_active\": 1, \"updated_at\": \"2026-05-12T13:50:16.000000Z\"}}','[]','2026-05-12 13:50:16','2026-05-12 13:50:16'),(329,'default','created','App\\Models\\PklAssessment',4,'created','App\\Models\\User',112,'{\"attributes\": {\"id\": 4, \"created_at\": \"2026-05-12T14:59:32.000000Z\", \"updated_at\": \"2026-05-12T14:59:32.000000Z\", \"assessment_notes\": \"Pinter Teori maupun Praktek\", \"attendance_notes\": \"Siswa Disiplin dan Mantaff\", \"pkl_placement_id\": 20}}','[]','2026-05-12 14:59:32','2026-05-12 14:59:32'),(330,'default','created','App\\Models\\PklAssessmentScore',53,'created','App\\Models\\User',112,'{\"attributes\": {\"id\": 53, \"score\": 85, \"created_at\": \"2026-05-12T14:59:32.000000Z\", \"updated_at\": \"2026-05-12T14:59:32.000000Z\", \"pkl_assessment_id\": 4, \"assessment_indicator_id\": 26}}','[]','2026-05-12 14:59:32','2026-05-12 14:59:32'),(331,'default','created','App\\Models\\PklAssessmentScore',54,'created','App\\Models\\User',112,'{\"attributes\": {\"id\": 54, \"score\": 85, \"created_at\": \"2026-05-12T14:59:32.000000Z\", \"updated_at\": \"2026-05-12T14:59:32.000000Z\", \"pkl_assessment_id\": 4, \"assessment_indicator_id\": 27}}','[]','2026-05-12 14:59:32','2026-05-12 14:59:32'),(332,'default','created','App\\Models\\PklAssessmentScore',55,'created','App\\Models\\User',112,'{\"attributes\": {\"id\": 55, \"score\": 85, \"created_at\": \"2026-05-12T14:59:32.000000Z\", \"updated_at\": \"2026-05-12T14:59:32.000000Z\", \"pkl_assessment_id\": 4, \"assessment_indicator_id\": 28}}','[]','2026-05-12 14:59:32','2026-05-12 14:59:32'),(333,'default','created','App\\Models\\PklAssessmentScore',56,'created','App\\Models\\User',112,'{\"attributes\": {\"id\": 56, \"score\": 85, \"created_at\": \"2026-05-12T14:59:32.000000Z\", \"updated_at\": \"2026-05-12T14:59:32.000000Z\", \"pkl_assessment_id\": 4, \"assessment_indicator_id\": 29}}','[]','2026-05-12 14:59:32','2026-05-12 14:59:32'),(334,'default','created','App\\Models\\PklAssessmentScore',57,'created','App\\Models\\User',112,'{\"attributes\": {\"id\": 57, \"score\": 85, \"created_at\": \"2026-05-12T14:59:32.000000Z\", \"updated_at\": \"2026-05-12T14:59:32.000000Z\", \"pkl_assessment_id\": 4, \"assessment_indicator_id\": 30}}','[]','2026-05-12 14:59:32','2026-05-12 14:59:32'),(335,'default','created','App\\Models\\PklAssessmentScore',58,'created','App\\Models\\User',112,'{\"attributes\": {\"id\": 58, \"score\": 85, \"created_at\": \"2026-05-12T14:59:32.000000Z\", \"updated_at\": \"2026-05-12T14:59:32.000000Z\", \"pkl_assessment_id\": 4, \"assessment_indicator_id\": 31}}','[]','2026-05-12 14:59:32','2026-05-12 14:59:32'),(336,'default','created','App\\Models\\PklAssessmentScore',59,'created','App\\Models\\User',112,'{\"attributes\": {\"id\": 59, \"score\": 85, \"created_at\": \"2026-05-12T14:59:32.000000Z\", \"updated_at\": \"2026-05-12T14:59:32.000000Z\", \"pkl_assessment_id\": 4, \"assessment_indicator_id\": 40}}','[]','2026-05-12 14:59:32','2026-05-12 14:59:32'),(337,'default','created','App\\Models\\PklAssessmentScore',60,'created','App\\Models\\User',112,'{\"attributes\": {\"id\": 60, \"score\": 85, \"created_at\": \"2026-05-12T14:59:32.000000Z\", \"updated_at\": \"2026-05-12T14:59:32.000000Z\", \"pkl_assessment_id\": 4, \"assessment_indicator_id\": 41}}','[]','2026-05-12 14:59:32','2026-05-12 14:59:32'),(338,'default','created','App\\Models\\PklAssessmentScore',61,'created','App\\Models\\User',112,'{\"attributes\": {\"id\": 61, \"score\": 85, \"created_at\": \"2026-05-12T14:59:32.000000Z\", \"updated_at\": \"2026-05-12T14:59:32.000000Z\", \"pkl_assessment_id\": 4, \"assessment_indicator_id\": 106}}','[]','2026-05-12 14:59:32','2026-05-12 14:59:32'),(339,'default','created','App\\Models\\PklAssessmentScore',62,'created','App\\Models\\User',112,'{\"attributes\": {\"id\": 62, \"score\": 85, \"created_at\": \"2026-05-12T14:59:32.000000Z\", \"updated_at\": \"2026-05-12T14:59:32.000000Z\", \"pkl_assessment_id\": 4, \"assessment_indicator_id\": 107}}','[]','2026-05-12 14:59:32','2026-05-12 14:59:32'),(340,'default','updated','App\\Models\\PklAssessmentScore',53,'updated','App\\Models\\User',112,'{\"old\": {\"score\": 85, \"updated_at\": \"2026-05-12T14:59:32.000000Z\"}, \"attributes\": {\"score\": 100, \"updated_at\": \"2026-05-12T14:59:57.000000Z\"}}','[]','2026-05-12 14:59:57','2026-05-12 14:59:57'),(341,'default','updated','App\\Models\\Announcement',2,'updated','App\\Models\\User',1,'{\"old\": {\"is_active\": 0, \"updated_at\": \"2026-05-09T10:09:57.000000Z\"}, \"attributes\": {\"is_active\": 1, \"updated_at\": \"2026-05-12T15:09:50.000000Z\"}}','[]','2026-05-12 15:09:50','2026-05-12 15:09:50'),(342,'default','updated','App\\Models\\Announcement',2,'updated','App\\Models\\User',1,'{\"old\": {\"is_active\": 1, \"updated_at\": \"2026-05-12T15:09:50.000000Z\"}, \"attributes\": {\"is_active\": 0, \"updated_at\": \"2026-05-12T15:10:13.000000Z\"}}','[]','2026-05-12 15:10:13','2026-05-12 15:10:13'),(343,'default','created','App\\Models\\Announcement',5,'created','App\\Models\\User',1,'{\"attributes\": {\"id\": 5, \"title\": \"Pengisian nilai\", \"content\": \"<p>mohon mengisi penilaian siswa di menu nilai ya bapak/ibu instruktur DUDIKA 🙏😊</p>\", \"is_active\": 1, \"created_at\": \"2026-05-12T15:16:46.000000Z\", \"updated_at\": \"2026-05-12T15:16:46.000000Z\", \"target_audience\": \"Dudika\"}}','[]','2026-05-12 15:16:46','2026-05-12 15:16:46'),(344,'default','updated','App\\Models\\Announcement',5,'updated','App\\Models\\User',1,'{\"old\": {\"is_active\": 1, \"updated_at\": \"2026-05-12T15:16:46.000000Z\"}, \"attributes\": {\"is_active\": 0, \"updated_at\": \"2026-05-12T15:23:33.000000Z\"}}','[]','2026-05-12 15:23:33','2026-05-12 15:23:33'),(345,'default','updated','App\\Models\\Announcement',5,'updated','App\\Models\\User',1,'{\"old\": {\"is_active\": 0, \"updated_at\": \"2026-05-12T15:23:33.000000Z\"}, \"attributes\": {\"is_active\": 1, \"updated_at\": \"2026-05-12T15:25:41.000000Z\"}}','[]','2026-05-12 15:25:41','2026-05-12 15:25:41'),(346,'default','updated','App\\Models\\Dudika',193,'updated','App\\Models\\User',112,'{\"old\": {\"name\": \"CV. Faris Jaya Teknik\", \"updated_at\": \"2026-05-11T15:38:29.000000Z\"}, \"attributes\": {\"name\": \"CV. Faris Jaya Teknik ya\", \"updated_at\": \"2026-05-12T15:30:38.000000Z\"}}','[]','2026-05-12 15:30:38','2026-05-12 15:30:38'),(347,'default','updated','App\\Models\\Dudika',193,'updated','App\\Models\\User',112,'{\"old\": {\"name\": \"CV. Faris Jaya Teknik ya\", \"updated_at\": \"2026-05-12T15:30:38.000000Z\"}, \"attributes\": {\"name\": \"CV. Faris Jaya Teknik\", \"updated_at\": \"2026-05-12T15:30:44.000000Z\"}}','[]','2026-05-12 15:30:44','2026-05-12 15:30:44'),(348,'default','updated','App\\Models\\MonitoringSchedule',3,'updated','App\\Models\\User',1,'{\"old\": {\"is_active\": 1, \"updated_at\": \"2026-05-12T13:50:16.000000Z\"}, \"attributes\": {\"is_active\": 0, \"updated_at\": \"2026-05-12T16:33:48.000000Z\"}}','[]','2026-05-12 16:33:48','2026-05-12 16:33:48'),(349,'default','updated','App\\Models\\MonitoringSchedule',1,'updated','App\\Models\\User',1,'{\"old\": {\"end_date\": \"2026-05-11\", \"is_active\": 0, \"updated_at\": \"2026-05-12T13:50:12.000000Z\"}, \"attributes\": {\"end_date\": \"2026-05-13\", \"is_active\": 1, \"updated_at\": \"2026-05-12T16:34:05.000000Z\"}}','[]','2026-05-12 16:34:06','2026-05-12 16:34:06'),(350,'default','created','App\\Models\\Monitoring',77,'created','App\\Models\\User',152,'{\"attributes\": {\"id\": 77, \"date\": \"2026-05-12\", \"time\": \"23:34:29\", \"activity\": \"Pengantaran Siswa PKL\", \"created_at\": \"2026-05-12T16:34:29.000000Z\", \"photo_path\": \"monitorings/TsCu0z6MsHDDJpReimDamxi56bsEYWNZBj9Ptq1h.png\", \"updated_at\": \"2026-05-12T16:34:29.000000Z\", \"pkl_placement_id\": 18, \"monitoring_schedule_id\": 1}}','[]','2026-05-12 16:34:29','2026-05-12 16:34:29'),(351,'default','created','App\\Models\\Monitoring',78,'created','App\\Models\\User',152,'{\"attributes\": {\"id\": 78, \"date\": \"2026-05-12\", \"time\": \"23:34:29\", \"activity\": \"Pengantaran Siswa PKL\", \"created_at\": \"2026-05-12T16:34:29.000000Z\", \"photo_path\": \"monitorings/TsCu0z6MsHDDJpReimDamxi56bsEYWNZBj9Ptq1h.png\", \"updated_at\": \"2026-05-12T16:34:29.000000Z\", \"pkl_placement_id\": 19, \"monitoring_schedule_id\": 1}}','[]','2026-05-12 16:34:29','2026-05-12 16:34:29'),(352,'default','created','App\\Models\\Monitoring',79,'created','App\\Models\\User',152,'{\"attributes\": {\"id\": 79, \"date\": \"2026-05-12\", \"time\": \"23:34:29\", \"activity\": \"Pengantaran Siswa PKL\", \"created_at\": \"2026-05-12T16:34:29.000000Z\", \"photo_path\": \"monitorings/TsCu0z6MsHDDJpReimDamxi56bsEYWNZBj9Ptq1h.png\", \"updated_at\": \"2026-05-12T16:34:29.000000Z\", \"pkl_placement_id\": 20, \"monitoring_schedule_id\": 1}}','[]','2026-05-12 16:34:29','2026-05-12 16:34:29'),(353,'default','created','App\\Models\\Journal',812,'created','App\\Models\\User',221,'{\"attributes\": {\"id\": 812, \"date\": \"2026-05-13\", \"time\": \"20:48:51\", \"activity\": \"\", \"is_valid\": 1, \"latitude\": \"-8.2367836256602\", \"longitude\": \"114.35042346643\", \"created_at\": \"2026-05-13T13:48:51.000000Z\", \"photo_path\": null, \"updated_at\": \"2026-05-13T13:48:51.000000Z\", \"attend_status\": \"Hadir\", \"revision_note\": null, \"pkl_placement_id\": 20, \"attendance_photo_path\": \"journals/attendance/ebfc9071-c8d8-4e66-b9b2-c5402bc5d4f9.jpeg\"}}','[]','2026-05-13 13:48:51','2026-05-13 13:48:51'),(354,'default','updated','App\\Models\\Teacher',39,'updated','App\\Models\\User',152,'{\"old\": {\"updated_at\": \"2026-05-11T12:38:49.000000Z\", \"signature_path\": \"signatures/4aceed20-7434-4ec7-9382-1728e0896283.png\"}, \"attributes\": {\"updated_at\": \"2026-05-13T14:00:55.000000Z\", \"signature_path\": \"signatures/de855b60-f06b-4f8f-85d5-ec326953334f.png\"}}','[]','2026-05-13 14:00:55','2026-05-13 14:00:55'),(355,'default','deleted','App\\Models\\Journal',812,'deleted','App\\Models\\User',1,'{\"old\": {\"id\": 812, \"date\": \"2026-05-13\", \"time\": \"20:48:51\", \"activity\": \"\", \"is_valid\": 1, \"latitude\": \"-8.2367836256602\", \"longitude\": \"114.35042346643\", \"created_at\": \"2026-05-13T13:48:51.000000Z\", \"photo_path\": null, \"updated_at\": \"2026-05-13T13:48:51.000000Z\", \"attend_status\": \"Hadir\", \"revision_note\": null, \"pkl_placement_id\": 20, \"attendance_photo_path\": \"journals/attendance/ebfc9071-c8d8-4e66-b9b2-c5402bc5d4f9.jpeg\"}}','[]','2026-05-13 14:07:49','2026-05-13 14:07:49'),(356,'default','created','App\\Models\\Journal',813,'created','App\\Models\\User',221,'{\"attributes\": {\"id\": 813, \"date\": \"2026-05-13\", \"time\": \"21:08:35\", \"activity\": \"\", \"is_valid\": 1, \"latitude\": \"-8.2367497695986\", \"longitude\": \"114.35044022171\", \"created_at\": \"2026-05-13T14:08:35.000000Z\", \"photo_path\": null, \"updated_at\": \"2026-05-13T14:08:35.000000Z\", \"attend_status\": \"Hadir\", \"revision_note\": null, \"pkl_placement_id\": 20, \"attendance_photo_path\": \"journals/attendance/edca4551-00a6-44ef-a0ba-bbea9ca9a635.jpeg\"}}','[]','2026-05-13 14:08:35','2026-05-13 14:08:35'),(357,'default','updated','App\\Models\\SchoolProfile',1,'updated','App\\Models\\User',1,'{\"old\": {\"updated_at\": \"2026-05-11T11:55:12.000000Z\", \"is_radius_attendance_enabled\": 0}, \"attributes\": {\"updated_at\": \"2026-05-13T14:09:41.000000Z\", \"is_radius_attendance_enabled\": 1}}','[]','2026-05-13 14:09:41','2026-05-13 14:09:41'),(358,'default','deleted','App\\Models\\Journal',813,'deleted','App\\Models\\User',1,'{\"old\": {\"id\": 813, \"date\": \"2026-05-13\", \"time\": \"21:08:35\", \"activity\": \"\", \"is_valid\": 1, \"latitude\": \"-8.2367497695986\", \"longitude\": \"114.35044022171\", \"created_at\": \"2026-05-13T14:08:35.000000Z\", \"photo_path\": null, \"updated_at\": \"2026-05-13T14:08:35.000000Z\", \"attend_status\": \"Hadir\", \"revision_note\": null, \"pkl_placement_id\": 20, \"attendance_photo_path\": \"journals/attendance/edca4551-00a6-44ef-a0ba-bbea9ca9a635.jpeg\"}}','[]','2026-05-13 14:09:55','2026-05-13 14:09:55'),(359,'default','updated','App\\Models\\SchoolProfile',1,'updated','App\\Models\\User',1,'{\"old\": {\"updated_at\": \"2026-05-13T14:09:41.000000Z\", \"is_radius_attendance_enabled\": 1}, \"attributes\": {\"updated_at\": \"2026-05-13T14:10:34.000000Z\", \"is_radius_attendance_enabled\": 0}}','[]','2026-05-13 14:10:34','2026-05-13 14:10:34'),(360,'default','created','App\\Models\\Journal',814,'created','App\\Models\\User',221,'{\"attributes\": {\"id\": 814, \"date\": \"2026-05-13\", \"time\": \"21:10:58\", \"activity\": \"\", \"is_valid\": 1, \"latitude\": \"-8.2367336195223\", \"longitude\": \"114.35053705544\", \"created_at\": \"2026-05-13T14:10:58.000000Z\", \"photo_path\": null, \"updated_at\": \"2026-05-13T14:10:58.000000Z\", \"attend_status\": \"Hadir\", \"revision_note\": null, \"pkl_placement_id\": 20, \"attendance_photo_path\": \"journals/attendance/2ad539fc-290c-419b-9d03-d45a02d866a1.jpeg\"}}','[]','2026-05-13 14:10:58','2026-05-13 14:10:58'),(361,'default','created','App\\Models\\Journal',815,'created','App\\Models\\User',221,'{\"attributes\": {\"id\": 815, \"date\": \"2026-05-14\", \"time\": \"08:04:09\", \"activity\": \"\", \"is_valid\": 1, \"latitude\": \"-8.2368943229195\", \"longitude\": \"114.35054641003\", \"created_at\": \"2026-05-14T01:04:09.000000Z\", \"photo_path\": null, \"updated_at\": \"2026-05-14T01:04:09.000000Z\", \"attend_status\": \"Hadir\", \"revision_note\": null, \"pkl_placement_id\": 20, \"attendance_photo_path\": \"journals/attendance/d91e756d-78a7-4e9a-846d-816b22103146.jpeg\"}}','[]','2026-05-14 01:04:09','2026-05-14 01:04:09'),(362,'default','updated','App\\Models\\Teacher',39,'updated','App\\Models\\User',152,'{\"old\": {\"updated_at\": \"2026-05-13T14:00:55.000000Z\", \"signature_path\": \"signatures/de855b60-f06b-4f8f-85d5-ec326953334f.png\"}, \"attributes\": {\"updated_at\": \"2026-05-14T01:10:01.000000Z\", \"signature_path\": \"signatures/0b1458ce-35a7-4680-81a8-844cf08323a5.png\"}}','[]','2026-05-14 01:10:01','2026-05-14 01:10:01'),(363,'default','updated','App\\Models\\Teacher',39,'updated','App\\Models\\User',152,'{\"old\": {\"subject\": \"Produktif PH\", \"updated_at\": \"2026-05-14T01:10:01.000000Z\"}, \"attributes\": {\"subject\": \"Produktif Perhotelan\", \"updated_at\": \"2026-05-14T01:10:25.000000Z\"}}','[]','2026-05-14 01:10:25','2026-05-14 01:10:25'),(364,'default','updated','App\\Models\\Journal',815,'updated','App\\Models\\User',221,'{\"old\": {\"activity\": \"\", \"photo_path\": null, \"updated_at\": \"2026-05-14T01:04:09.000000Z\"}, \"attributes\": {\"activity\": \"Wadoh mengerikan\", \"photo_path\": \"journals/3eea8ccf-151b-4d35-8ec2-d47824e4fbce.jpeg\", \"updated_at\": \"2026-05-14T01:26:05.000000Z\"}}','[]','2026-05-14 01:26:05','2026-05-14 01:26:05'),(365,'default','deleted','App\\Models\\Journal',815,'deleted','App\\Models\\User',1,'{\"old\": {\"id\": 815, \"date\": \"2026-05-14\", \"time\": \"08:04:09\", \"activity\": \"Wadoh mengerikan\", \"is_valid\": 1, \"latitude\": \"-8.2368943229195\", \"longitude\": \"114.35054641003\", \"created_at\": \"2026-05-14T01:04:09.000000Z\", \"photo_path\": \"journals/3eea8ccf-151b-4d35-8ec2-d47824e4fbce.jpeg\", \"updated_at\": \"2026-05-14T01:26:05.000000Z\", \"attend_status\": \"Hadir\", \"revision_note\": null, \"pkl_placement_id\": 20, \"attendance_photo_path\": \"journals/attendance/d91e756d-78a7-4e9a-846d-816b22103146.jpeg\"}}','[]','2026-05-14 01:27:53','2026-05-14 01:27:53'),(366,'default','created','App\\Models\\Journal',816,'created','App\\Models\\User',221,'{\"attributes\": {\"id\": 816, \"date\": \"2026-05-14\", \"time\": \"08:28:21\", \"activity\": \"\", \"is_valid\": 1, \"latitude\": \"-8.2368942276392\", \"longitude\": \"114.35054633879\", \"created_at\": \"2026-05-14T01:28:21.000000Z\", \"photo_path\": null, \"updated_at\": \"2026-05-14T01:28:21.000000Z\", \"attend_status\": \"Hadir\", \"revision_note\": null, \"pkl_placement_id\": 20, \"attendance_photo_path\": \"journals/attendance/e46e87c9-14f1-4a7a-a33e-593d32371e88.jpeg\"}}','[]','2026-05-14 01:28:21','2026-05-14 01:28:21'),(367,'default','updated','App\\Models\\Journal',816,'updated','App\\Models\\User',221,'{\"old\": {\"activity\": \"\", \"photo_path\": null, \"updated_at\": \"2026-05-14T01:28:21.000000Z\"}, \"attributes\": {\"activity\": \"Mengerikan ini bro\", \"photo_path\": \"journals/417e6e5e-cce0-4bd4-b0d3-dc6061eec3f4.jpg\", \"updated_at\": \"2026-05-14T02:01:25.000000Z\"}}','[]','2026-05-14 02:01:25','2026-05-14 02:01:25'),(368,'default','deleted','App\\Models\\Journal',816,'deleted','App\\Models\\User',1,'{\"old\": {\"id\": 816, \"date\": \"2026-05-14\", \"time\": \"08:28:21\", \"activity\": \"Mengerikan ini bro\", \"is_valid\": 1, \"latitude\": \"-8.2368942276392\", \"longitude\": \"114.35054633879\", \"created_at\": \"2026-05-14T01:28:21.000000Z\", \"photo_path\": \"journals/417e6e5e-cce0-4bd4-b0d3-dc6061eec3f4.jpg\", \"updated_at\": \"2026-05-14T02:01:25.000000Z\", \"attend_status\": \"Hadir\", \"revision_note\": null, \"pkl_placement_id\": 20, \"attendance_photo_path\": \"journals/attendance/e46e87c9-14f1-4a7a-a33e-593d32371e88.jpeg\"}}','[]','2026-05-14 02:05:13','2026-05-14 02:05:13'),(369,'default','created','App\\Models\\Journal',817,'created','App\\Models\\User',221,'{\"attributes\": {\"id\": 817, \"date\": \"2026-05-14\", \"time\": \"09:16:10\", \"activity\": \"\", \"is_valid\": 1, \"latitude\": \"-8.2368313528746\", \"longitude\": \"114.35046380234\", \"created_at\": \"2026-05-14T02:16:10.000000Z\", \"photo_path\": null, \"updated_at\": \"2026-05-14T02:16:10.000000Z\", \"attend_status\": \"Hadir\", \"revision_note\": null, \"pkl_placement_id\": 20, \"attendance_photo_path\": \"journals/attendance/7f61147e-496a-456d-b252-96a32f7efa7a.jpeg\"}}','[]','2026-05-14 02:16:10','2026-05-14 02:16:10'),(370,'default','updated','App\\Models\\Journal',817,'updated','App\\Models\\User',221,'{\"old\": {\"activity\": \"\", \"photo_path\": null, \"updated_at\": \"2026-05-14T02:16:10.000000Z\"}, \"attributes\": {\"activity\": \"Uji coba tes\", \"photo_path\": \"journals/61e15040-4f56-423f-8993-d6e935420730.jpg\", \"updated_at\": \"2026-05-14T02:16:34.000000Z\"}}','[]','2026-05-14 02:16:34','2026-05-14 02:16:34'),(371,'default','deleted','App\\Models\\Journal',817,'deleted','App\\Models\\User',1,'{\"old\": {\"id\": 817, \"date\": \"2026-05-14\", \"time\": \"09:16:10\", \"activity\": \"Uji coba tes\", \"is_valid\": 1, \"latitude\": \"-8.2368313528746\", \"longitude\": \"114.35046380234\", \"created_at\": \"2026-05-14T02:16:10.000000Z\", \"photo_path\": \"journals/61e15040-4f56-423f-8993-d6e935420730.jpg\", \"updated_at\": \"2026-05-14T02:16:34.000000Z\", \"attend_status\": \"Hadir\", \"revision_note\": null, \"pkl_placement_id\": 20, \"attendance_photo_path\": \"journals/attendance/7f61147e-496a-456d-b252-96a32f7efa7a.jpeg\"}}','[]','2026-05-14 02:17:11','2026-05-14 02:17:11'),(372,'default','created','App\\Models\\Journal',818,'created','App\\Models\\User',221,'{\"attributes\": {\"id\": 818, \"date\": \"2026-05-14\", \"time\": \"09:22:45\", \"activity\": \"\", \"is_valid\": 1, \"latitude\": \"-8.2367356152408\", \"longitude\": \"114.35043166115\", \"created_at\": \"2026-05-14T02:22:45.000000Z\", \"photo_path\": null, \"updated_at\": \"2026-05-14T02:22:45.000000Z\", \"attend_status\": \"Hadir\", \"revision_note\": null, \"pkl_placement_id\": 20, \"attendance_photo_path\": \"journals/attendance/942867be-94c8-41db-af28-46f65c91025d.jpeg\"}}','[]','2026-05-14 02:22:45','2026-05-14 02:22:45'),(373,'default','updated','App\\Models\\Journal',818,'updated','App\\Models\\User',221,'{\"old\": {\"activity\": \"\", \"photo_path\": null, \"updated_at\": \"2026-05-14T02:22:45.000000Z\"}, \"attributes\": {\"activity\": \"Jakankhjss\", \"photo_path\": \"journals/d45953d2-f12c-4be2-afab-ad2b388773e4.jpeg\", \"updated_at\": \"2026-05-14T02:23:08.000000Z\"}}','[]','2026-05-14 02:23:08','2026-05-14 02:23:08'),(374,'default','deleted','App\\Models\\Journal',818,'deleted','App\\Models\\User',1,'{\"old\": {\"id\": 818, \"date\": \"2026-05-14\", \"time\": \"09:22:45\", \"activity\": \"Jakankhjss\", \"is_valid\": 1, \"latitude\": \"-8.2367356152408\", \"longitude\": \"114.35043166115\", \"created_at\": \"2026-05-14T02:22:45.000000Z\", \"photo_path\": \"journals/d45953d2-f12c-4be2-afab-ad2b388773e4.jpeg\", \"updated_at\": \"2026-05-14T02:23:08.000000Z\", \"attend_status\": \"Hadir\", \"revision_note\": null, \"pkl_placement_id\": 20, \"attendance_photo_path\": \"journals/attendance/942867be-94c8-41db-af28-46f65c91025d.jpeg\"}}','[]','2026-05-14 02:23:52','2026-05-14 02:23:52'),(375,'default','updated','App\\Models\\SchoolProfile',1,'updated','App\\Models\\User',1,'{\"old\": {\"updated_at\": \"2026-05-13T14:10:34.000000Z\", \"is_radius_attendance_enabled\": 0}, \"attributes\": {\"updated_at\": \"2026-05-14T02:24:31.000000Z\", \"is_radius_attendance_enabled\": 1}}','[]','2026-05-14 02:24:31','2026-05-14 02:24:31'),(376,'default','updated','App\\Models\\SchoolProfile',1,'updated','App\\Models\\User',1,'{\"old\": {\"updated_at\": \"2026-05-14T02:24:31.000000Z\", \"is_radius_attendance_enabled\": 1}, \"attributes\": {\"updated_at\": \"2026-05-14T02:26:54.000000Z\", \"is_radius_attendance_enabled\": 0}}','[]','2026-05-14 02:26:54','2026-05-14 02:26:54'),(377,'default','created','App\\Models\\Journal',819,'created','App\\Models\\User',221,'{\"attributes\": {\"id\": 819, \"date\": \"2026-05-14\", \"time\": \"09:27:13\", \"activity\": \"\", \"is_valid\": 1, \"latitude\": \"-8.236660209511\", \"longitude\": \"114.35043559225\", \"created_at\": \"2026-05-14T02:27:13.000000Z\", \"photo_path\": null, \"updated_at\": \"2026-05-14T02:27:13.000000Z\", \"attend_status\": \"Hadir\", \"revision_note\": null, \"pkl_placement_id\": 20, \"attendance_photo_path\": \"journals/attendance/1d918b04-a516-46ae-8b01-f46678dda967.jpeg\"}}','[]','2026-05-14 02:27:13','2026-05-14 02:27:13'),(378,'default','deleted','App\\Models\\Journal',819,'deleted','App\\Models\\User',1,'{\"old\": {\"id\": 819, \"date\": \"2026-05-14\", \"time\": \"09:27:13\", \"activity\": \"\", \"is_valid\": 1, \"latitude\": \"-8.236660209511\", \"longitude\": \"114.35043559225\", \"created_at\": \"2026-05-14T02:27:13.000000Z\", \"photo_path\": null, \"updated_at\": \"2026-05-14T02:27:13.000000Z\", \"attend_status\": \"Hadir\", \"revision_note\": null, \"pkl_placement_id\": 20, \"attendance_photo_path\": \"journals/attendance/1d918b04-a516-46ae-8b01-f46678dda967.jpeg\"}}','[]','2026-05-14 02:27:40','2026-05-14 02:27:40'),(379,'default','created','App\\Models\\Journal',820,'created','App\\Models\\User',221,'{\"attributes\": {\"id\": 820, \"date\": \"2026-05-14\", \"time\": \"09:28:05\", \"activity\": \"\", \"is_valid\": 1, \"latitude\": null, \"longitude\": null, \"created_at\": \"2026-05-14T02:28:05.000000Z\", \"photo_path\": null, \"updated_at\": \"2026-05-14T02:28:05.000000Z\", \"attend_status\": \"Izin\", \"revision_note\": null, \"pkl_placement_id\": 20, \"attendance_photo_path\": null}}','[]','2026-05-14 02:28:05','2026-05-14 02:28:05'),(380,'default','updated','App\\Models\\Journal',820,'updated','App\\Models\\User',221,'{\"old\": {\"activity\": \"\", \"photo_path\": null, \"updated_at\": \"2026-05-14T02:28:05.000000Z\"}, \"attributes\": {\"activity\": \"Surat dokter\", \"photo_path\": \"journals/ce75f874-564a-449a-8497-f219411ebb2c.jpeg\", \"updated_at\": \"2026-05-14T02:28:24.000000Z\"}}','[]','2026-05-14 02:28:24','2026-05-14 02:28:24'),(381,'default','deleted','App\\Models\\Journal',820,'deleted','App\\Models\\User',1,'{\"old\": {\"id\": 820, \"date\": \"2026-05-14\", \"time\": \"09:28:05\", \"activity\": \"Surat dokter\", \"is_valid\": 1, \"latitude\": null, \"longitude\": null, \"created_at\": \"2026-05-14T02:28:05.000000Z\", \"photo_path\": \"journals/ce75f874-564a-449a-8497-f219411ebb2c.jpeg\", \"updated_at\": \"2026-05-14T02:28:24.000000Z\", \"attend_status\": \"Izin\", \"revision_note\": null, \"pkl_placement_id\": 20, \"attendance_photo_path\": null}}','[]','2026-05-14 02:28:36','2026-05-14 02:28:36'),(382,'default','created','App\\Models\\Journal',821,'created','App\\Models\\User',221,'{\"attributes\": {\"id\": 821, \"date\": \"2026-05-14\", \"time\": \"09:28:51\", \"activity\": \"Libur / Tanggal Merah\", \"is_valid\": 1, \"latitude\": null, \"longitude\": null, \"created_at\": \"2026-05-14T02:28:51.000000Z\", \"photo_path\": null, \"updated_at\": \"2026-05-14T02:28:51.000000Z\", \"attend_status\": \"Libur\", \"revision_note\": null, \"pkl_placement_id\": 20, \"attendance_photo_path\": null}}','[]','2026-05-14 02:28:51','2026-05-14 02:28:51'),(383,'default','deleted','App\\Models\\Journal',821,'deleted','App\\Models\\User',1,'{\"old\": {\"id\": 821, \"date\": \"2026-05-14\", \"time\": \"09:28:51\", \"activity\": \"Libur / Tanggal Merah\", \"is_valid\": 1, \"latitude\": null, \"longitude\": null, \"created_at\": \"2026-05-14T02:28:51.000000Z\", \"photo_path\": null, \"updated_at\": \"2026-05-14T02:28:51.000000Z\", \"attend_status\": \"Libur\", \"revision_note\": null, \"pkl_placement_id\": 20, \"attendance_photo_path\": null}}','[]','2026-05-14 02:28:57','2026-05-14 02:28:57'),(384,'default','created','App\\Models\\Journal',822,'created','App\\Models\\User',221,'{\"attributes\": {\"id\": 822, \"date\": \"2026-05-14\", \"time\": \"09:29:10\", \"activity\": \"\", \"is_valid\": 1, \"latitude\": null, \"longitude\": null, \"created_at\": \"2026-05-14T02:29:10.000000Z\", \"photo_path\": null, \"updated_at\": \"2026-05-14T02:29:10.000000Z\", \"attend_status\": \"Sakit\", \"revision_note\": null, \"pkl_placement_id\": 20, \"attendance_photo_path\": null}}','[]','2026-05-14 02:29:10','2026-05-14 02:29:10'),(385,'default','updated','App\\Models\\Journal',822,'updated','App\\Models\\User',221,'{\"old\": {\"activity\": \"\", \"photo_path\": null, \"updated_at\": \"2026-05-14T02:29:10.000000Z\"}, \"attributes\": {\"activity\": \"Sjan di n sbb dinss\", \"photo_path\": \"journals/f713c4d6-01b0-4947-ac40-859f2c8e098c.jpg\", \"updated_at\": \"2026-05-14T02:29:21.000000Z\"}}','[]','2026-05-14 02:29:22','2026-05-14 02:29:22'),(386,'default','deleted','App\\Models\\Journal',822,'deleted','App\\Models\\User',1,'{\"old\": {\"id\": 822, \"date\": \"2026-05-14\", \"time\": \"09:29:10\", \"activity\": \"Sjan di n sbb dinss\", \"is_valid\": 1, \"latitude\": null, \"longitude\": null, \"created_at\": \"2026-05-14T02:29:10.000000Z\", \"photo_path\": \"journals/f713c4d6-01b0-4947-ac40-859f2c8e098c.jpg\", \"updated_at\": \"2026-05-14T02:29:21.000000Z\", \"attend_status\": \"Sakit\", \"revision_note\": null, \"pkl_placement_id\": 20, \"attendance_photo_path\": null}}','[]','2026-05-14 02:29:31','2026-05-14 02:29:31'),(387,'default','updated','App\\Models\\Student',62,'updated','App\\Models\\User',1,'{\"old\": {\"updated_at\": \"2026-05-09T17:17:11.000000Z\", \"father_name\": \"Supriyanto\"}, \"attributes\": {\"updated_at\": \"2026-05-14T02:30:36.000000Z\", \"father_name\": null}}','[]','2026-05-14 02:30:36','2026-05-14 02:30:36'),(388,'default','updated','App\\Models\\Student',62,'updated','App\\Models\\User',1,'{\"old\": {\"updated_at\": \"2026-05-14T02:30:36.000000Z\", \"father_name\": null}, \"attributes\": {\"updated_at\": \"2026-05-14T02:31:50.000000Z\", \"father_name\": \"asdfasd\"}}','[]','2026-05-14 02:31:50','2026-05-14 02:31:50'),(389,'default','updated','App\\Models\\Student',62,'updated','App\\Models\\User',1,'{\"old\": {\"updated_at\": \"2026-05-14T02:31:50.000000Z\", \"father_name\": \"asdfasd\"}, \"attributes\": {\"updated_at\": \"2026-05-14T02:32:38.000000Z\", \"father_name\": \"Supriyanto\"}}','[]','2026-05-14 02:32:38','2026-05-14 02:32:38'),(390,'default','created','App\\Models\\Journal',823,'created','App\\Models\\User',221,'{\"attributes\": {\"id\": 823, \"date\": \"2026-05-14\", \"time\": \"09:46:05\", \"activity\": \"\", \"is_valid\": 1, \"latitude\": \"-8.2367021876687\", \"longitude\": \"114.35041385539\", \"created_at\": \"2026-05-14T02:46:05.000000Z\", \"photo_path\": null, \"updated_at\": \"2026-05-14T02:46:05.000000Z\", \"attend_status\": \"Hadir\", \"revision_note\": null, \"pkl_placement_id\": 20, \"attendance_photo_path\": \"journals/attendance/41ab575f-def0-46e1-a4d5-e30b5d76f5b7.jpeg\"}}','[]','2026-05-14 02:46:05','2026-05-14 02:46:05'),(391,'default','updated','App\\Models\\Journal',823,'updated','App\\Models\\User',221,'{\"old\": {\"activity\": \"\", \"photo_path\": null, \"updated_at\": \"2026-05-14T02:46:05.000000Z\"}, \"attributes\": {\"activity\": \"Jalan jalan ini\", \"photo_path\": \"journals/ae315e8f-dfc9-4dad-8669-ebac0530d66d.jpeg\", \"updated_at\": \"2026-05-14T02:46:59.000000Z\"}}','[]','2026-05-14 02:46:59','2026-05-14 02:46:59'),(392,'default','updated','App\\Models\\Journal',823,'updated','App\\Models\\User',221,'{\"old\": {\"activity\": \"Jalan jalan ini\", \"photo_path\": \"journals/ae315e8f-dfc9-4dad-8669-ebac0530d66d.jpeg\", \"updated_at\": \"2026-05-14T02:46:59.000000Z\", \"attend_status\": \"Hadir\", \"attendance_photo_path\": \"journals/attendance/41ab575f-def0-46e1-a4d5-e30b5d76f5b7.jpeg\"}, \"attributes\": {\"activity\": \"Rasyaad nih bos\", \"photo_path\": \"journals/d26b79ae-68b4-45ce-a57f-ef78e483f07e.jpeg\", \"updated_at\": \"2026-05-14T02:58:26.000000Z\", \"attend_status\": \"Sakit\", \"attendance_photo_path\": null}}','[]','2026-05-14 02:58:26','2026-05-14 02:58:26'),(393,'default','updated','App\\Models\\Journal',823,'updated','App\\Models\\User',221,'{\"old\": {\"latitude\": \"-8.2367021876687\", \"longitude\": \"114.35041385539\", \"updated_at\": \"2026-05-14T02:58:26.000000Z\", \"attend_status\": \"Sakit\", \"attendance_photo_path\": null}, \"attributes\": {\"latitude\": \"-8.2368933967687\", \"longitude\": \"114.35050612311\", \"updated_at\": \"2026-05-14T02:58:52.000000Z\", \"attend_status\": \"Hadir\", \"attendance_photo_path\": \"journals/attendance/c4990ddd-4eda-4ba5-9491-70acfc6c5005.jpeg\"}}','[]','2026-05-14 02:58:52','2026-05-14 02:58:52'),(394,'default','updated','App\\Models\\Journal',823,'updated','App\\Models\\User',221,'{\"old\": {\"activity\": \"Rasyaad nih bos\", \"photo_path\": \"journals/d26b79ae-68b4-45ce-a57f-ef78e483f07e.jpeg\", \"updated_at\": \"2026-05-14T02:58:52.000000Z\"}, \"attributes\": {\"activity\": \"Rasyaad nih bosque\", \"photo_path\": \"journals/6acc8a42-eab7-42f8-b51e-8b34329ea57a.jpg\", \"updated_at\": \"2026-05-14T02:59:30.000000Z\"}}','[]','2026-05-14 02:59:30','2026-05-14 02:59:30'),(395,'default','updated','App\\Models\\Journal',823,'updated','App\\Models\\User',221,'{\"old\": {\"photo_path\": \"journals/6acc8a42-eab7-42f8-b51e-8b34329ea57a.jpg\", \"updated_at\": \"2026-05-14T02:59:30.000000Z\"}, \"attributes\": {\"photo_path\": \"journals/65c93b67-2497-4c89-b36f-e98f49e3e12d.jpg\", \"updated_at\": \"2026-05-14T02:59:59.000000Z\"}}','[]','2026-05-14 02:59:59','2026-05-14 02:59:59'),(396,'default','updated','App\\Models\\PklPlacement',20,'updated','App\\Models\\User',152,'{\"old\": {\"updated_at\": \"2026-05-11T12:40:06.000000Z\", \"pengesah_ks_nip\": null, \"pengesah_ks_nama\": null}, \"attributes\": {\"updated_at\": \"2026-05-14T03:00:58.000000Z\", \"pengesah_ks_nip\": \"-\", \"pengesah_ks_nama\": \"Sunarto, S.Pd., S.Kom.\"}}','[]','2026-05-14 03:00:58','2026-05-14 03:00:58'),(397,'default','updated','App\\Models\\PklPlacement',20,'updated','App\\Models\\User',152,'{\"old\": {\"updated_at\": \"2026-05-14T03:00:58.000000Z\", \"file_laporan_path\": null}, \"attributes\": {\"updated_at\": \"2026-05-14T03:01:01.000000Z\", \"file_laporan_path\": \"processing\"}}','[]','2026-05-14 03:01:02','2026-05-14 03:01:02'),(398,'default','updated','App\\Models\\PklPlacement',20,'updated',NULL,NULL,'{\"old\": {\"updated_at\": \"2026-05-14T03:01:01.000000Z\", \"file_laporan_path\": \"processing\"}, \"attributes\": {\"updated_at\": \"2026-05-14T03:01:31.000000Z\", \"file_laporan_path\": \"laporan_pkl/Laporan_m-agista-cahyani-putri_1778727669.pdf\"}}','[]','2026-05-14 03:01:31','2026-05-14 03:01:31'),(399,'default','updated','App\\Models\\PklAssessmentScore',53,'updated','App\\Models\\User',112,'{\"old\": {\"score\": 100, \"updated_at\": \"2026-05-12T14:59:57.000000Z\"}, \"attributes\": {\"score\": 85, \"updated_at\": \"2026-05-14T03:31:21.000000Z\"}}','[]','2026-05-14 03:31:21','2026-05-14 03:31:21'),(400,'default','updated','App\\Models\\PklAssessmentScore',53,'updated','App\\Models\\User',112,'{\"old\": {\"score\": 85, \"updated_at\": \"2026-05-14T03:31:21.000000Z\"}, \"attributes\": {\"score\": 100, \"updated_at\": \"2026-05-14T03:32:00.000000Z\"}}','[]','2026-05-14 03:32:00','2026-05-14 03:32:00'),(401,'default','updated','App\\Models\\PklAssessmentScore',54,'updated','App\\Models\\User',112,'{\"old\": {\"score\": 85, \"updated_at\": \"2026-05-12T14:59:32.000000Z\"}, \"attributes\": {\"score\": 100, \"updated_at\": \"2026-05-14T03:32:00.000000Z\"}}','[]','2026-05-14 03:32:00','2026-05-14 03:32:00'),(402,'default','updated','App\\Models\\Journal',823,'updated','App\\Models\\User',112,'{\"old\": {\"is_valid\": 1, \"updated_at\": \"2026-05-14T02:59:59.000000Z\", \"revision_note\": null}, \"attributes\": {\"is_valid\": 0, \"updated_at\": \"2026-05-14T03:33:44.000000Z\", \"revision_note\": \"Benahi bro\"}}','[]','2026-05-14 03:33:44','2026-05-14 03:33:44'),(403,'default','updated','App\\Models\\Journal',823,'updated','App\\Models\\User',112,'{\"old\": {\"is_valid\": 0, \"updated_at\": \"2026-05-14T03:33:44.000000Z\", \"revision_note\": \"Benahi bro\"}, \"attributes\": {\"is_valid\": 1, \"updated_at\": \"2026-05-14T03:34:25.000000Z\", \"revision_note\": null}}','[]','2026-05-14 03:34:25','2026-05-14 03:34:25'),(404,'default','updated','App\\Models\\Journal',823,'updated','App\\Models\\User',1,'{\"old\": {\"is_valid\": 1, \"updated_at\": \"2026-05-14T03:34:25.000000Z\", \"revision_note\": null}, \"attributes\": {\"is_valid\": 0, \"updated_at\": \"2026-05-14T03:37:27.000000Z\", \"revision_note\": \"woke sip bro\"}}','[]','2026-05-14 03:37:27','2026-05-14 03:37:27'),(405,'default','updated','App\\Models\\Student',80,'updated','App\\Models\\User',1,'{\"old\": {\"phone\": \"081338913871\", \"updated_at\": \"2026-05-06T14:26:46.000000Z\"}, \"attributes\": {\"phone\": null, \"updated_at\": \"2026-05-14T03:41:32.000000Z\"}}','[]','2026-05-14 03:41:32','2026-05-14 03:41:32'),(406,'default','updated','App\\Models\\Teacher',39,'updated','App\\Models\\User',1,'{\"old\": {\"subject\": \"Produktif Perhotelan\", \"updated_at\": \"2026-05-14T01:10:25.000000Z\"}, \"attributes\": {\"subject\": null, \"updated_at\": \"2026-05-14T03:42:14.000000Z\"}}','[]','2026-05-14 03:42:14','2026-05-14 03:42:14'),(407,'default','updated','App\\Models\\Teacher',39,'updated','App\\Models\\User',152,'{\"old\": {\"subject\": null, \"updated_at\": \"2026-05-14T03:42:14.000000Z\", \"signature_path\": \"signatures/0b1458ce-35a7-4680-81a8-844cf08323a5.png\"}, \"attributes\": {\"subject\": \"Uye\", \"updated_at\": \"2026-05-14T03:42:46.000000Z\", \"signature_path\": \"signatures/3adc134f-4c82-42b3-b998-6c83a2947ac7.png\"}}','[]','2026-05-14 03:42:46','2026-05-14 03:42:46'),(408,'default','updated','App\\Models\\Journal',823,'updated','App\\Models\\User',1,'{\"old\": {\"updated_at\": \"2026-05-14T03:37:27.000000Z\"}, \"attributes\": {\"updated_at\": \"2026-05-14T03:53:57.000000Z\"}}','[]','2026-05-14 03:53:57','2026-05-14 03:53:57'),(409,'default','updated','App\\Models\\MonitoringSchedule',1,'updated','App\\Models\\User',1,'{\"old\": {\"end_date\": \"2026-05-13\", \"updated_at\": \"2026-05-12T16:34:05.000000Z\"}, \"attributes\": {\"end_date\": \"2026-05-15\", \"updated_at\": \"2026-05-14T03:57:54.000000Z\"}}','[]','2026-05-14 03:57:54','2026-05-14 03:57:54'),(410,'default','deleted','App\\Models\\Monitoring',77,'deleted','App\\Models\\User',1,'{\"old\": {\"id\": 77, \"date\": \"2026-05-12\", \"time\": \"23:34:29\", \"activity\": \"Pengantaran Siswa PKL\", \"created_at\": \"2026-05-12T16:34:29.000000Z\", \"photo_path\": \"monitorings/TsCu0z6MsHDDJpReimDamxi56bsEYWNZBj9Ptq1h.png\", \"updated_at\": \"2026-05-12T16:34:29.000000Z\", \"pkl_placement_id\": 18, \"monitoring_schedule_id\": 1}}','[]','2026-05-14 03:58:13','2026-05-14 03:58:13'),(411,'default','deleted','App\\Models\\Monitoring',78,'deleted','App\\Models\\User',1,'{\"old\": {\"id\": 78, \"date\": \"2026-05-12\", \"time\": \"23:34:29\", \"activity\": \"Pengantaran Siswa PKL\", \"created_at\": \"2026-05-12T16:34:29.000000Z\", \"photo_path\": \"monitorings/TsCu0z6MsHDDJpReimDamxi56bsEYWNZBj9Ptq1h.png\", \"updated_at\": \"2026-05-12T16:34:29.000000Z\", \"pkl_placement_id\": 19, \"monitoring_schedule_id\": 1}}','[]','2026-05-14 03:58:13','2026-05-14 03:58:13'),(412,'default','deleted','App\\Models\\Monitoring',79,'deleted','App\\Models\\User',1,'{\"old\": {\"id\": 79, \"date\": \"2026-05-12\", \"time\": \"23:34:29\", \"activity\": \"Pengantaran Siswa PKL\", \"created_at\": \"2026-05-12T16:34:29.000000Z\", \"photo_path\": \"monitorings/TsCu0z6MsHDDJpReimDamxi56bsEYWNZBj9Ptq1h.png\", \"updated_at\": \"2026-05-12T16:34:29.000000Z\", \"pkl_placement_id\": 20, \"monitoring_schedule_id\": 1}}','[]','2026-05-14 03:58:13','2026-05-14 03:58:13'),(413,'default','created','App\\Models\\Monitoring',80,'created','App\\Models\\User',152,'{\"attributes\": {\"id\": 80, \"date\": \"2026-05-14\", \"time\": \"10:59:11\", \"activity\": \"Pengantaran Siswa PKL\", \"created_at\": \"2026-05-14T03:59:11.000000Z\", \"photo_path\": \"monitorings/dZMaI01OBb0o4spH43c6OeqIYk7vResce8bXH27l.jpg\", \"updated_at\": \"2026-05-14T03:59:11.000000Z\", \"pkl_placement_id\": 18, \"monitoring_schedule_id\": 1}}','[]','2026-05-14 03:59:11','2026-05-14 03:59:11'),(414,'default','created','App\\Models\\Monitoring',81,'created','App\\Models\\User',152,'{\"attributes\": {\"id\": 81, \"date\": \"2026-05-14\", \"time\": \"10:59:11\", \"activity\": \"Pengantaran Siswa PKL\", \"created_at\": \"2026-05-14T03:59:11.000000Z\", \"photo_path\": \"monitorings/dZMaI01OBb0o4spH43c6OeqIYk7vResce8bXH27l.jpg\", \"updated_at\": \"2026-05-14T03:59:11.000000Z\", \"pkl_placement_id\": 19, \"monitoring_schedule_id\": 1}}','[]','2026-05-14 03:59:11','2026-05-14 03:59:11'),(415,'default','created','App\\Models\\Monitoring',82,'created','App\\Models\\User',152,'{\"attributes\": {\"id\": 82, \"date\": \"2026-05-14\", \"time\": \"10:59:11\", \"activity\": \"Pengantaran Siswa PKL\", \"created_at\": \"2026-05-14T03:59:11.000000Z\", \"photo_path\": \"monitorings/dZMaI01OBb0o4spH43c6OeqIYk7vResce8bXH27l.jpg\", \"updated_at\": \"2026-05-14T03:59:11.000000Z\", \"pkl_placement_id\": 20, \"monitoring_schedule_id\": 1}}','[]','2026-05-14 03:59:11','2026-05-14 03:59:11'),(416,'default','deleted','App\\Models\\Monitoring',80,'deleted','App\\Models\\User',1,'{\"old\": {\"id\": 80, \"date\": \"2026-05-14\", \"time\": \"10:59:11\", \"activity\": \"Pengantaran Siswa PKL\", \"created_at\": \"2026-05-14T03:59:11.000000Z\", \"photo_path\": \"monitorings/p2o8YaMrWbvUcCkJe7U6F9AmrCOqgTJOp1glCX9T.jpg\", \"updated_at\": \"2026-05-14T04:00:46.000000Z\", \"pkl_placement_id\": 18, \"monitoring_schedule_id\": 1}}','[]','2026-05-14 04:03:28','2026-05-14 04:03:28'),(417,'default','deleted','App\\Models\\Monitoring',81,'deleted','App\\Models\\User',1,'{\"old\": {\"id\": 81, \"date\": \"2026-05-14\", \"time\": \"10:59:11\", \"activity\": \"Pengantaran Siswa PKL\", \"created_at\": \"2026-05-14T03:59:11.000000Z\", \"photo_path\": \"monitorings/p2o8YaMrWbvUcCkJe7U6F9AmrCOqgTJOp1glCX9T.jpg\", \"updated_at\": \"2026-05-14T04:00:46.000000Z\", \"pkl_placement_id\": 19, \"monitoring_schedule_id\": 1}}','[]','2026-05-14 04:03:29','2026-05-14 04:03:29'),(418,'default','deleted','App\\Models\\Monitoring',82,'deleted','App\\Models\\User',1,'{\"old\": {\"id\": 82, \"date\": \"2026-05-14\", \"time\": \"10:59:11\", \"activity\": \"Pengantaran Siswa PKL\", \"created_at\": \"2026-05-14T03:59:11.000000Z\", \"photo_path\": \"monitorings/p2o8YaMrWbvUcCkJe7U6F9AmrCOqgTJOp1glCX9T.jpg\", \"updated_at\": \"2026-05-14T04:00:46.000000Z\", \"pkl_placement_id\": 20, \"monitoring_schedule_id\": 1}}','[]','2026-05-14 04:03:29','2026-05-14 04:03:29'),(419,'default','created','App\\Models\\Monitoring',83,'created','App\\Models\\User',152,'{\"attributes\": {\"id\": 83, \"date\": \"2026-05-14\", \"time\": \"11:04:35\", \"activity\": \"Pengantaran Siswa PKL\", \"created_at\": \"2026-05-14T04:04:35.000000Z\", \"photo_path\": \"monitorings/xsjEhGnQ0XavFL64vZ0RH43hpdj9EAXEBQhgV2UQ.jpg\", \"updated_at\": \"2026-05-14T04:04:35.000000Z\", \"pkl_placement_id\": 18, \"monitoring_schedule_id\": 1}}','[]','2026-05-14 04:04:35','2026-05-14 04:04:35'),(420,'default','created','App\\Models\\Monitoring',84,'created','App\\Models\\User',152,'{\"attributes\": {\"id\": 84, \"date\": \"2026-05-14\", \"time\": \"11:04:35\", \"activity\": \"Pengantaran Siswa PKL\", \"created_at\": \"2026-05-14T04:04:35.000000Z\", \"photo_path\": \"monitorings/xsjEhGnQ0XavFL64vZ0RH43hpdj9EAXEBQhgV2UQ.jpg\", \"updated_at\": \"2026-05-14T04:04:35.000000Z\", \"pkl_placement_id\": 19, \"monitoring_schedule_id\": 1}}','[]','2026-05-14 04:04:35','2026-05-14 04:04:35'),(421,'default','created','App\\Models\\Monitoring',85,'created','App\\Models\\User',152,'{\"attributes\": {\"id\": 85, \"date\": \"2026-05-14\", \"time\": \"11:04:35\", \"activity\": \"Pengantaran Siswa PKL\", \"created_at\": \"2026-05-14T04:04:35.000000Z\", \"photo_path\": \"monitorings/xsjEhGnQ0XavFL64vZ0RH43hpdj9EAXEBQhgV2UQ.jpg\", \"updated_at\": \"2026-05-14T04:04:35.000000Z\", \"pkl_placement_id\": 20, \"monitoring_schedule_id\": 1}}','[]','2026-05-14 04:04:35','2026-05-14 04:04:35'),(422,'default','deleted','App\\Models\\Monitoring',83,'deleted','App\\Models\\User',1,'{\"old\": {\"id\": 83, \"date\": \"2026-05-14\", \"time\": \"11:04:35\", \"activity\": \"Pengantaran Siswa PKL\", \"created_at\": \"2026-05-14T04:04:35.000000Z\", \"photo_path\": \"monitorings/xsjEhGnQ0XavFL64vZ0RH43hpdj9EAXEBQhgV2UQ.jpg\", \"updated_at\": \"2026-05-14T04:04:35.000000Z\", \"pkl_placement_id\": 18, \"monitoring_schedule_id\": 1}}','[]','2026-05-14 04:05:12','2026-05-14 04:05:12'),(423,'default','deleted','App\\Models\\Monitoring',84,'deleted','App\\Models\\User',1,'{\"old\": {\"id\": 84, \"date\": \"2026-05-14\", \"time\": \"11:04:35\", \"activity\": \"Pengantaran Siswa PKL\", \"created_at\": \"2026-05-14T04:04:35.000000Z\", \"photo_path\": \"monitorings/xsjEhGnQ0XavFL64vZ0RH43hpdj9EAXEBQhgV2UQ.jpg\", \"updated_at\": \"2026-05-14T04:04:35.000000Z\", \"pkl_placement_id\": 19, \"monitoring_schedule_id\": 1}}','[]','2026-05-14 04:05:12','2026-05-14 04:05:12'),(424,'default','deleted','App\\Models\\Monitoring',85,'deleted','App\\Models\\User',1,'{\"old\": {\"id\": 85, \"date\": \"2026-05-14\", \"time\": \"11:04:35\", \"activity\": \"Pengantaran Siswa PKL\", \"created_at\": \"2026-05-14T04:04:35.000000Z\", \"photo_path\": \"monitorings/xsjEhGnQ0XavFL64vZ0RH43hpdj9EAXEBQhgV2UQ.jpg\", \"updated_at\": \"2026-05-14T04:04:35.000000Z\", \"pkl_placement_id\": 20, \"monitoring_schedule_id\": 1}}','[]','2026-05-14 04:05:12','2026-05-14 04:05:12'),(425,'default','created','App\\Models\\Monitoring',86,'created','App\\Models\\User',152,'{\"attributes\": {\"id\": 86, \"date\": \"2026-05-14\", \"time\": \"11:11:03\", \"activity\": \"Pengantaran Siswa PKL\", \"created_at\": \"2026-05-14T04:11:03.000000Z\", \"photo_path\": \"monitorings/sSOtgEHr4dy4uMapZGxkvOIiwg0qexBMs9fR3GvX.jpg\", \"updated_at\": \"2026-05-14T04:11:03.000000Z\", \"pkl_placement_id\": 18, \"monitoring_schedule_id\": 1}}','[]','2026-05-14 04:11:03','2026-05-14 04:11:03'),(426,'default','created','App\\Models\\Monitoring',87,'created','App\\Models\\User',152,'{\"attributes\": {\"id\": 87, \"date\": \"2026-05-14\", \"time\": \"11:11:03\", \"activity\": \"Pengantaran Siswa PKL\", \"created_at\": \"2026-05-14T04:11:03.000000Z\", \"photo_path\": \"monitorings/sSOtgEHr4dy4uMapZGxkvOIiwg0qexBMs9fR3GvX.jpg\", \"updated_at\": \"2026-05-14T04:11:03.000000Z\", \"pkl_placement_id\": 19, \"monitoring_schedule_id\": 1}}','[]','2026-05-14 04:11:03','2026-05-14 04:11:03'),(427,'default','created','App\\Models\\Monitoring',88,'created','App\\Models\\User',152,'{\"attributes\": {\"id\": 88, \"date\": \"2026-05-14\", \"time\": \"11:11:03\", \"activity\": \"Pengantaran Siswa PKL\", \"created_at\": \"2026-05-14T04:11:03.000000Z\", \"photo_path\": \"monitorings/sSOtgEHr4dy4uMapZGxkvOIiwg0qexBMs9fR3GvX.jpg\", \"updated_at\": \"2026-05-14T04:11:03.000000Z\", \"pkl_placement_id\": 20, \"monitoring_schedule_id\": 1}}','[]','2026-05-14 04:11:03','2026-05-14 04:11:03'),(428,'default','updated','App\\Models\\Student',62,'updated','App\\Models\\User',221,'{\"old\": {\"avatar\": \"students/avatars/yn80tASTGrNmcAPkQYeNFXYR5DAn8MWZWZmwobns.png\", \"updated_at\": \"2026-05-14T02:32:38.000000Z\"}, \"attributes\": {\"avatar\": \"students/avatars/6a054bc8473d0.jpg\", \"updated_at\": \"2026-05-14T04:12:56.000000Z\"}}','[]','2026-05-14 04:12:56','2026-05-14 04:12:56'),(429,'default','updated','App\\Models\\Student',62,'updated','App\\Models\\User',221,'{\"old\": {\"avatar\": \"students/avatars/6a054bc8473d0.jpg\", \"updated_at\": \"2026-05-14T04:12:56.000000Z\"}, \"attributes\": {\"avatar\": \"students/avatars/A4ZwEKo8CCjhL3cl57dO8tuRXaeKP2IHgPzlK7uj.jpg\", \"updated_at\": \"2026-05-14T04:13:08.000000Z\"}}','[]','2026-05-14 04:13:08','2026-05-14 04:13:08'),(430,'default','updated','App\\Models\\Student',62,'updated','App\\Models\\User',221,'{\"old\": {\"avatar\": \"students/avatars/A4ZwEKo8CCjhL3cl57dO8tuRXaeKP2IHgPzlK7uj.jpg\", \"updated_at\": \"2026-05-14T04:13:08.000000Z\"}, \"attributes\": {\"avatar\": \"students/avatars/6a054be278871.jpg\", \"updated_at\": \"2026-05-14T04:13:22.000000Z\"}}','[]','2026-05-14 04:13:22','2026-05-14 04:13:22'),(431,'default','deleted','App\\Models\\Announcement',1,'deleted','App\\Models\\User',1,'{\"old\": {\"id\": 1, \"title\": \"SEMANGAT PKL!!\", \"content\": \"<p>Semangat Siswa/i untuk selalu bekerja tanpa lelah</p>\", \"is_active\": 1, \"created_at\": \"2026-05-03T17:01:58.000000Z\", \"updated_at\": \"2026-05-09T10:12:05.000000Z\", \"target_audience\": \"Siswa\"}}','[]','2026-05-14 04:26:52','2026-05-14 04:26:52'),(432,'default','created','App\\Models\\Announcement',6,'created','App\\Models\\User',1,'{\"attributes\": {\"id\": 6, \"title\": \"SEMANGAT PKL!!\", \"content\": \"<p>Semangat Siswa/i untuk selalu bekerja tanpa lelah</p>\", \"is_active\": 1, \"created_at\": \"2026-05-14T04:27:02.000000Z\", \"updated_at\": \"2026-05-14T04:27:02.000000Z\", \"target_audience\": \"Siswa\"}}','[]','2026-05-14 04:27:02','2026-05-14 04:27:02'),(433,'default','deleted','App\\Models\\Announcement',6,'deleted','App\\Models\\User',1,'{\"old\": {\"id\": 6, \"title\": \"SEMANGAT PKL!!\", \"content\": \"<p>Semangat Siswa/i untuk selalu bekerja tanpa lelah</p>\", \"is_active\": 1, \"created_at\": \"2026-05-14T04:27:02.000000Z\", \"updated_at\": \"2026-05-14T04:27:02.000000Z\", \"target_audience\": \"Siswa\"}}','[]','2026-05-14 04:32:58','2026-05-14 04:32:58'),(434,'default','created','App\\Models\\Announcement',7,'created','App\\Models\\User',1,'{\"attributes\": {\"id\": 7, \"title\": \"SEMANGAT PKL!!\", \"content\": \"<p>Semangat Siswa/i untuk selalu bekerja tanpa lelah</p>\", \"is_active\": 1, \"created_at\": \"2026-05-14T04:33:05.000000Z\", \"updated_at\": \"2026-05-14T04:33:05.000000Z\", \"target_audience\": \"Siswa\"}}','[]','2026-05-14 04:33:05','2026-05-14 04:33:05'),(435,'default','deleted','App\\Models\\Announcement',7,'deleted','App\\Models\\User',1,'{\"old\": {\"id\": 7, \"title\": \"SEMANGAT PKL!!\", \"content\": \"<p>Semangat Siswa/i untuk selalu bekerja tanpa lelah</p>\", \"is_active\": 1, \"created_at\": \"2026-05-14T04:33:05.000000Z\", \"updated_at\": \"2026-05-14T04:33:05.000000Z\", \"target_audience\": \"Siswa\"}}','[]','2026-05-14 04:41:12','2026-05-14 04:41:12'),(436,'default','created','App\\Models\\Announcement',8,'created','App\\Models\\User',1,'{\"attributes\": {\"id\": 8, \"title\": \"SEMANGAT PKL!!\", \"content\": \"<p>Semangat Siswa/i untuk selalu bekerja tanpa lelah</p>\", \"is_active\": 1, \"created_at\": \"2026-05-14T04:41:21.000000Z\", \"updated_at\": \"2026-05-14T04:41:21.000000Z\", \"target_audience\": \"Siswa\"}}','[]','2026-05-14 04:41:21','2026-05-14 04:41:21'),(437,'default','deleted','App\\Models\\Announcement',8,'deleted','App\\Models\\User',1,'{\"old\": {\"id\": 8, \"title\": \"SEMANGAT PKL!!\", \"content\": \"<p>Semangat Siswa/i untuk selalu bekerja tanpa lelah</p>\", \"is_active\": 1, \"created_at\": \"2026-05-14T04:41:21.000000Z\", \"updated_at\": \"2026-05-14T04:41:21.000000Z\", \"target_audience\": \"Siswa\"}}','[]','2026-05-14 04:47:21','2026-05-14 04:47:21'),(438,'default','created','App\\Models\\Announcement',9,'created','App\\Models\\User',1,'{\"attributes\": {\"id\": 9, \"title\": \"SEMANGAT PKL!!\", \"content\": \"<p>Semangat Siswa/i untuk selalu bekerja tanpa lelah</p>\", \"is_active\": 1, \"created_at\": \"2026-05-14T04:47:33.000000Z\", \"updated_at\": \"2026-05-14T04:47:33.000000Z\", \"target_audience\": \"Umum\"}}','[]','2026-05-14 04:47:33','2026-05-14 04:47:33'),(439,'default','updated','App\\Models\\Announcement',9,'updated','App\\Models\\User',1,'{\"old\": {\"updated_at\": \"2026-05-14T04:47:33.000000Z\"}, \"attributes\": {\"updated_at\": \"2026-05-14T04:48:00.000000Z\"}}','[]','2026-05-14 04:48:00','2026-05-14 04:48:00'),(440,'default','deleted','App\\Models\\Announcement',9,'deleted','App\\Models\\User',1,'{\"old\": {\"id\": 9, \"title\": \"SEMANGAT PKL!!\", \"content\": \"<p>Semangat Siswa/i untuk selalu bekerja tanpa lelah</p>\", \"is_active\": 1, \"created_at\": \"2026-05-14T04:47:33.000000Z\", \"updated_at\": \"2026-05-14T04:48:00.000000Z\", \"target_audience\": \"Umum\"}}','[]','2026-05-14 04:48:18','2026-05-14 04:48:18'),(441,'default','created','App\\Models\\Announcement',10,'created','App\\Models\\User',1,'{\"attributes\": {\"id\": 10, \"title\": \"SEMANGAT PKL!!\", \"content\": \"<p>Semangat Siswa/i untuk selalu bekerja tanpa lelah</p>\", \"is_active\": 1, \"created_at\": \"2026-05-14T04:48:26.000000Z\", \"updated_at\": \"2026-05-14T04:48:26.000000Z\", \"target_audience\": \"Siswa\"}}','[]','2026-05-14 04:48:26','2026-05-14 04:48:26'),(442,'default','deleted','App\\Models\\Announcement',10,'deleted','App\\Models\\User',1,'{\"old\": {\"id\": 10, \"title\": \"SEMANGAT PKL!!\", \"content\": \"<p>Semangat Siswa/i untuk selalu bekerja tanpa lelah</p>\", \"is_active\": 1, \"created_at\": \"2026-05-14T04:48:26.000000Z\", \"updated_at\": \"2026-05-14T04:48:26.000000Z\", \"target_audience\": \"Siswa\"}}','[]','2026-05-14 04:52:44','2026-05-14 04:52:44'),(443,'default','created','App\\Models\\Announcement',11,'created','App\\Models\\User',1,'{\"attributes\": {\"id\": 11, \"title\": \"SEMANGAT PKL!!\", \"content\": \"<p>Semangat Siswa/i untuk selalu bekerja tanpa lelah</p>\", \"is_active\": 1, \"created_at\": \"2026-05-14T04:52:53.000000Z\", \"updated_at\": \"2026-05-14T04:52:53.000000Z\", \"target_audience\": \"Siswa\"}}','[]','2026-05-14 04:52:53','2026-05-14 04:52:53'),(444,'default','deleted','App\\Models\\Announcement',11,'deleted','App\\Models\\User',1,'{\"old\": {\"id\": 11, \"title\": \"SEMANGAT PKL!!\", \"content\": \"<p>Semangat Siswa/i untuk selalu bekerja tanpa lelah</p>\", \"is_active\": 1, \"created_at\": \"2026-05-14T04:52:53.000000Z\", \"updated_at\": \"2026-05-14T04:52:53.000000Z\", \"target_audience\": \"Siswa\"}}','[]','2026-05-14 04:54:34','2026-05-14 04:54:34'),(445,'default','created','App\\Models\\Announcement',12,'created','App\\Models\\User',1,'{\"attributes\": {\"id\": 12, \"title\": \"SEMANGAT PKL!!\", \"content\": \"<p>Semangat Siswa/i untuk selalu bekerja tanpa lelah</p>\", \"is_active\": 1, \"created_at\": \"2026-05-14T04:54:45.000000Z\", \"updated_at\": \"2026-05-14T04:54:45.000000Z\", \"target_audience\": \"Siswa\"}}','[]','2026-05-14 04:54:45','2026-05-14 04:54:45'),(446,'default','updated','App\\Models\\Announcement',12,'updated','App\\Models\\User',1,'{\"old\": {\"updated_at\": \"2026-05-14T04:54:45.000000Z\"}, \"attributes\": {\"updated_at\": \"2026-05-14T04:55:12.000000Z\"}}','[]','2026-05-14 04:55:12','2026-05-14 04:55:12'),(447,'default','deleted','App\\Models\\Announcement',12,'deleted','App\\Models\\User',1,'{\"old\": {\"id\": 12, \"title\": \"SEMANGAT PKL!!\", \"content\": \"<p>Semangat Siswa/i untuk selalu bekerja tanpa lelah</p>\", \"is_active\": 1, \"created_at\": \"2026-05-14T04:54:45.000000Z\", \"updated_at\": \"2026-05-14T04:55:12.000000Z\", \"target_audience\": \"Siswa\"}}','[]','2026-05-14 04:55:20','2026-05-14 04:55:20'),(448,'default','created','App\\Models\\Announcement',13,'created','App\\Models\\User',1,'{\"attributes\": {\"id\": 13, \"title\": \"SEMANGAT PKL!!\", \"content\": \"<p>Semangat Siswa/i untuk selalu bekerja tanpa lelah</p>\", \"is_active\": 1, \"created_at\": \"2026-05-14T04:55:33.000000Z\", \"updated_at\": \"2026-05-14T04:55:33.000000Z\", \"target_audience\": \"Siswa\"}}','[]','2026-05-14 04:55:34','2026-05-14 04:55:34'),(449,'default','deleted','App\\Models\\Announcement',13,'deleted','App\\Models\\User',1,'{\"old\": {\"id\": 13, \"title\": \"SEMANGAT PKL!!\", \"content\": \"<p>Semangat Siswa/i untuk selalu bekerja tanpa lelah</p>\", \"is_active\": 1, \"created_at\": \"2026-05-14T04:55:33.000000Z\", \"updated_at\": \"2026-05-14T04:55:33.000000Z\", \"target_audience\": \"Siswa\"}}','[]','2026-05-14 05:10:35','2026-05-14 05:10:35'),(450,'default','created','App\\Models\\Announcement',14,'created','App\\Models\\User',1,'{\"attributes\": {\"id\": 14, \"title\": \"SEMANGAT PKL!!\", \"content\": \"<p>Mantap Jos Semagnat yak</p>\", \"is_active\": 1, \"created_at\": \"2026-05-14T05:11:01.000000Z\", \"updated_at\": \"2026-05-14T05:11:01.000000Z\", \"target_audience\": \"Siswa\"}}','[]','2026-05-14 05:11:01','2026-05-14 05:11:01'),(451,'default','deleted','App\\Models\\Announcement',14,'deleted','App\\Models\\User',1,'{\"old\": {\"id\": 14, \"title\": \"SEMANGAT PKL!!\", \"content\": \"<p>Mantap Jos Semagnat yak</p>\", \"is_active\": 1, \"created_at\": \"2026-05-14T05:11:01.000000Z\", \"updated_at\": \"2026-05-14T05:11:01.000000Z\", \"target_audience\": \"Siswa\"}}','[]','2026-05-14 05:21:36','2026-05-14 05:21:36'),(452,'default','created','App\\Models\\Announcement',15,'created','App\\Models\\User',1,'{\"attributes\": {\"id\": 15, \"title\": \"SEMANGAT PKL!!\", \"content\": \"<p>SEMANGAT 45 YA NAK</p>\", \"is_active\": 1, \"created_at\": \"2026-05-14T05:21:51.000000Z\", \"updated_at\": \"2026-05-14T05:21:51.000000Z\", \"target_audience\": \"Siswa\"}}','[]','2026-05-14 05:21:51','2026-05-14 05:21:51'),(453,'default','deleted','App\\Models\\Announcement',15,'deleted','App\\Models\\User',1,'{\"old\": {\"id\": 15, \"title\": \"SEMANGAT PKL!!\", \"content\": \"<p>SEMANGAT 45 YA NAK</p>\", \"is_active\": 1, \"created_at\": \"2026-05-14T05:21:51.000000Z\", \"updated_at\": \"2026-05-14T05:21:51.000000Z\", \"target_audience\": \"Siswa\"}}','[]','2026-05-14 07:57:57','2026-05-14 07:57:57'),(454,'default','created','App\\Models\\Announcement',16,'created','App\\Models\\User',1,'{\"attributes\": {\"id\": 16, \"title\": \"SEMANGAT PKL!!\", \"content\": \"<p>Jos nih bro</p>\", \"is_active\": 1, \"created_at\": \"2026-05-14T07:58:11.000000Z\", \"updated_at\": \"2026-05-14T07:58:11.000000Z\", \"target_audience\": \"Siswa\"}}','[]','2026-05-14 07:58:11','2026-05-14 07:58:11'),(455,'default','deleted','App\\Models\\Announcement',16,'deleted','App\\Models\\User',1,'{\"old\": {\"id\": 16, \"title\": \"SEMANGAT PKL!!\", \"content\": \"<p>Jos nih bro</p>\", \"is_active\": 1, \"created_at\": \"2026-05-14T07:58:11.000000Z\", \"updated_at\": \"2026-05-14T07:58:11.000000Z\", \"target_audience\": \"Siswa\"}}','[]','2026-05-14 08:04:17','2026-05-14 08:04:17'),(456,'default','created','App\\Models\\Announcement',17,'created','App\\Models\\User',1,'{\"attributes\": {\"id\": 17, \"title\": \"tes coba\", \"content\": \"<p>mantap jiwa nih bos</p>\", \"is_active\": 1, \"created_at\": \"2026-05-14T08:04:37.000000Z\", \"updated_at\": \"2026-05-14T08:04:37.000000Z\", \"target_audience\": \"Siswa\"}}','[]','2026-05-14 08:04:37','2026-05-14 08:04:37'),(457,'default','created','App\\Models\\Journal',824,'created','App\\Models\\User',199,'{\"attributes\": {\"id\": 824, \"date\": \"2026-05-14\", \"time\": \"15:41:32\", \"activity\": \"\", \"is_valid\": 1, \"latitude\": \"0\", \"longitude\": \"0\", \"created_at\": \"2026-05-14T08:41:32.000000Z\", \"photo_path\": null, \"updated_at\": \"2026-05-14T08:41:32.000000Z\", \"attend_status\": \"Hadir\", \"revision_note\": null, \"pkl_placement_id\": 26, \"attendance_photo_path\": \"journals/attendance/dafada9c-7ea2-4bd7-9165-b6b8cc306575.jpeg\"}}','[]','2026-05-14 08:41:32','2026-05-14 08:41:32'),(458,'default','updated','App\\Models\\Journal',824,'updated','App\\Models\\User',199,'{\"old\": {\"activity\": \"\", \"photo_path\": null, \"updated_at\": \"2026-05-14T08:41:32.000000Z\"}, \"attributes\": {\"activity\": \"Okeoke bro\", \"photo_path\": \"journals/ba153514-2ef0-484b-bcb1-e4a0708f56e8.png\", \"updated_at\": \"2026-05-14T08:42:10.000000Z\"}}','[]','2026-05-14 08:42:11','2026-05-14 08:42:11'),(459,'default','deleted','App\\Models\\Announcement',17,'deleted','App\\Models\\User',1,'{\"old\": {\"id\": 17, \"title\": \"tes coba\", \"content\": \"<p>mantap jiwa nih bos</p>\", \"is_active\": 1, \"created_at\": \"2026-05-14T08:04:37.000000Z\", \"updated_at\": \"2026-05-14T08:04:37.000000Z\", \"target_audience\": \"Siswa\"}}','[]','2026-05-14 09:09:41','2026-05-14 09:09:41'),(460,'default','created','App\\Models\\Announcement',18,'created','App\\Models\\User',1,'{\"attributes\": {\"id\": 18, \"title\": \"Puenting bro\", \"content\": \"<p>Bunda Cantik</p>\", \"is_active\": 1, \"created_at\": \"2026-05-14T09:09:55.000000Z\", \"updated_at\": \"2026-05-14T09:09:55.000000Z\", \"target_audience\": \"Umum\"}}','[]','2026-05-14 09:09:55','2026-05-14 09:09:55');
/*!40000 ALTER TABLE `activity_log` ENABLE KEYS */;
UNLOCK TABLES;

--
-- Table structure for table `announcements`
--

DROP TABLE IF EXISTS `announcements`;
/*!40101 SET @saved_cs_client     = @@character_set_client */;
/*!50503 SET character_set_client = utf8mb4 */;
CREATE TABLE `announcements` (
  `id` bigint unsigned NOT NULL AUTO_INCREMENT,
  `title` varchar(255) CHARACTER SET utf8mb4 COLLATE utf8mb4_unicode_ci NOT NULL,
  `content` text CHARACTER SET utf8mb4 COLLATE utf8mb4_unicode_ci NOT NULL,
  `target_audience` enum('Umum','Siswa','Guru','Dudika') CHARACTER SET utf8mb4 COLLATE utf8mb4_unicode_ci NOT NULL DEFAULT 'Umum',
  `is_active` tinyint(1) NOT NULL DEFAULT '1',
  `created_at` timestamp NULL DEFAULT NULL,
  `updated_at` timestamp NULL DEFAULT NULL,
  PRIMARY KEY (`id`)
) ENGINE=InnoDB AUTO_INCREMENT=19 DEFAULT CHARSET=utf8mb4 COLLATE=utf8mb4_unicode_ci;
/*!40101 SET character_set_client = @saved_cs_client */;

--
-- Dumping data for table `announcements`
--

LOCK TABLES `announcements` WRITE;
/*!40000 ALTER TABLE `announcements` DISABLE KEYS */;
INSERT INTO `announcements` VALUES (2,'Kelengkapan Data','<p>Mohon mengisi data yg belum disesuaikan hak akses rolenya ya</p>','Umum',0,'2026-05-09 09:59:06','2026-05-12 15:10:13'),(3,'Jadwal Monitoring 1 ','<p>Jadwal Monitoring dilakukan pada tanggal 1 s.d. 20 per bulannya.</p>','Guru',1,'2026-05-10 03:05:11','2026-05-10 03:05:11'),(4,'Jadwal Monitoring 2','<p>Jadwal Monitoring 2 ada di tanggal 1 s.d. 5 saja</p>','Guru',0,'2026-05-10 13:12:58','2026-05-10 13:15:39'),(5,'Pengisian nilai','<p>mohon mengisi penilaian siswa di menu nilai ya bapak/ibu instruktur DUDIKA 🙏😊</p>','Dudika',1,'2026-05-12 15:16:46','2026-05-12 15:25:41'),(18,'Puenting bro','<p>Bunda Cantik</p>','Umum',1,'2026-05-14 09:09:55','2026-05-14 09:09:55');
/*!40000 ALTER TABLE `announcements` ENABLE KEYS */;
UNLOCK TABLES;

--
-- Table structure for table `assessment_elements`
--

DROP TABLE IF EXISTS `assessment_elements`;
/*!40101 SET @saved_cs_client     = @@character_set_client */;
/*!50503 SET character_set_client = utf8mb4 */;
CREATE TABLE `assessment_elements` (
  `id` bigint unsigned NOT NULL AUTO_INCREMENT,
  `name` varchar(255) CHARACTER SET utf8mb4 COLLATE utf8mb4_unicode_ci NOT NULL,
  `tp_name` varchar(255) CHARACTER SET utf8mb4 COLLATE utf8mb4_unicode_ci NOT NULL,
  `created_at` timestamp NULL DEFAULT NULL,
  `updated_at` timestamp NULL DEFAULT NULL,
  PRIMARY KEY (`id`)
) ENGINE=InnoDB AUTO_INCREMENT=6 DEFAULT CHARSET=utf8mb4 COLLATE=utf8mb4_unicode_ci;
/*!40101 SET character_set_client = @saved_cs_client */;

--
-- Dumping data for table `assessment_elements`
--

LOCK TABLES `assessment_elements` WRITE;
/*!40000 ALTER TABLE `assessment_elements` DISABLE KEYS */;
INSERT INTO `assessment_elements` VALUES (1,'Internalisasi dan Penerapan Soft Skills','Menerapkan Soft Skills yang Dibutuhkan dalam Dunia Kerja','2026-04-24 10:53:44','2026-04-24 10:53:44'),(2,'Penerapan Hard Skills','Menerapkan Norma, POS, dan K3LH yang ada pada Dunia Kerja','2026-04-24 11:56:42','2026-04-24 11:56:42'),(3,'Peningkatan dan Pengembangan Hard Skills','Menerapkan Kompetensi Teknis yang Sudah Dipelajari di Sekolah dan / atau Baru Belajar pada Dunia Kerja','2026-04-24 12:07:55','2026-04-24 12:07:55'),(4,'Penyiapan Kemandirian Berwirausaha','Memahami Alur Bisnis Dunia Kerja Tempat PKL dan Wawasan Wirausaha','2026-04-24 12:18:31','2026-04-24 12:18:31');
/*!40000 ALTER TABLE `assessment_elements` ENABLE KEYS */;
UNLOCK TABLES;

--
-- Table structure for table `assessment_indicators`
--

DROP TABLE IF EXISTS `assessment_indicators`;
/*!40101 SET @saved_cs_client     = @@character_set_client */;
/*!50503 SET character_set_client = utf8mb4 */;
CREATE TABLE `assessment_indicators` (
  `id` bigint unsigned NOT NULL AUTO_INCREMENT,
  `assessment_element_id` bigint unsigned NOT NULL,
  `assessment_scheme_id` bigint unsigned NOT NULL,
  `name` varchar(255) CHARACTER SET utf8mb4 COLLATE utf8mb4_unicode_ci NOT NULL,
  `is_active` tinyint(1) NOT NULL DEFAULT '1',
  `created_at` timestamp NULL DEFAULT NULL,
  `updated_at` timestamp NULL DEFAULT NULL,
  PRIMARY KEY (`id`),
  KEY `assessment_indicators_assessment_element_id_foreign` (`assessment_element_id`),
  KEY `assessment_indicators_assessment_scheme_id_foreign` (`assessment_scheme_id`),
  CONSTRAINT `assessment_indicators_assessment_element_id_foreign` FOREIGN KEY (`assessment_element_id`) REFERENCES `assessment_elements` (`id`) ON DELETE CASCADE,
  CONSTRAINT `assessment_indicators_assessment_scheme_id_foreign` FOREIGN KEY (`assessment_scheme_id`) REFERENCES `assessment_schemes` (`id`) ON DELETE CASCADE
) ENGINE=InnoDB AUTO_INCREMENT=109 DEFAULT CHARSET=utf8mb4 COLLATE=utf8mb4_unicode_ci;
/*!40101 SET character_set_client = @saved_cs_client */;

--
-- Dumping data for table `assessment_indicators`
--

LOCK TABLES `assessment_indicators` WRITE;
/*!40000 ALTER TABLE `assessment_indicators` DISABLE KEYS */;
INSERT INTO `assessment_indicators` VALUES (1,1,1,'Melaksanakan komunikasi di tempat kerja sesuai kaidah',1,'2026-04-24 10:53:44','2026-04-24 11:51:51'),(2,1,1,'Menunjukkan integritas (antara lain: jujur, disiplin, komitmen, dan tanggung jawab)',1,'2026-04-24 10:53:44','2026-04-24 11:51:51'),(3,1,1,'Memiliki etos kerja',1,'2026-04-24 10:53:44','2026-04-24 11:51:51'),(4,1,1,'Menunjukkan kemandirian',1,'2026-04-24 10:53:44','2026-04-24 11:51:51'),(5,1,1,'Menunjukkan Kerjasama',1,'2026-04-24 10:53:44','2026-04-24 11:51:51'),(6,1,1,'Menunjukkan kepedulian sosial dan lingkungan',1,'2026-04-24 10:53:44','2026-04-24 11:51:51'),(7,1,2,'Melaksanakan komunikasi di tempat kerja sesuai kaidah',1,'2026-04-24 10:53:44','2026-04-24 11:51:51'),(8,1,2,'Menunjukkan integritas (antara lain: jujur, disiplin, komitmen, dan tanggung jawab)',1,'2026-04-24 10:53:44','2026-04-24 11:51:51'),(9,1,2,'Memiliki etos kerja',1,'2026-04-24 10:53:44','2026-04-24 11:51:51'),(10,1,2,'Menunjukkan kemandirian',1,'2026-04-24 10:53:44','2026-04-24 11:51:51'),(11,1,2,'Menunjukkan Kerjasama',1,'2026-04-24 10:53:44','2026-04-24 11:51:51'),(13,1,2,'Menunjukkan kepedulian sosial dan lingkungan',1,'2026-04-24 10:54:58','2026-04-24 11:51:51'),(14,1,3,'Melaksanakan komunikasi di tempat kerja sesuai kaidah',1,'2026-04-24 11:51:51','2026-04-24 11:51:51'),(15,1,3,'Menunjukkan integritas (antara lain: jujur, disiplin, komitmen, dan tanggung jawab)',1,'2026-04-24 11:51:51','2026-04-24 11:51:51'),(16,1,3,'Memiliki etos kerja',1,'2026-04-24 11:51:51','2026-04-24 11:51:51'),(17,1,3,'Menunjukkan kemandirian',1,'2026-04-24 11:51:51','2026-04-24 11:51:51'),(18,1,3,'Menunjukkan Kerjasama',1,'2026-04-24 11:51:51','2026-04-24 11:51:51'),(19,1,3,'Menunjukkan kepedulian sosial dan lingkungan',1,'2026-04-24 11:51:51','2026-04-24 11:51:51'),(20,1,4,'Melaksanakan komunikasi di tempat kerja sesuai kaidah',1,'2026-04-24 11:51:51','2026-04-24 11:51:51'),(21,1,4,'Menunjukkan integritas (antara lain: jujur, disiplin, komitmen, dan tanggung jawab)',1,'2026-04-24 11:51:51','2026-04-24 11:51:51'),(22,1,4,'Memiliki etos kerja',1,'2026-04-24 11:51:51','2026-04-24 11:51:51'),(23,1,4,'Menunjukkan kemandirian',1,'2026-04-24 11:51:51','2026-04-24 11:51:51'),(24,1,4,'Menunjukkan Kerjasama',1,'2026-04-24 11:51:51','2026-04-24 11:51:51'),(25,1,4,'Menunjukkan kepedulian sosial dan lingkungan',1,'2026-04-24 11:51:51','2026-04-24 11:51:51'),(26,1,5,'Melaksanakan komunikasi di tempat kerja sesuai kaidah',1,'2026-04-24 11:51:51','2026-04-24 11:51:51'),(27,1,5,'Menunjukkan integritas (antara lain: jujur, disiplin, komitmen, dan tanggung jawab)',1,'2026-04-24 11:51:51','2026-04-24 11:51:51'),(28,1,5,'Memiliki etos kerja',1,'2026-04-24 11:51:51','2026-04-24 11:51:51'),(29,1,5,'Menunjukkan kemandirian',1,'2026-04-24 11:51:51','2026-04-24 11:51:51'),(30,1,5,'Menunjukkan Kerjasama',1,'2026-04-24 11:51:51','2026-04-24 11:51:51'),(31,1,5,'Menunjukkan kepedulian sosial dan lingkungan',1,'2026-04-24 11:51:51','2026-04-24 11:51:51'),(32,2,1,'Menggunakan APD dengan tertib dan benar',1,'2026-04-24 11:56:42','2026-04-24 11:56:42'),(33,2,1,'Melaksanakan pekerjaan sesuai POS',1,'2026-04-24 11:56:42','2026-04-24 11:56:42'),(34,2,2,'Menggunakan APD dengan tertib dan benar',1,'2026-04-24 11:56:42','2026-04-24 11:56:42'),(35,2,2,'Melaksanakan pekerjaan sesuai POS',1,'2026-04-24 11:56:42','2026-04-24 11:56:42'),(36,2,3,'Menggunakan APD dengan tertib dan benar',1,'2026-04-24 11:56:42','2026-04-24 11:56:42'),(37,2,3,'Melaksanakan pekerjaan sesuai POS',1,'2026-04-24 11:56:42','2026-04-24 11:56:42'),(38,2,4,'Menggunakan APD dengan tertib dan benar',1,'2026-04-24 11:56:42','2026-04-24 11:56:42'),(39,2,4,'Melaksanakan pekerjaan sesuai POS',1,'2026-04-24 11:56:42','2026-04-24 11:56:42'),(40,2,5,'Menggunakan APD dengan tertib dan benar',1,'2026-04-24 11:56:42','2026-04-24 11:56:42'),(41,2,5,'Melaksanakan pekerjaan sesuai POS',1,'2026-04-24 11:56:42','2026-04-24 11:56:42'),(42,3,1,'Menyiapkan Kabel Jaringan',1,'2026-04-24 12:07:55','2026-04-24 12:07:55'),(43,3,1,'Memasang Kabel Jaringan',1,'2026-04-24 12:07:55','2026-04-24 12:07:55'),(44,3,1,'Memasang Jaringan Nirkabel',1,'2026-04-24 12:07:55','2026-04-24 12:07:55'),(45,3,1,'Memasang Perangkat Jaringan ke dalam Sistem Jaringan',1,'2026-04-24 12:07:55','2026-04-24 12:07:55'),(46,3,1,'Mengkonfigurasi Routing pada Perangkat Jaringan',1,'2026-04-24 12:07:55','2026-04-24 12:07:55'),(47,3,1,'Memperbaiki Kerusakan Konfigurasi Jaringan',1,'2026-04-24 12:07:55','2026-04-24 12:07:55'),(48,3,1,'Mengganti Perangkat Jaringan yang Rusak',1,'2026-04-24 12:07:55','2026-04-24 12:07:55'),(49,3,1,'Mengganti Perangkat Jaringan Sesuai dengan Kebutuhan Baru',1,'2026-04-24 12:07:55','2026-04-24 12:07:55'),(50,3,2,'Memperbaiki CPU',1,'2026-04-24 12:07:55','2026-04-24 12:07:55'),(51,3,2,'Memperbaiki Monitor',1,'2026-04-24 12:07:55','2026-04-24 12:07:55'),(52,3,2,'Memperbaiki Printer',1,'2026-04-24 12:07:55','2026-04-24 12:07:55'),(53,3,2,'Melakukan Instalasi Sistem Operasi',1,'2026-04-24 12:07:55','2026-04-24 12:07:55'),(54,3,2,'Melakukan Instalasi Software Aplikasi',1,'2026-04-24 12:07:55','2026-04-24 12:07:55'),(55,3,2,'Melakukan Recovery Data',1,'2026-04-24 12:07:55','2026-04-24 12:07:55'),(56,3,3,'Membersihkan lokasi / area dan peralatan',1,'2026-04-24 12:07:55','2026-04-24 12:07:55'),(57,3,3,'Berkomunikasi secara efektif melalui telepon',1,'2026-04-24 12:07:55','2026-04-24 12:07:55'),(58,3,3,'Mengembangkan dan memperbaharui pengetahuan tentang makanan dan minuman',1,'2026-04-24 12:07:55','2026-04-24 12:07:55'),(59,3,3,'Menerapkan prosedur kesehatan, keselamatan dan keamanan kerja',1,'2026-04-24 12:07:55','2026-04-24 12:07:55'),(60,3,3,'Melakukan prosedur administrasi',1,'2026-04-24 12:07:55','2026-04-24 12:07:55'),(61,3,3,'Menangani dan menyelesaikan situasi konflik',1,'2026-04-24 12:07:55','2026-04-24 12:07:55'),(62,3,3,'Melakukan prosedur dasar pertolongan pertama',1,'2026-04-24 12:07:55','2026-04-24 12:07:55'),(63,3,3,'Membaca dan menerjemahkan instruksi dasar, arah dan atau diagram',1,'2026-04-24 12:07:55','2026-04-24 12:07:55'),(64,3,3,'Berkomunikasi secara lisan dalam bahasa Inggris pada tingkat operasional dasar',1,'2026-04-24 12:07:55','2026-04-24 12:07:55'),(65,3,3,'Bekerjasama secara efektif dengan kolega dan pelanggan',1,'2026-04-24 12:07:55','2026-04-24 12:07:55'),(66,3,3,'Menyajikan dan mendisplay makanan',1,'2026-04-24 12:07:55','2026-04-24 12:07:55'),(67,3,3,'Menyediakan penghubung antara dapur dan area pelayanan',1,'2026-04-24 12:07:55','2026-04-24 12:07:55'),(68,3,3,'Menyiapkan dan menghidangkan minuman non-alkohol',1,'2026-04-24 12:07:55','2026-04-24 12:07:55'),(69,3,3,'Menyediakan layanan makanan dan minuman',1,'2026-04-24 12:07:55','2026-04-24 12:07:55'),(70,3,3,'Menyediakan room service',1,'2026-04-24 12:07:55','2026-04-24 12:07:55'),(71,3,4,'Pembersihan lokasi/area dan peralatan',1,'2026-04-24 12:07:55','2026-04-24 12:07:55'),(72,3,4,'Penyiapan kamar untuk tamu',1,'2026-04-24 12:07:55','2026-04-24 12:07:55'),(73,3,4,'Penanganan linen dan pakaian tamu',1,'2026-04-24 12:07:55','2026-04-24 12:07:55'),(74,3,4,'Pembersihan lokasi/area dan peralatan',1,'2026-04-24 12:07:55','2026-04-24 12:07:55'),(75,3,4,'Penyiapan kamar untuk tamu',1,'2026-04-24 12:07:55','2026-04-24 12:07:55'),(76,3,4,'Penanganan linen dan pakaian tamu',1,'2026-04-24 12:07:55','2026-04-24 12:07:55'),(77,3,4,'Pembersihan lokasi/area dan peralatan',1,'2026-04-24 12:07:55','2026-04-24 12:07:55'),(78,3,4,'Penyiapan kamar untuk tamu',1,'2026-04-24 12:07:55','2026-04-24 12:07:55'),(79,3,4,'Pembersihan lokasi/area dan peralatan',1,'2026-04-24 12:07:55','2026-04-24 12:07:55'),(80,3,4,'Penyiapan kamar untuk tamu',1,'2026-04-24 12:07:55','2026-04-24 12:07:55'),(81,3,4,'Penanganan linen dan pakaian tamu',1,'2026-04-24 12:07:55','2026-04-24 12:07:55'),(82,3,4,'Pembersihan lokasi/area dan peralatan',1,'2026-04-24 12:07:55','2026-04-24 12:07:55'),(83,3,4,'Penyiapan kamar untuk tamu',1,'2026-04-24 12:07:55','2026-04-24 12:07:55'),(84,3,4,'Penanganan linen dan pakaian tamu',1,'2026-04-24 12:07:55','2026-04-24 12:07:55'),(85,3,4,'Penyiapan kamar untuk tamu',1,'2026-04-24 12:07:55','2026-04-24 12:07:55'),(86,3,4,'Penanganan linen dan pakaian tamu',1,'2026-04-24 12:07:55','2026-04-24 12:07:55'),(87,3,4,'Pembersihan lokasi/area dan peralatan',1,'2026-04-24 12:07:55','2026-04-24 12:07:55'),(88,3,4,'Penyiapan kamar untuk tamu',1,'2026-04-24 12:07:55','2026-04-24 12:07:55'),(89,3,4,'Penanganan linen dan pakaian tamu',1,'2026-04-24 12:07:55','2026-04-24 12:07:55'),(90,3,4,'Membersihkan lokasi/area dan peralatan',1,'2026-04-24 12:07:55','2026-04-24 12:07:55'),(91,3,4,'Penyiapan kamar untuk tamu',1,'2026-04-24 12:07:55','2026-04-24 12:07:55'),(92,3,4,'Penyiapan kamar untuk tamu',1,'2026-04-24 12:07:55','2026-04-24 12:07:55'),(93,3,4,'Menyiapkan kamar untuk tamu',1,'2026-04-24 12:07:55','2026-04-24 12:07:55'),(94,3,4,'Pembersihan lokasi/area dan peralatan',1,'2026-04-24 12:07:55','2026-04-24 12:07:55'),(95,3,4,'Penyiapan kamar untuk tamu',1,'2026-04-24 12:07:55','2026-04-24 12:07:55'),(96,3,4,'Penanganan linen dan pakaian tamu',1,'2026-04-24 12:07:55','2026-04-24 12:07:55'),(97,3,4,'Menangani linen dan pakaian tamu',1,'2026-04-24 12:07:55','2026-04-24 12:07:55'),(98,4,1,'Mengidentifikasi kegiatan usaha di tempat kerja',1,'2026-04-24 12:18:31','2026-04-24 12:18:31'),(99,4,1,'Menjelaskan rencana usaha yang akan dilaksanakan',1,'2026-04-24 12:18:31','2026-04-24 12:18:31'),(100,4,2,'Mengidentifikasi kegiatan usaha di tempat kerja',1,'2026-04-24 12:18:31','2026-04-24 12:18:31'),(101,4,2,'Menjelaskan rencana usaha yang akan dilaksanakan',1,'2026-04-24 12:18:31','2026-04-24 12:18:31'),(102,4,3,'Mengidentifikasi kegiatan usaha di tempat kerja',1,'2026-04-24 12:18:31','2026-04-24 12:18:31'),(103,4,3,'Menjelaskan rencana usaha yang akan dilaksanakan',1,'2026-04-24 12:18:31','2026-04-24 12:18:31'),(104,4,4,'Mengidentifikasi kegiatan usaha di tempat kerja',1,'2026-04-24 12:18:31','2026-04-24 12:18:31'),(105,4,4,'Menjelaskan rencana usaha yang akan dilaksanakan',1,'2026-04-24 12:18:31','2026-04-24 12:18:31'),(106,4,5,'Mengidentifikasi kegiatan usaha di tempat kerja',1,'2026-04-24 12:18:31','2026-04-24 12:18:31'),(107,4,5,'Menjelaskan rencana usaha yang akan dilaksanakan',1,'2026-04-24 12:18:31','2026-04-24 12:18:31');
/*!40000 ALTER TABLE `assessment_indicators` ENABLE KEYS */;
UNLOCK TABLES;

--
-- Table structure for table `assessment_schemes`
--

DROP TABLE IF EXISTS `assessment_schemes`;
/*!40101 SET @saved_cs_client     = @@character_set_client */;
/*!50503 SET character_set_client = utf8mb4 */;
CREATE TABLE `assessment_schemes` (
  `id` bigint unsigned NOT NULL AUTO_INCREMENT,
  `major_id` bigint unsigned NOT NULL,
  `name` varchar(255) CHARACTER SET utf8mb4 COLLATE utf8mb4_unicode_ci NOT NULL,
  `is_active` tinyint(1) NOT NULL DEFAULT '1',
  `created_at` timestamp NULL DEFAULT NULL,
  `updated_at` timestamp NULL DEFAULT NULL,
  PRIMARY KEY (`id`),
  KEY `assessment_schemes_major_id_foreign` (`major_id`),
  CONSTRAINT `assessment_schemes_major_id_foreign` FOREIGN KEY (`major_id`) REFERENCES `majors` (`id`) ON DELETE CASCADE
) ENGINE=InnoDB AUTO_INCREMENT=7 DEFAULT CHARSET=utf8mb4 COLLATE=utf8mb4_unicode_ci;
/*!40101 SET character_set_client = @saved_cs_client */;

--
-- Dumping data for table `assessment_schemes`
--

LOCK TABLES `assessment_schemes` WRITE;
/*!40000 ALTER TABLE `assessment_schemes` DISABLE KEYS */;
INSERT INTO `assessment_schemes` VALUES (1,1,'TKJ - ISP',1,'2026-04-23 15:07:11','2026-04-24 10:48:15'),(2,1,'TKJ - Service',1,'2026-04-23 15:07:58','2026-04-24 10:48:30'),(3,2,'PH - FBS',1,'2026-04-23 15:08:07','2026-04-24 10:48:50'),(4,2,'PH - HK',1,'2026-04-23 15:08:12','2026-04-24 10:48:57'),(5,2,'PH - FO',1,'2026-04-23 15:08:23','2026-04-24 10:49:04');
/*!40000 ALTER TABLE `assessment_schemes` ENABLE KEYS */;
UNLOCK TABLES;

--
-- Table structure for table `cache`
--

DROP TABLE IF EXISTS `cache`;
/*!40101 SET @saved_cs_client     = @@character_set_client */;
/*!50503 SET character_set_client = utf8mb4 */;
CREATE TABLE `cache` (
  `key` varchar(255) CHARACTER SET utf8mb4 COLLATE utf8mb4_unicode_ci NOT NULL,
  `value` mediumtext CHARACTER SET utf8mb4 COLLATE utf8mb4_unicode_ci NOT NULL,
  `expiration` int NOT NULL,
  PRIMARY KEY (`key`),
  KEY `cache_expiration_index` (`expiration`)
) ENGINE=InnoDB DEFAULT CHARSET=utf8mb4 COLLATE=utf8mb4_unicode_ci;
/*!40101 SET character_set_client = @saved_cs_client */;

--
-- Dumping data for table `cache`
--

LOCK TABLES `cache` WRITE;
/*!40000 ALTER TABLE `cache` DISABLE KEYS */;
INSERT INTO `cache` VALUES ('grisapkl-cache-2952aeca0fe15cf310ede96c437acb94b2b208f1','i:1;',1778748184),('grisapkl-cache-2952aeca0fe15cf310ede96c437acb94b2b208f1:timer','i:1778748184;',1778748184),('grisapkl-cache-9a70776c743352cfcf688e52512673332e5e4007','i:1;',1778732047),('grisapkl-cache-9a70776c743352cfcf688e52512673332e5e4007:timer','i:1778732047;',1778732047),('grisapkl-cache-ac2646028f5b8b9bbf7a967f4ac71b8866135211','i:1;',1778731919),('grisapkl-cache-ac2646028f5b8b9bbf7a967f4ac71b8866135211:timer','i:1778731919;',1778731919),('grisapkl-cache-fcm_sent_announcement_16','b:1;',1778745501),('grisapkl-cache-fcm_sent_announcement_17','b:1;',1778745887),('grisapkl-cache-fcm_sent_announcement_18','b:1;',1778749805),('grisapkl-cache-livewire-rate-limiter:16d36dff9abd246c67dfac3e63b993a169af77e6','i:1;',1778720773),('grisapkl-cache-livewire-rate-limiter:16d36dff9abd246c67dfac3e63b993a169af77e6:timer','i:1778720773;',1778720773),('grisapkl-cache-spatie.permission.cache','a:3:{s:5:\"alias\";a:4:{s:1:\"a\";s:2:\"id\";s:1:\"b\";s:4:\"name\";s:1:\"c\";s:10:\"guard_name\";s:1:\"r\";s:5:\"roles\";}s:11:\"permissions\";a:225:{i:0;a:4:{s:1:\"a\";i:1;s:1:\"b\";s:12:\"ViewAny:Role\";s:1:\"c\";s:3:\"web\";s:1:\"r\";a:1:{i:0;i:1;}}i:1;a:4:{s:1:\"a\";i:2;s:1:\"b\";s:9:\"View:Role\";s:1:\"c\";s:3:\"web\";s:1:\"r\";a:1:{i:0;i:1;}}i:2;a:4:{s:1:\"a\";i:3;s:1:\"b\";s:11:\"Create:Role\";s:1:\"c\";s:3:\"web\";s:1:\"r\";a:1:{i:0;i:1;}}i:3;a:4:{s:1:\"a\";i:4;s:1:\"b\";s:11:\"Update:Role\";s:1:\"c\";s:3:\"web\";s:1:\"r\";a:1:{i:0;i:1;}}i:4;a:4:{s:1:\"a\";i:5;s:1:\"b\";s:11:\"Delete:Role\";s:1:\"c\";s:3:\"web\";s:1:\"r\";a:1:{i:0;i:1;}}i:5;a:4:{s:1:\"a\";i:6;s:1:\"b\";s:14:\"DeleteAny:Role\";s:1:\"c\";s:3:\"web\";s:1:\"r\";a:1:{i:0;i:1;}}i:6;a:4:{s:1:\"a\";i:7;s:1:\"b\";s:12:\"Restore:Role\";s:1:\"c\";s:3:\"web\";s:1:\"r\";a:1:{i:0;i:1;}}i:7;a:4:{s:1:\"a\";i:8;s:1:\"b\";s:16:\"ForceDelete:Role\";s:1:\"c\";s:3:\"web\";s:1:\"r\";a:1:{i:0;i:1;}}i:8;a:4:{s:1:\"a\";i:9;s:1:\"b\";s:19:\"ForceDeleteAny:Role\";s:1:\"c\";s:3:\"web\";s:1:\"r\";a:1:{i:0;i:1;}}i:9;a:4:{s:1:\"a\";i:10;s:1:\"b\";s:15:\"RestoreAny:Role\";s:1:\"c\";s:3:\"web\";s:1:\"r\";a:1:{i:0;i:1;}}i:10;a:4:{s:1:\"a\";i:11;s:1:\"b\";s:14:\"Replicate:Role\";s:1:\"c\";s:3:\"web\";s:1:\"r\";a:1:{i:0;i:1;}}i:11;a:4:{s:1:\"a\";i:12;s:1:\"b\";s:12:\"Reorder:Role\";s:1:\"c\";s:3:\"web\";s:1:\"r\";a:1:{i:0;i:1;}}i:12;a:4:{s:1:\"a\";i:13;s:1:\"b\";s:20:\"ViewAny:AcademicYear\";s:1:\"c\";s:3:\"web\";s:1:\"r\";a:2:{i:0;i:1;i:1;i:5;}}i:13;a:4:{s:1:\"a\";i:14;s:1:\"b\";s:17:\"View:AcademicYear\";s:1:\"c\";s:3:\"web\";s:1:\"r\";a:2:{i:0;i:1;i:1;i:5;}}i:14;a:4:{s:1:\"a\";i:15;s:1:\"b\";s:19:\"Create:AcademicYear\";s:1:\"c\";s:3:\"web\";s:1:\"r\";a:2:{i:0;i:1;i:1;i:5;}}i:15;a:4:{s:1:\"a\";i:16;s:1:\"b\";s:19:\"Update:AcademicYear\";s:1:\"c\";s:3:\"web\";s:1:\"r\";a:2:{i:0;i:1;i:1;i:5;}}i:16;a:4:{s:1:\"a\";i:17;s:1:\"b\";s:19:\"Delete:AcademicYear\";s:1:\"c\";s:3:\"web\";s:1:\"r\";a:2:{i:0;i:1;i:1;i:5;}}i:17;a:4:{s:1:\"a\";i:18;s:1:\"b\";s:22:\"DeleteAny:AcademicYear\";s:1:\"c\";s:3:\"web\";s:1:\"r\";a:2:{i:0;i:1;i:1;i:5;}}i:18;a:4:{s:1:\"a\";i:19;s:1:\"b\";s:20:\"Restore:AcademicYear\";s:1:\"c\";s:3:\"web\";s:1:\"r\";a:2:{i:0;i:1;i:1;i:5;}}i:19;a:4:{s:1:\"a\";i:20;s:1:\"b\";s:24:\"ForceDelete:AcademicYear\";s:1:\"c\";s:3:\"web\";s:1:\"r\";a:2:{i:0;i:1;i:1;i:5;}}i:20;a:4:{s:1:\"a\";i:21;s:1:\"b\";s:27:\"ForceDeleteAny:AcademicYear\";s:1:\"c\";s:3:\"web\";s:1:\"r\";a:2:{i:0;i:1;i:1;i:5;}}i:21;a:4:{s:1:\"a\";i:22;s:1:\"b\";s:23:\"RestoreAny:AcademicYear\";s:1:\"c\";s:3:\"web\";s:1:\"r\";a:2:{i:0;i:1;i:1;i:5;}}i:22;a:4:{s:1:\"a\";i:23;s:1:\"b\";s:22:\"Replicate:AcademicYear\";s:1:\"c\";s:3:\"web\";s:1:\"r\";a:2:{i:0;i:1;i:1;i:5;}}i:23;a:4:{s:1:\"a\";i:24;s:1:\"b\";s:20:\"Reorder:AcademicYear\";s:1:\"c\";s:3:\"web\";s:1:\"r\";a:2:{i:0;i:1;i:1;i:5;}}i:24;a:4:{s:1:\"a\";i:25;s:1:\"b\";s:14:\"ViewAny:Dudika\";s:1:\"c\";s:3:\"web\";s:1:\"r\";a:2:{i:0;i:1;i:1;i:5;}}i:25;a:4:{s:1:\"a\";i:26;s:1:\"b\";s:11:\"View:Dudika\";s:1:\"c\";s:3:\"web\";s:1:\"r\";a:2:{i:0;i:1;i:1;i:5;}}i:26;a:4:{s:1:\"a\";i:27;s:1:\"b\";s:13:\"Create:Dudika\";s:1:\"c\";s:3:\"web\";s:1:\"r\";a:2:{i:0;i:1;i:1;i:5;}}i:27;a:4:{s:1:\"a\";i:28;s:1:\"b\";s:13:\"Update:Dudika\";s:1:\"c\";s:3:\"web\";s:1:\"r\";a:2:{i:0;i:1;i:1;i:5;}}i:28;a:4:{s:1:\"a\";i:29;s:1:\"b\";s:13:\"Delete:Dudika\";s:1:\"c\";s:3:\"web\";s:1:\"r\";a:2:{i:0;i:1;i:1;i:5;}}i:29;a:4:{s:1:\"a\";i:30;s:1:\"b\";s:16:\"DeleteAny:Dudika\";s:1:\"c\";s:3:\"web\";s:1:\"r\";a:2:{i:0;i:1;i:1;i:5;}}i:30;a:4:{s:1:\"a\";i:31;s:1:\"b\";s:14:\"Restore:Dudika\";s:1:\"c\";s:3:\"web\";s:1:\"r\";a:2:{i:0;i:1;i:1;i:5;}}i:31;a:4:{s:1:\"a\";i:32;s:1:\"b\";s:18:\"ForceDelete:Dudika\";s:1:\"c\";s:3:\"web\";s:1:\"r\";a:2:{i:0;i:1;i:1;i:5;}}i:32;a:4:{s:1:\"a\";i:33;s:1:\"b\";s:21:\"ForceDeleteAny:Dudika\";s:1:\"c\";s:3:\"web\";s:1:\"r\";a:2:{i:0;i:1;i:1;i:5;}}i:33;a:4:{s:1:\"a\";i:34;s:1:\"b\";s:17:\"RestoreAny:Dudika\";s:1:\"c\";s:3:\"web\";s:1:\"r\";a:2:{i:0;i:1;i:1;i:5;}}i:34;a:4:{s:1:\"a\";i:35;s:1:\"b\";s:16:\"Replicate:Dudika\";s:1:\"c\";s:3:\"web\";s:1:\"r\";a:2:{i:0;i:1;i:1;i:5;}}i:35;a:4:{s:1:\"a\";i:36;s:1:\"b\";s:14:\"Reorder:Dudika\";s:1:\"c\";s:3:\"web\";s:1:\"r\";a:2:{i:0;i:1;i:1;i:5;}}i:36;a:4:{s:1:\"a\";i:37;s:1:\"b\";s:15:\"ViewAny:Journal\";s:1:\"c\";s:3:\"web\";s:1:\"r\";a:2:{i:0;i:1;i:1;i:5;}}i:37;a:4:{s:1:\"a\";i:38;s:1:\"b\";s:12:\"View:Journal\";s:1:\"c\";s:3:\"web\";s:1:\"r\";a:2:{i:0;i:1;i:1;i:5;}}i:38;a:4:{s:1:\"a\";i:39;s:1:\"b\";s:14:\"Create:Journal\";s:1:\"c\";s:3:\"web\";s:1:\"r\";a:2:{i:0;i:1;i:1;i:5;}}i:39;a:4:{s:1:\"a\";i:40;s:1:\"b\";s:14:\"Update:Journal\";s:1:\"c\";s:3:\"web\";s:1:\"r\";a:2:{i:0;i:1;i:1;i:5;}}i:40;a:4:{s:1:\"a\";i:41;s:1:\"b\";s:14:\"Delete:Journal\";s:1:\"c\";s:3:\"web\";s:1:\"r\";a:2:{i:0;i:1;i:1;i:5;}}i:41;a:4:{s:1:\"a\";i:42;s:1:\"b\";s:17:\"DeleteAny:Journal\";s:1:\"c\";s:3:\"web\";s:1:\"r\";a:2:{i:0;i:1;i:1;i:5;}}i:42;a:4:{s:1:\"a\";i:43;s:1:\"b\";s:15:\"Restore:Journal\";s:1:\"c\";s:3:\"web\";s:1:\"r\";a:2:{i:0;i:1;i:1;i:5;}}i:43;a:4:{s:1:\"a\";i:44;s:1:\"b\";s:19:\"ForceDelete:Journal\";s:1:\"c\";s:3:\"web\";s:1:\"r\";a:2:{i:0;i:1;i:1;i:5;}}i:44;a:4:{s:1:\"a\";i:45;s:1:\"b\";s:22:\"ForceDeleteAny:Journal\";s:1:\"c\";s:3:\"web\";s:1:\"r\";a:2:{i:0;i:1;i:1;i:5;}}i:45;a:4:{s:1:\"a\";i:46;s:1:\"b\";s:18:\"RestoreAny:Journal\";s:1:\"c\";s:3:\"web\";s:1:\"r\";a:2:{i:0;i:1;i:1;i:5;}}i:46;a:4:{s:1:\"a\";i:47;s:1:\"b\";s:17:\"Replicate:Journal\";s:1:\"c\";s:3:\"web\";s:1:\"r\";a:2:{i:0;i:1;i:1;i:5;}}i:47;a:4:{s:1:\"a\";i:48;s:1:\"b\";s:15:\"Reorder:Journal\";s:1:\"c\";s:3:\"web\";s:1:\"r\";a:2:{i:0;i:1;i:1;i:5;}}i:48;a:4:{s:1:\"a\";i:49;s:1:\"b\";s:13:\"ViewAny:Major\";s:1:\"c\";s:3:\"web\";s:1:\"r\";a:2:{i:0;i:1;i:1;i:5;}}i:49;a:4:{s:1:\"a\";i:50;s:1:\"b\";s:10:\"View:Major\";s:1:\"c\";s:3:\"web\";s:1:\"r\";a:2:{i:0;i:1;i:1;i:5;}}i:50;a:4:{s:1:\"a\";i:51;s:1:\"b\";s:12:\"Create:Major\";s:1:\"c\";s:3:\"web\";s:1:\"r\";a:2:{i:0;i:1;i:1;i:5;}}i:51;a:4:{s:1:\"a\";i:52;s:1:\"b\";s:12:\"Update:Major\";s:1:\"c\";s:3:\"web\";s:1:\"r\";a:2:{i:0;i:1;i:1;i:5;}}i:52;a:4:{s:1:\"a\";i:53;s:1:\"b\";s:12:\"Delete:Major\";s:1:\"c\";s:3:\"web\";s:1:\"r\";a:2:{i:0;i:1;i:1;i:5;}}i:53;a:4:{s:1:\"a\";i:54;s:1:\"b\";s:15:\"DeleteAny:Major\";s:1:\"c\";s:3:\"web\";s:1:\"r\";a:2:{i:0;i:1;i:1;i:5;}}i:54;a:4:{s:1:\"a\";i:55;s:1:\"b\";s:13:\"Restore:Major\";s:1:\"c\";s:3:\"web\";s:1:\"r\";a:2:{i:0;i:1;i:1;i:5;}}i:55;a:4:{s:1:\"a\";i:56;s:1:\"b\";s:17:\"ForceDelete:Major\";s:1:\"c\";s:3:\"web\";s:1:\"r\";a:2:{i:0;i:1;i:1;i:5;}}i:56;a:4:{s:1:\"a\";i:57;s:1:\"b\";s:20:\"ForceDeleteAny:Major\";s:1:\"c\";s:3:\"web\";s:1:\"r\";a:2:{i:0;i:1;i:1;i:5;}}i:57;a:4:{s:1:\"a\";i:58;s:1:\"b\";s:16:\"RestoreAny:Major\";s:1:\"c\";s:3:\"web\";s:1:\"r\";a:2:{i:0;i:1;i:1;i:5;}}i:58;a:4:{s:1:\"a\";i:59;s:1:\"b\";s:15:\"Replicate:Major\";s:1:\"c\";s:3:\"web\";s:1:\"r\";a:2:{i:0;i:1;i:1;i:5;}}i:59;a:4:{s:1:\"a\";i:60;s:1:\"b\";s:13:\"Reorder:Major\";s:1:\"c\";s:3:\"web\";s:1:\"r\";a:2:{i:0;i:1;i:1;i:5;}}i:60;a:4:{s:1:\"a\";i:61;s:1:\"b\";s:18:\"ViewAny:Monitoring\";s:1:\"c\";s:3:\"web\";s:1:\"r\";a:2:{i:0;i:1;i:1;i:5;}}i:61;a:4:{s:1:\"a\";i:62;s:1:\"b\";s:15:\"View:Monitoring\";s:1:\"c\";s:3:\"web\";s:1:\"r\";a:2:{i:0;i:1;i:1;i:5;}}i:62;a:4:{s:1:\"a\";i:63;s:1:\"b\";s:17:\"Create:Monitoring\";s:1:\"c\";s:3:\"web\";s:1:\"r\";a:2:{i:0;i:1;i:1;i:5;}}i:63;a:4:{s:1:\"a\";i:64;s:1:\"b\";s:17:\"Update:Monitoring\";s:1:\"c\";s:3:\"web\";s:1:\"r\";a:2:{i:0;i:1;i:1;i:5;}}i:64;a:4:{s:1:\"a\";i:65;s:1:\"b\";s:17:\"Delete:Monitoring\";s:1:\"c\";s:3:\"web\";s:1:\"r\";a:2:{i:0;i:1;i:1;i:5;}}i:65;a:4:{s:1:\"a\";i:66;s:1:\"b\";s:20:\"DeleteAny:Monitoring\";s:1:\"c\";s:3:\"web\";s:1:\"r\";a:2:{i:0;i:1;i:1;i:5;}}i:66;a:4:{s:1:\"a\";i:67;s:1:\"b\";s:18:\"Restore:Monitoring\";s:1:\"c\";s:3:\"web\";s:1:\"r\";a:2:{i:0;i:1;i:1;i:5;}}i:67;a:4:{s:1:\"a\";i:68;s:1:\"b\";s:22:\"ForceDelete:Monitoring\";s:1:\"c\";s:3:\"web\";s:1:\"r\";a:2:{i:0;i:1;i:1;i:5;}}i:68;a:4:{s:1:\"a\";i:69;s:1:\"b\";s:25:\"ForceDeleteAny:Monitoring\";s:1:\"c\";s:3:\"web\";s:1:\"r\";a:2:{i:0;i:1;i:1;i:5;}}i:69;a:4:{s:1:\"a\";i:70;s:1:\"b\";s:21:\"RestoreAny:Monitoring\";s:1:\"c\";s:3:\"web\";s:1:\"r\";a:2:{i:0;i:1;i:1;i:5;}}i:70;a:4:{s:1:\"a\";i:71;s:1:\"b\";s:20:\"Replicate:Monitoring\";s:1:\"c\";s:3:\"web\";s:1:\"r\";a:2:{i:0;i:1;i:1;i:5;}}i:71;a:4:{s:1:\"a\";i:72;s:1:\"b\";s:18:\"Reorder:Monitoring\";s:1:\"c\";s:3:\"web\";s:1:\"r\";a:2:{i:0;i:1;i:1;i:5;}}i:72;a:4:{s:1:\"a\";i:73;s:1:\"b\";s:20:\"ViewAny:PklPlacement\";s:1:\"c\";s:3:\"web\";s:1:\"r\";a:2:{i:0;i:1;i:1;i:5;}}i:73;a:4:{s:1:\"a\";i:74;s:1:\"b\";s:17:\"View:PklPlacement\";s:1:\"c\";s:3:\"web\";s:1:\"r\";a:2:{i:0;i:1;i:1;i:5;}}i:74;a:4:{s:1:\"a\";i:75;s:1:\"b\";s:19:\"Create:PklPlacement\";s:1:\"c\";s:3:\"web\";s:1:\"r\";a:2:{i:0;i:1;i:1;i:5;}}i:75;a:4:{s:1:\"a\";i:76;s:1:\"b\";s:19:\"Update:PklPlacement\";s:1:\"c\";s:3:\"web\";s:1:\"r\";a:2:{i:0;i:1;i:1;i:5;}}i:76;a:4:{s:1:\"a\";i:77;s:1:\"b\";s:19:\"Delete:PklPlacement\";s:1:\"c\";s:3:\"web\";s:1:\"r\";a:2:{i:0;i:1;i:1;i:5;}}i:77;a:4:{s:1:\"a\";i:78;s:1:\"b\";s:22:\"DeleteAny:PklPlacement\";s:1:\"c\";s:3:\"web\";s:1:\"r\";a:2:{i:0;i:1;i:1;i:5;}}i:78;a:4:{s:1:\"a\";i:79;s:1:\"b\";s:20:\"Restore:PklPlacement\";s:1:\"c\";s:3:\"web\";s:1:\"r\";a:2:{i:0;i:1;i:1;i:5;}}i:79;a:4:{s:1:\"a\";i:80;s:1:\"b\";s:24:\"ForceDelete:PklPlacement\";s:1:\"c\";s:3:\"web\";s:1:\"r\";a:2:{i:0;i:1;i:1;i:5;}}i:80;a:4:{s:1:\"a\";i:81;s:1:\"b\";s:27:\"ForceDeleteAny:PklPlacement\";s:1:\"c\";s:3:\"web\";s:1:\"r\";a:2:{i:0;i:1;i:1;i:5;}}i:81;a:4:{s:1:\"a\";i:82;s:1:\"b\";s:23:\"RestoreAny:PklPlacement\";s:1:\"c\";s:3:\"web\";s:1:\"r\";a:2:{i:0;i:1;i:1;i:5;}}i:82;a:4:{s:1:\"a\";i:83;s:1:\"b\";s:22:\"Replicate:PklPlacement\";s:1:\"c\";s:3:\"web\";s:1:\"r\";a:2:{i:0;i:1;i:1;i:5;}}i:83;a:4:{s:1:\"a\";i:84;s:1:\"b\";s:20:\"Reorder:PklPlacement\";s:1:\"c\";s:3:\"web\";s:1:\"r\";a:2:{i:0;i:1;i:1;i:5;}}i:84;a:4:{s:1:\"a\";i:85;s:1:\"b\";s:20:\"ViewAny:StudentClass\";s:1:\"c\";s:3:\"web\";s:1:\"r\";a:2:{i:0;i:1;i:1;i:5;}}i:85;a:4:{s:1:\"a\";i:86;s:1:\"b\";s:17:\"View:StudentClass\";s:1:\"c\";s:3:\"web\";s:1:\"r\";a:2:{i:0;i:1;i:1;i:5;}}i:86;a:4:{s:1:\"a\";i:87;s:1:\"b\";s:19:\"Create:StudentClass\";s:1:\"c\";s:3:\"web\";s:1:\"r\";a:2:{i:0;i:1;i:1;i:5;}}i:87;a:4:{s:1:\"a\";i:88;s:1:\"b\";s:19:\"Update:StudentClass\";s:1:\"c\";s:3:\"web\";s:1:\"r\";a:2:{i:0;i:1;i:1;i:5;}}i:88;a:4:{s:1:\"a\";i:89;s:1:\"b\";s:19:\"Delete:StudentClass\";s:1:\"c\";s:3:\"web\";s:1:\"r\";a:2:{i:0;i:1;i:1;i:5;}}i:89;a:4:{s:1:\"a\";i:90;s:1:\"b\";s:22:\"DeleteAny:StudentClass\";s:1:\"c\";s:3:\"web\";s:1:\"r\";a:2:{i:0;i:1;i:1;i:5;}}i:90;a:4:{s:1:\"a\";i:91;s:1:\"b\";s:20:\"Restore:StudentClass\";s:1:\"c\";s:3:\"web\";s:1:\"r\";a:2:{i:0;i:1;i:1;i:5;}}i:91;a:4:{s:1:\"a\";i:92;s:1:\"b\";s:24:\"ForceDelete:StudentClass\";s:1:\"c\";s:3:\"web\";s:1:\"r\";a:2:{i:0;i:1;i:1;i:5;}}i:92;a:4:{s:1:\"a\";i:93;s:1:\"b\";s:27:\"ForceDeleteAny:StudentClass\";s:1:\"c\";s:3:\"web\";s:1:\"r\";a:2:{i:0;i:1;i:1;i:5;}}i:93;a:4:{s:1:\"a\";i:94;s:1:\"b\";s:23:\"RestoreAny:StudentClass\";s:1:\"c\";s:3:\"web\";s:1:\"r\";a:2:{i:0;i:1;i:1;i:5;}}i:94;a:4:{s:1:\"a\";i:95;s:1:\"b\";s:22:\"Replicate:StudentClass\";s:1:\"c\";s:3:\"web\";s:1:\"r\";a:2:{i:0;i:1;i:1;i:5;}}i:95;a:4:{s:1:\"a\";i:96;s:1:\"b\";s:20:\"Reorder:StudentClass\";s:1:\"c\";s:3:\"web\";s:1:\"r\";a:2:{i:0;i:1;i:1;i:5;}}i:96;a:4:{s:1:\"a\";i:97;s:1:\"b\";s:15:\"ViewAny:Student\";s:1:\"c\";s:3:\"web\";s:1:\"r\";a:2:{i:0;i:1;i:1;i:5;}}i:97;a:4:{s:1:\"a\";i:98;s:1:\"b\";s:12:\"View:Student\";s:1:\"c\";s:3:\"web\";s:1:\"r\";a:2:{i:0;i:1;i:1;i:5;}}i:98;a:4:{s:1:\"a\";i:99;s:1:\"b\";s:14:\"Create:Student\";s:1:\"c\";s:3:\"web\";s:1:\"r\";a:2:{i:0;i:1;i:1;i:5;}}i:99;a:4:{s:1:\"a\";i:100;s:1:\"b\";s:14:\"Update:Student\";s:1:\"c\";s:3:\"web\";s:1:\"r\";a:2:{i:0;i:1;i:1;i:5;}}i:100;a:4:{s:1:\"a\";i:101;s:1:\"b\";s:14:\"Delete:Student\";s:1:\"c\";s:3:\"web\";s:1:\"r\";a:2:{i:0;i:1;i:1;i:5;}}i:101;a:4:{s:1:\"a\";i:102;s:1:\"b\";s:17:\"DeleteAny:Student\";s:1:\"c\";s:3:\"web\";s:1:\"r\";a:2:{i:0;i:1;i:1;i:5;}}i:102;a:4:{s:1:\"a\";i:103;s:1:\"b\";s:15:\"Restore:Student\";s:1:\"c\";s:3:\"web\";s:1:\"r\";a:2:{i:0;i:1;i:1;i:5;}}i:103;a:4:{s:1:\"a\";i:104;s:1:\"b\";s:19:\"ForceDelete:Student\";s:1:\"c\";s:3:\"web\";s:1:\"r\";a:2:{i:0;i:1;i:1;i:5;}}i:104;a:4:{s:1:\"a\";i:105;s:1:\"b\";s:22:\"ForceDeleteAny:Student\";s:1:\"c\";s:3:\"web\";s:1:\"r\";a:2:{i:0;i:1;i:1;i:5;}}i:105;a:4:{s:1:\"a\";i:106;s:1:\"b\";s:18:\"RestoreAny:Student\";s:1:\"c\";s:3:\"web\";s:1:\"r\";a:2:{i:0;i:1;i:1;i:5;}}i:106;a:4:{s:1:\"a\";i:107;s:1:\"b\";s:17:\"Replicate:Student\";s:1:\"c\";s:3:\"web\";s:1:\"r\";a:2:{i:0;i:1;i:1;i:5;}}i:107;a:4:{s:1:\"a\";i:108;s:1:\"b\";s:15:\"Reorder:Student\";s:1:\"c\";s:3:\"web\";s:1:\"r\";a:2:{i:0;i:1;i:1;i:5;}}i:108;a:4:{s:1:\"a\";i:109;s:1:\"b\";s:15:\"ViewAny:Teacher\";s:1:\"c\";s:3:\"web\";s:1:\"r\";a:2:{i:0;i:1;i:1;i:5;}}i:109;a:4:{s:1:\"a\";i:110;s:1:\"b\";s:12:\"View:Teacher\";s:1:\"c\";s:3:\"web\";s:1:\"r\";a:2:{i:0;i:1;i:1;i:5;}}i:110;a:4:{s:1:\"a\";i:111;s:1:\"b\";s:14:\"Create:Teacher\";s:1:\"c\";s:3:\"web\";s:1:\"r\";a:2:{i:0;i:1;i:1;i:5;}}i:111;a:4:{s:1:\"a\";i:112;s:1:\"b\";s:14:\"Update:Teacher\";s:1:\"c\";s:3:\"web\";s:1:\"r\";a:2:{i:0;i:1;i:1;i:5;}}i:112;a:4:{s:1:\"a\";i:113;s:1:\"b\";s:14:\"Delete:Teacher\";s:1:\"c\";s:3:\"web\";s:1:\"r\";a:2:{i:0;i:1;i:1;i:5;}}i:113;a:4:{s:1:\"a\";i:114;s:1:\"b\";s:17:\"DeleteAny:Teacher\";s:1:\"c\";s:3:\"web\";s:1:\"r\";a:2:{i:0;i:1;i:1;i:5;}}i:114;a:4:{s:1:\"a\";i:115;s:1:\"b\";s:15:\"Restore:Teacher\";s:1:\"c\";s:3:\"web\";s:1:\"r\";a:2:{i:0;i:1;i:1;i:5;}}i:115;a:4:{s:1:\"a\";i:116;s:1:\"b\";s:19:\"ForceDelete:Teacher\";s:1:\"c\";s:3:\"web\";s:1:\"r\";a:2:{i:0;i:1;i:1;i:5;}}i:116;a:4:{s:1:\"a\";i:117;s:1:\"b\";s:22:\"ForceDeleteAny:Teacher\";s:1:\"c\";s:3:\"web\";s:1:\"r\";a:2:{i:0;i:1;i:1;i:5;}}i:117;a:4:{s:1:\"a\";i:118;s:1:\"b\";s:18:\"RestoreAny:Teacher\";s:1:\"c\";s:3:\"web\";s:1:\"r\";a:2:{i:0;i:1;i:1;i:5;}}i:118;a:4:{s:1:\"a\";i:119;s:1:\"b\";s:17:\"Replicate:Teacher\";s:1:\"c\";s:3:\"web\";s:1:\"r\";a:2:{i:0;i:1;i:1;i:5;}}i:119;a:4:{s:1:\"a\";i:120;s:1:\"b\";s:15:\"Reorder:Teacher\";s:1:\"c\";s:3:\"web\";s:1:\"r\";a:2:{i:0;i:1;i:1;i:5;}}i:120;a:4:{s:1:\"a\";i:121;s:1:\"b\";s:25:\"ViewAny:AssessmentElement\";s:1:\"c\";s:3:\"web\";s:1:\"r\";a:2:{i:0;i:1;i:1;i:5;}}i:121;a:4:{s:1:\"a\";i:122;s:1:\"b\";s:22:\"View:AssessmentElement\";s:1:\"c\";s:3:\"web\";s:1:\"r\";a:2:{i:0;i:1;i:1;i:5;}}i:122;a:4:{s:1:\"a\";i:123;s:1:\"b\";s:24:\"Create:AssessmentElement\";s:1:\"c\";s:3:\"web\";s:1:\"r\";a:2:{i:0;i:1;i:1;i:5;}}i:123;a:4:{s:1:\"a\";i:124;s:1:\"b\";s:24:\"Update:AssessmentElement\";s:1:\"c\";s:3:\"web\";s:1:\"r\";a:2:{i:0;i:1;i:1;i:5;}}i:124;a:4:{s:1:\"a\";i:125;s:1:\"b\";s:24:\"Delete:AssessmentElement\";s:1:\"c\";s:3:\"web\";s:1:\"r\";a:2:{i:0;i:1;i:1;i:5;}}i:125;a:4:{s:1:\"a\";i:126;s:1:\"b\";s:27:\"DeleteAny:AssessmentElement\";s:1:\"c\";s:3:\"web\";s:1:\"r\";a:2:{i:0;i:1;i:1;i:5;}}i:126;a:4:{s:1:\"a\";i:127;s:1:\"b\";s:25:\"Restore:AssessmentElement\";s:1:\"c\";s:3:\"web\";s:1:\"r\";a:2:{i:0;i:1;i:1;i:5;}}i:127;a:4:{s:1:\"a\";i:128;s:1:\"b\";s:29:\"ForceDelete:AssessmentElement\";s:1:\"c\";s:3:\"web\";s:1:\"r\";a:2:{i:0;i:1;i:1;i:5;}}i:128;a:4:{s:1:\"a\";i:129;s:1:\"b\";s:32:\"ForceDeleteAny:AssessmentElement\";s:1:\"c\";s:3:\"web\";s:1:\"r\";a:2:{i:0;i:1;i:1;i:5;}}i:129;a:4:{s:1:\"a\";i:130;s:1:\"b\";s:28:\"RestoreAny:AssessmentElement\";s:1:\"c\";s:3:\"web\";s:1:\"r\";a:2:{i:0;i:1;i:1;i:5;}}i:130;a:4:{s:1:\"a\";i:131;s:1:\"b\";s:27:\"Replicate:AssessmentElement\";s:1:\"c\";s:3:\"web\";s:1:\"r\";a:2:{i:0;i:1;i:1;i:5;}}i:131;a:4:{s:1:\"a\";i:132;s:1:\"b\";s:25:\"Reorder:AssessmentElement\";s:1:\"c\";s:3:\"web\";s:1:\"r\";a:2:{i:0;i:1;i:1;i:5;}}i:132;a:4:{s:1:\"a\";i:133;s:1:\"b\";s:24:\"ViewAny:AssessmentScheme\";s:1:\"c\";s:3:\"web\";s:1:\"r\";a:2:{i:0;i:1;i:1;i:5;}}i:133;a:4:{s:1:\"a\";i:134;s:1:\"b\";s:21:\"View:AssessmentScheme\";s:1:\"c\";s:3:\"web\";s:1:\"r\";a:2:{i:0;i:1;i:1;i:5;}}i:134;a:4:{s:1:\"a\";i:135;s:1:\"b\";s:23:\"Create:AssessmentScheme\";s:1:\"c\";s:3:\"web\";s:1:\"r\";a:2:{i:0;i:1;i:1;i:5;}}i:135;a:4:{s:1:\"a\";i:136;s:1:\"b\";s:23:\"Update:AssessmentScheme\";s:1:\"c\";s:3:\"web\";s:1:\"r\";a:2:{i:0;i:1;i:1;i:5;}}i:136;a:4:{s:1:\"a\";i:137;s:1:\"b\";s:23:\"Delete:AssessmentScheme\";s:1:\"c\";s:3:\"web\";s:1:\"r\";a:2:{i:0;i:1;i:1;i:5;}}i:137;a:4:{s:1:\"a\";i:138;s:1:\"b\";s:26:\"DeleteAny:AssessmentScheme\";s:1:\"c\";s:3:\"web\";s:1:\"r\";a:2:{i:0;i:1;i:1;i:5;}}i:138;a:4:{s:1:\"a\";i:139;s:1:\"b\";s:24:\"Restore:AssessmentScheme\";s:1:\"c\";s:3:\"web\";s:1:\"r\";a:2:{i:0;i:1;i:1;i:5;}}i:139;a:4:{s:1:\"a\";i:140;s:1:\"b\";s:28:\"ForceDelete:AssessmentScheme\";s:1:\"c\";s:3:\"web\";s:1:\"r\";a:2:{i:0;i:1;i:1;i:5;}}i:140;a:4:{s:1:\"a\";i:141;s:1:\"b\";s:31:\"ForceDeleteAny:AssessmentScheme\";s:1:\"c\";s:3:\"web\";s:1:\"r\";a:2:{i:0;i:1;i:1;i:5;}}i:141;a:4:{s:1:\"a\";i:142;s:1:\"b\";s:27:\"RestoreAny:AssessmentScheme\";s:1:\"c\";s:3:\"web\";s:1:\"r\";a:2:{i:0;i:1;i:1;i:5;}}i:142;a:4:{s:1:\"a\";i:143;s:1:\"b\";s:26:\"Replicate:AssessmentScheme\";s:1:\"c\";s:3:\"web\";s:1:\"r\";a:2:{i:0;i:1;i:1;i:5;}}i:143;a:4:{s:1:\"a\";i:144;s:1:\"b\";s:24:\"Reorder:AssessmentScheme\";s:1:\"c\";s:3:\"web\";s:1:\"r\";a:2:{i:0;i:1;i:1;i:5;}}i:144;a:4:{s:1:\"a\";i:145;s:1:\"b\";s:26:\"ViewAny:MonitoringSchedule\";s:1:\"c\";s:3:\"web\";s:1:\"r\";a:2:{i:0;i:1;i:1;i:5;}}i:145;a:4:{s:1:\"a\";i:146;s:1:\"b\";s:23:\"View:MonitoringSchedule\";s:1:\"c\";s:3:\"web\";s:1:\"r\";a:2:{i:0;i:1;i:1;i:5;}}i:146;a:4:{s:1:\"a\";i:147;s:1:\"b\";s:25:\"Create:MonitoringSchedule\";s:1:\"c\";s:3:\"web\";s:1:\"r\";a:2:{i:0;i:1;i:1;i:5;}}i:147;a:4:{s:1:\"a\";i:148;s:1:\"b\";s:25:\"Update:MonitoringSchedule\";s:1:\"c\";s:3:\"web\";s:1:\"r\";a:2:{i:0;i:1;i:1;i:5;}}i:148;a:4:{s:1:\"a\";i:149;s:1:\"b\";s:25:\"Delete:MonitoringSchedule\";s:1:\"c\";s:3:\"web\";s:1:\"r\";a:2:{i:0;i:1;i:1;i:5;}}i:149;a:4:{s:1:\"a\";i:150;s:1:\"b\";s:28:\"DeleteAny:MonitoringSchedule\";s:1:\"c\";s:3:\"web\";s:1:\"r\";a:2:{i:0;i:1;i:1;i:5;}}i:150;a:4:{s:1:\"a\";i:151;s:1:\"b\";s:26:\"Restore:MonitoringSchedule\";s:1:\"c\";s:3:\"web\";s:1:\"r\";a:2:{i:0;i:1;i:1;i:5;}}i:151;a:4:{s:1:\"a\";i:152;s:1:\"b\";s:30:\"ForceDelete:MonitoringSchedule\";s:1:\"c\";s:3:\"web\";s:1:\"r\";a:2:{i:0;i:1;i:1;i:5;}}i:152;a:4:{s:1:\"a\";i:153;s:1:\"b\";s:33:\"ForceDeleteAny:MonitoringSchedule\";s:1:\"c\";s:3:\"web\";s:1:\"r\";a:2:{i:0;i:1;i:1;i:5;}}i:153;a:4:{s:1:\"a\";i:154;s:1:\"b\";s:29:\"RestoreAny:MonitoringSchedule\";s:1:\"c\";s:3:\"web\";s:1:\"r\";a:2:{i:0;i:1;i:1;i:5;}}i:154;a:4:{s:1:\"a\";i:155;s:1:\"b\";s:28:\"Replicate:MonitoringSchedule\";s:1:\"c\";s:3:\"web\";s:1:\"r\";a:2:{i:0;i:1;i:1;i:5;}}i:155;a:4:{s:1:\"a\";i:156;s:1:\"b\";s:26:\"Reorder:MonitoringSchedule\";s:1:\"c\";s:3:\"web\";s:1:\"r\";a:2:{i:0;i:1;i:1;i:5;}}i:156;a:4:{s:1:\"a\";i:157;s:1:\"b\";s:21:\"ViewAny:PklAssessment\";s:1:\"c\";s:3:\"web\";s:1:\"r\";a:2:{i:0;i:1;i:1;i:5;}}i:157;a:4:{s:1:\"a\";i:158;s:1:\"b\";s:18:\"View:PklAssessment\";s:1:\"c\";s:3:\"web\";s:1:\"r\";a:2:{i:0;i:1;i:1;i:5;}}i:158;a:4:{s:1:\"a\";i:159;s:1:\"b\";s:20:\"Create:PklAssessment\";s:1:\"c\";s:3:\"web\";s:1:\"r\";a:2:{i:0;i:1;i:1;i:5;}}i:159;a:4:{s:1:\"a\";i:160;s:1:\"b\";s:20:\"Update:PklAssessment\";s:1:\"c\";s:3:\"web\";s:1:\"r\";a:2:{i:0;i:1;i:1;i:5;}}i:160;a:4:{s:1:\"a\";i:161;s:1:\"b\";s:20:\"Delete:PklAssessment\";s:1:\"c\";s:3:\"web\";s:1:\"r\";a:2:{i:0;i:1;i:1;i:5;}}i:161;a:4:{s:1:\"a\";i:162;s:1:\"b\";s:23:\"DeleteAny:PklAssessment\";s:1:\"c\";s:3:\"web\";s:1:\"r\";a:2:{i:0;i:1;i:1;i:5;}}i:162;a:4:{s:1:\"a\";i:163;s:1:\"b\";s:21:\"Restore:PklAssessment\";s:1:\"c\";s:3:\"web\";s:1:\"r\";a:2:{i:0;i:1;i:1;i:5;}}i:163;a:4:{s:1:\"a\";i:164;s:1:\"b\";s:25:\"ForceDelete:PklAssessment\";s:1:\"c\";s:3:\"web\";s:1:\"r\";a:2:{i:0;i:1;i:1;i:5;}}i:164;a:4:{s:1:\"a\";i:165;s:1:\"b\";s:28:\"ForceDeleteAny:PklAssessment\";s:1:\"c\";s:3:\"web\";s:1:\"r\";a:2:{i:0;i:1;i:1;i:5;}}i:165;a:4:{s:1:\"a\";i:166;s:1:\"b\";s:24:\"RestoreAny:PklAssessment\";s:1:\"c\";s:3:\"web\";s:1:\"r\";a:2:{i:0;i:1;i:1;i:5;}}i:166;a:4:{s:1:\"a\";i:167;s:1:\"b\";s:23:\"Replicate:PklAssessment\";s:1:\"c\";s:3:\"web\";s:1:\"r\";a:2:{i:0;i:1;i:1;i:5;}}i:167;a:4:{s:1:\"a\";i:168;s:1:\"b\";s:21:\"Reorder:PklAssessment\";s:1:\"c\";s:3:\"web\";s:1:\"r\";a:2:{i:0;i:1;i:1;i:5;}}i:168;a:4:{s:1:\"a\";i:169;s:1:\"b\";s:21:\"ViewAny:SchoolProfile\";s:1:\"c\";s:3:\"web\";s:1:\"r\";a:2:{i:0;i:1;i:1;i:5;}}i:169;a:4:{s:1:\"a\";i:170;s:1:\"b\";s:18:\"View:SchoolProfile\";s:1:\"c\";s:3:\"web\";s:1:\"r\";a:2:{i:0;i:1;i:1;i:5;}}i:170;a:4:{s:1:\"a\";i:171;s:1:\"b\";s:20:\"Create:SchoolProfile\";s:1:\"c\";s:3:\"web\";s:1:\"r\";a:2:{i:0;i:1;i:1;i:5;}}i:171;a:4:{s:1:\"a\";i:172;s:1:\"b\";s:20:\"Update:SchoolProfile\";s:1:\"c\";s:3:\"web\";s:1:\"r\";a:2:{i:0;i:1;i:1;i:5;}}i:172;a:4:{s:1:\"a\";i:173;s:1:\"b\";s:20:\"Delete:SchoolProfile\";s:1:\"c\";s:3:\"web\";s:1:\"r\";a:2:{i:0;i:1;i:1;i:5;}}i:173;a:4:{s:1:\"a\";i:174;s:1:\"b\";s:23:\"DeleteAny:SchoolProfile\";s:1:\"c\";s:3:\"web\";s:1:\"r\";a:2:{i:0;i:1;i:1;i:5;}}i:174;a:4:{s:1:\"a\";i:175;s:1:\"b\";s:21:\"Restore:SchoolProfile\";s:1:\"c\";s:3:\"web\";s:1:\"r\";a:2:{i:0;i:1;i:1;i:5;}}i:175;a:4:{s:1:\"a\";i:176;s:1:\"b\";s:25:\"ForceDelete:SchoolProfile\";s:1:\"c\";s:3:\"web\";s:1:\"r\";a:2:{i:0;i:1;i:1;i:5;}}i:176;a:4:{s:1:\"a\";i:177;s:1:\"b\";s:28:\"ForceDeleteAny:SchoolProfile\";s:1:\"c\";s:3:\"web\";s:1:\"r\";a:2:{i:0;i:1;i:1;i:5;}}i:177;a:4:{s:1:\"a\";i:178;s:1:\"b\";s:24:\"RestoreAny:SchoolProfile\";s:1:\"c\";s:3:\"web\";s:1:\"r\";a:2:{i:0;i:1;i:1;i:5;}}i:178;a:4:{s:1:\"a\";i:179;s:1:\"b\";s:23:\"Replicate:SchoolProfile\";s:1:\"c\";s:3:\"web\";s:1:\"r\";a:2:{i:0;i:1;i:1;i:5;}}i:179;a:4:{s:1:\"a\";i:180;s:1:\"b\";s:21:\"Reorder:SchoolProfile\";s:1:\"c\";s:3:\"web\";s:1:\"r\";a:2:{i:0;i:1;i:1;i:5;}}i:180;a:4:{s:1:\"a\";i:181;s:1:\"b\";s:16:\"ViewAny:Activity\";s:1:\"c\";s:3:\"web\";s:1:\"r\";a:2:{i:0;i:1;i:1;i:5;}}i:181;a:4:{s:1:\"a\";i:182;s:1:\"b\";s:13:\"View:Activity\";s:1:\"c\";s:3:\"web\";s:1:\"r\";a:2:{i:0;i:1;i:1;i:5;}}i:182;a:4:{s:1:\"a\";i:183;s:1:\"b\";s:15:\"Create:Activity\";s:1:\"c\";s:3:\"web\";s:1:\"r\";a:2:{i:0;i:1;i:1;i:5;}}i:183;a:4:{s:1:\"a\";i:184;s:1:\"b\";s:15:\"Update:Activity\";s:1:\"c\";s:3:\"web\";s:1:\"r\";a:2:{i:0;i:1;i:1;i:5;}}i:184;a:4:{s:1:\"a\";i:185;s:1:\"b\";s:15:\"Delete:Activity\";s:1:\"c\";s:3:\"web\";s:1:\"r\";a:2:{i:0;i:1;i:1;i:5;}}i:185;a:4:{s:1:\"a\";i:186;s:1:\"b\";s:18:\"DeleteAny:Activity\";s:1:\"c\";s:3:\"web\";s:1:\"r\";a:2:{i:0;i:1;i:1;i:5;}}i:186;a:4:{s:1:\"a\";i:187;s:1:\"b\";s:16:\"Restore:Activity\";s:1:\"c\";s:3:\"web\";s:1:\"r\";a:2:{i:0;i:1;i:1;i:5;}}i:187;a:4:{s:1:\"a\";i:188;s:1:\"b\";s:20:\"ForceDelete:Activity\";s:1:\"c\";s:3:\"web\";s:1:\"r\";a:2:{i:0;i:1;i:1;i:5;}}i:188;a:4:{s:1:\"a\";i:189;s:1:\"b\";s:23:\"ForceDeleteAny:Activity\";s:1:\"c\";s:3:\"web\";s:1:\"r\";a:2:{i:0;i:1;i:1;i:5;}}i:189;a:4:{s:1:\"a\";i:190;s:1:\"b\";s:19:\"RestoreAny:Activity\";s:1:\"c\";s:3:\"web\";s:1:\"r\";a:2:{i:0;i:1;i:1;i:5;}}i:190;a:4:{s:1:\"a\";i:191;s:1:\"b\";s:18:\"Replicate:Activity\";s:1:\"c\";s:3:\"web\";s:1:\"r\";a:2:{i:0;i:1;i:1;i:5;}}i:191;a:4:{s:1:\"a\";i:192;s:1:\"b\";s:16:\"Reorder:Activity\";s:1:\"c\";s:3:\"web\";s:1:\"r\";a:2:{i:0;i:1;i:1;i:5;}}i:192;a:4:{s:1:\"a\";i:193;s:1:\"b\";s:20:\"ViewAny:Announcement\";s:1:\"c\";s:3:\"web\";s:1:\"r\";a:2:{i:0;i:1;i:1;i:5;}}i:193;a:4:{s:1:\"a\";i:194;s:1:\"b\";s:17:\"View:Announcement\";s:1:\"c\";s:3:\"web\";s:1:\"r\";a:2:{i:0;i:1;i:1;i:5;}}i:194;a:4:{s:1:\"a\";i:195;s:1:\"b\";s:19:\"Create:Announcement\";s:1:\"c\";s:3:\"web\";s:1:\"r\";a:2:{i:0;i:1;i:1;i:5;}}i:195;a:4:{s:1:\"a\";i:196;s:1:\"b\";s:19:\"Update:Announcement\";s:1:\"c\";s:3:\"web\";s:1:\"r\";a:2:{i:0;i:1;i:1;i:5;}}i:196;a:4:{s:1:\"a\";i:197;s:1:\"b\";s:19:\"Delete:Announcement\";s:1:\"c\";s:3:\"web\";s:1:\"r\";a:2:{i:0;i:1;i:1;i:5;}}i:197;a:4:{s:1:\"a\";i:198;s:1:\"b\";s:22:\"DeleteAny:Announcement\";s:1:\"c\";s:3:\"web\";s:1:\"r\";a:2:{i:0;i:1;i:1;i:5;}}i:198;a:4:{s:1:\"a\";i:199;s:1:\"b\";s:20:\"Restore:Announcement\";s:1:\"c\";s:3:\"web\";s:1:\"r\";a:2:{i:0;i:1;i:1;i:5;}}i:199;a:4:{s:1:\"a\";i:200;s:1:\"b\";s:24:\"ForceDelete:Announcement\";s:1:\"c\";s:3:\"web\";s:1:\"r\";a:2:{i:0;i:1;i:1;i:5;}}i:200;a:4:{s:1:\"a\";i:201;s:1:\"b\";s:27:\"ForceDeleteAny:Announcement\";s:1:\"c\";s:3:\"web\";s:1:\"r\";a:2:{i:0;i:1;i:1;i:5;}}i:201;a:4:{s:1:\"a\";i:202;s:1:\"b\";s:23:\"RestoreAny:Announcement\";s:1:\"c\";s:3:\"web\";s:1:\"r\";a:2:{i:0;i:1;i:1;i:5;}}i:202;a:4:{s:1:\"a\";i:203;s:1:\"b\";s:22:\"Replicate:Announcement\";s:1:\"c\";s:3:\"web\";s:1:\"r\";a:2:{i:0;i:1;i:1;i:5;}}i:203;a:4:{s:1:\"a\";i:204;s:1:\"b\";s:20:\"Reorder:Announcement\";s:1:\"c\";s:3:\"web\";s:1:\"r\";a:2:{i:0;i:1;i:1;i:5;}}i:204;a:4:{s:1:\"a\";i:205;s:1:\"b\";s:14:\"View:Dashboard\";s:1:\"c\";s:3:\"web\";s:1:\"r\";a:2:{i:0;i:1;i:1;i:5;}}i:205;a:4:{s:1:\"a\";i:206;s:1:\"b\";s:27:\"View:DashboardStatsOverview\";s:1:\"c\";s:3:\"web\";s:1:\"r\";a:2:{i:0;i:1;i:1;i:5;}}i:206;a:4:{s:1:\"a\";i:207;s:1:\"b\";s:20:\"View:AttendanceChart\";s:1:\"c\";s:3:\"web\";s:1:\"r\";a:2:{i:0;i:1;i:1;i:5;}}i:207;a:4:{s:1:\"a\";i:208;s:1:\"b\";s:20:\"View:PklByMajorChart\";s:1:\"c\";s:3:\"web\";s:1:\"r\";a:2:{i:0;i:1;i:1;i:5;}}i:208;a:4:{s:1:\"a\";i:209;s:1:\"b\";s:27:\"View:TeacherMonitoringRecap\";s:1:\"c\";s:3:\"web\";s:1:\"r\";a:2:{i:0;i:1;i:1;i:5;}}i:209;a:4:{s:1:\"a\";i:210;s:1:\"b\";s:24:\"View:RecentJournalWidget\";s:1:\"c\";s:3:\"web\";s:1:\"r\";a:2:{i:0;i:1;i:1;i:5;}}i:210;a:4:{s:1:\"a\";i:211;s:1:\"b\";s:22:\"View:LatestActivityLog\";s:1:\"c\";s:3:\"web\";s:1:\"r\";a:2:{i:0;i:1;i:1;i:5;}}i:211;a:4:{s:1:\"a\";i:212;s:1:\"b\";s:21:\"View:MasterDataStatus\";s:1:\"c\";s:3:\"web\";s:1:\"r\";a:2:{i:0;i:1;i:1;i:5;}}i:212;a:4:{s:1:\"a\";i:213;s:1:\"b\";s:12:\"ViewAny:User\";s:1:\"c\";s:3:\"web\";s:1:\"r\";a:2:{i:0;i:1;i:1;i:5;}}i:213;a:4:{s:1:\"a\";i:214;s:1:\"b\";s:9:\"View:User\";s:1:\"c\";s:3:\"web\";s:1:\"r\";a:2:{i:0;i:1;i:1;i:5;}}i:214;a:4:{s:1:\"a\";i:215;s:1:\"b\";s:11:\"Create:User\";s:1:\"c\";s:3:\"web\";s:1:\"r\";a:2:{i:0;i:1;i:1;i:5;}}i:215;a:4:{s:1:\"a\";i:216;s:1:\"b\";s:20:\"View:MaintenanceMode\";s:1:\"c\";s:3:\"web\";s:1:\"r\";a:2:{i:0;i:1;i:1;i:5;}}i:216;a:4:{s:1:\"a\";i:217;s:1:\"b\";s:11:\"Update:User\";s:1:\"c\";s:3:\"web\";s:1:\"r\";a:1:{i:0;i:1;}}i:217;a:4:{s:1:\"a\";i:218;s:1:\"b\";s:11:\"Delete:User\";s:1:\"c\";s:3:\"web\";s:1:\"r\";a:1:{i:0;i:1;}}i:218;a:4:{s:1:\"a\";i:219;s:1:\"b\";s:14:\"DeleteAny:User\";s:1:\"c\";s:3:\"web\";s:1:\"r\";a:1:{i:0;i:1;}}i:219;a:4:{s:1:\"a\";i:220;s:1:\"b\";s:12:\"Restore:User\";s:1:\"c\";s:3:\"web\";s:1:\"r\";a:1:{i:0;i:1;}}i:220;a:4:{s:1:\"a\";i:221;s:1:\"b\";s:16:\"ForceDelete:User\";s:1:\"c\";s:3:\"web\";s:1:\"r\";a:1:{i:0;i:1;}}i:221;a:4:{s:1:\"a\";i:222;s:1:\"b\";s:19:\"ForceDeleteAny:User\";s:1:\"c\";s:3:\"web\";s:1:\"r\";a:1:{i:0;i:1;}}i:222;a:4:{s:1:\"a\";i:223;s:1:\"b\";s:15:\"RestoreAny:User\";s:1:\"c\";s:3:\"web\";s:1:\"r\";a:1:{i:0;i:1;}}i:223;a:4:{s:1:\"a\";i:224;s:1:\"b\";s:14:\"Replicate:User\";s:1:\"c\";s:3:\"web\";s:1:\"r\";a:1:{i:0;i:1;}}i:224;a:4:{s:1:\"a\";i:225;s:1:\"b\";s:12:\"Reorder:User\";s:1:\"c\";s:3:\"web\";s:1:\"r\";a:1:{i:0;i:1;}}}s:5:\"roles\";a:2:{i:0;a:3:{s:1:\"a\";i:1;s:1:\"b\";s:11:\"super_admin\";s:1:\"c\";s:3:\"web\";}i:1;a:3:{s:1:\"a\";i:5;s:1:\"b\";s:5:\"Admin\";s:1:\"c\";s:3:\"web\";}}}',1778766454);
/*!40000 ALTER TABLE `cache` ENABLE KEYS */;
UNLOCK TABLES;

--
-- Table structure for table `cache_locks`
--

DROP TABLE IF EXISTS `cache_locks`;
/*!40101 SET @saved_cs_client     = @@character_set_client */;
/*!50503 SET character_set_client = utf8mb4 */;
CREATE TABLE `cache_locks` (
  `key` varchar(255) CHARACTER SET utf8mb4 COLLATE utf8mb4_unicode_ci NOT NULL,
  `owner` varchar(255) CHARACTER SET utf8mb4 COLLATE utf8mb4_unicode_ci NOT NULL,
  `expiration` int NOT NULL,
  PRIMARY KEY (`key`),
  KEY `cache_locks_expiration_index` (`expiration`)
) ENGINE=InnoDB DEFAULT CHARSET=utf8mb4 COLLATE=utf8mb4_unicode_ci;
/*!40101 SET character_set_client = @saved_cs_client */;

--
-- Dumping data for table `cache_locks`
--

LOCK TABLES `cache_locks` WRITE;
/*!40000 ALTER TABLE `cache_locks` DISABLE KEYS */;
/*!40000 ALTER TABLE `cache_locks` ENABLE KEYS */;
UNLOCK TABLES;

--
-- Table structure for table `dudikas`
--

DROP TABLE IF EXISTS `dudikas`;
/*!40101 SET @saved_cs_client     = @@character_set_client */;
/*!50503 SET character_set_client = utf8mb4 */;
CREATE TABLE `dudikas` (
  `id` bigint unsigned NOT NULL AUTO_INCREMENT,
  `name` varchar(255) CHARACTER SET utf8mb4 COLLATE utf8mb4_unicode_ci NOT NULL,
  `address` text CHARACTER SET utf8mb4 COLLATE utf8mb4_unicode_ci,
  `head_name` varchar(255) CHARACTER SET utf8mb4 COLLATE utf8mb4_unicode_ci DEFAULT NULL,
  `head_nip` varchar(255) CHARACTER SET utf8mb4 COLLATE utf8mb4_unicode_ci DEFAULT NULL,
  `supervisor_name` varchar(255) CHARACTER SET utf8mb4 COLLATE utf8mb4_unicode_ci DEFAULT NULL,
  `supervisor_nip` varchar(255) CHARACTER SET utf8mb4 COLLATE utf8mb4_unicode_ci DEFAULT NULL,
  `supervisor_phone` varchar(255) CHARACTER SET utf8mb4 COLLATE utf8mb4_unicode_ci DEFAULT NULL,
  `created_at` timestamp NULL DEFAULT NULL,
  `updated_at` timestamp NULL DEFAULT NULL,
  `user_id` bigint unsigned DEFAULT NULL,
  `latitude` varchar(255) CHARACTER SET utf8mb4 COLLATE utf8mb4_unicode_ci DEFAULT NULL,
  `longitude` varchar(255) CHARACTER SET utf8mb4 COLLATE utf8mb4_unicode_ci DEFAULT NULL,
  `radius` int NOT NULL DEFAULT '50',
  PRIMARY KEY (`id`),
  KEY `dudikas_user_id_foreign` (`user_id`),
  CONSTRAINT `dudikas_user_id_foreign` FOREIGN KEY (`user_id`) REFERENCES `users` (`id`) ON DELETE SET NULL
) ENGINE=InnoDB AUTO_INCREMENT=205 DEFAULT CHARSET=utf8mb4 COLLATE=utf8mb4_unicode_ci;
/*!40101 SET character_set_client = @saved_cs_client */;

--
-- Dumping data for table `dudikas`
--

LOCK TABLES `dudikas` WRITE;
/*!40000 ALTER TABLE `dudikas` DISABLE KEYS */;
INSERT INTO `dudikas` VALUES (182,'SMK PGRI 1 GIRI','Jalan Simpang Gajah Mada, Giri, Banyuwangi',NULL,NULL,NULL,NULL,NULL,'2026-04-17 07:00:05','2026-04-17 07:00:05',NULL,NULL,NULL,50),(183,'Home Techno','Dsn. Guwo RT.002 RW.001 Desa Grogol Kecamatan Giri','Abdul Basit',NULL,'Abdul Basit',NULL,'6281234434289','2026-04-17 07:00:05','2026-04-18 13:54:27',105,'-8.2116177494781','114.35327768326',50),(184,'Sahabat Komputer 2','JL KH. Agus Salim, No. 116, Mojopanggung, Giri, Lingkungan Cuking Rw., Mojopanggung, Kec. Banyuwangi, Kabupaten Banyuwangi, Jawa Timur 68425',NULL,NULL,NULL,NULL,NULL,'2026-04-17 07:00:06','2026-04-17 07:00:06',NULL,NULL,NULL,50),(185,'PT. Indo Access Semesta','Jl. Kapten Ilyas no 25, Kelurahan Singonegaran',NULL,NULL,'Admin',NULL,'6285235274884','2026-04-17 07:00:06','2026-04-17 07:00:06',106,NULL,NULL,50),(186,'NEC Computer','Jl. Hayam Wuruk No.06, Lingkungan Mojoroto R, Penataban, Kec. Giri, Kabupaten Banyuwangi, Jawa Timur 68422',NULL,NULL,'Admin',NULL,'085330357960','2026-04-17 07:00:06','2026-04-17 07:00:06',107,NULL,NULL,50),(187,'PT. Wahyu Adidaya Network (WINET)','Lingk. Klucing, Kec. Giri, Kab. Banyuwangi, Jawa Timur 68423',NULL,NULL,'Admin',NULL,'082232997497','2026-04-17 07:00:06','2026-04-17 07:00:07',108,NULL,NULL,50),(188,'Cakrawala Komputer','Jl. Sayu Wiwit No.73, Temenggungan, Kec. Banyuwangi',NULL,NULL,'Pak Abdi',NULL,'082141088807','2026-04-17 07:00:07','2026-04-19 14:35:18',109,'-8.2153980372422','114.35495138168',50),(189,'Myrise Net','Gg. Mawar RT 1 RW 4 Dusun Gunung Remuk Desa Ketapang, Kec. Kalipuro, Kab. Banyuwangi',NULL,NULL,'Pak Totok',NULL,'087755539115','2026-04-17 07:00:07','2026-04-17 07:00:07',110,NULL,NULL,50),(190,'PT. Navila Alam Raya','Kel. Gombeng, Kec. Kalipuro, Kab. Banyuwangi',NULL,NULL,'P. PURWANTO',NULL,'628113505013','2026-04-17 07:00:07','2026-04-17 07:00:08',111,NULL,NULL,50),(191,'DN-NET','Lingkungan Cuking Rw., Mojopanggung, Kec. Giri, Kabupaten Banyuwangi, Jawa Timur 68425',NULL,NULL,NULL,NULL,NULL,'2026-04-17 07:00:08','2026-04-17 07:00:08',NULL,NULL,NULL,50),(192,'BNNK Banyuwangi','Jl. Basuki Rahmat No.135, Singotrunan, Kec. Banyuwangi, Kabupaten Banyuwangi, Jawa Timur 68414',NULL,NULL,NULL,NULL,NULL,'2026-04-17 07:00:08','2026-04-17 07:00:08',NULL,NULL,NULL,50),(193,'CV. Faris Jaya Teknik','Dusun kedalaman RT.04 RW.03 Kemiren Glagah banyuwangi','Margono',NULL,'Andriyanto',NULL,'085258283720','2026-04-17 07:00:08','2026-05-12 15:30:44',112,NULL,NULL,50),(194,'DD-TECH','Jl. Adi Sucipto No.8, Taman Baru, Banyuwangi',NULL,NULL,NULL,NULL,NULL,'2026-04-17 07:00:08','2026-04-17 07:00:08',NULL,NULL,NULL,50),(195,'Dinas Kesehatan Kabupaten Banyuwangi','Jl. Letkol Istiqlah No.42, Singonegaran, Kec. Banyuwangi, Kabupaten Banyuwangi, Jawa Timur 68415',NULL,NULL,NULL,NULL,NULL,'2026-04-17 07:00:08','2026-04-17 07:00:08',NULL,NULL,NULL,50),(196,'CV. Starmedia Technology','Krajan, Licin, Kec. Licin, Kabupaten Banyuwangi, Jawa Timur 68454',NULL,NULL,NULL,NULL,NULL,'2026-04-17 07:00:08','2026-04-17 07:00:08',NULL,NULL,NULL,50),(197,'IDcomputer','Jl. K.H. Agus Salim No.76-68, Taman Baru, Kec. Banyuwangi',NULL,NULL,'Admin',NULL,'081913961113','2026-04-17 07:00:08','2026-05-10 09:44:35',113,'-8.2264665868366','114.35864344221',50),(198,'NVC.NET','RT4 RW3 dsn Sukosari desa paspan kec glagah kabupaten Banyuwangi Jawa Timur Indonesia',NULL,NULL,NULL,NULL,NULL,'2026-04-17 07:00:09','2026-04-17 07:00:09',NULL,NULL,NULL,50),(199,'PT. Global Tele Artha','Jl. Ali Sakti, Dusun Sidomulyo, Gitik, Kec. Rogojampi, Banyuwangi','Jackie Chan',NULL,'Arjun Geovani',NULL,'081133333006','2026-04-17 07:00:09','2026-05-11 14:38:13',114,'-8.2237230383564','114.37186002731',50),(200,'A.NET','Jl. Jembarana OP1, Klatak, Kab. Banyuwangi',NULL,NULL,NULL,NULL,NULL,'2026-04-17 07:00:10','2026-04-17 07:00:10',NULL,NULL,NULL,50),(201,'PTCC','Jl. Gajah Mada 14, Giri, Banyuwangi','Sunarto',NULL,'Kurniawan',NULL,'851685425','2026-04-18 15:05:10','2026-04-18 15:05:11',217,NULL,NULL,50),(202,'PTCC 2','Jl. Gajah Mada 15','Jumainah',NULL,'Rasyaad',NULL,'8525154952','2026-04-18 15:05:11','2026-04-18 15:05:11',218,NULL,NULL,50),(203,'Hotel Ikhtiar Surya','Jl. Gajah Mada, Kec. Giri, Kab. Banyuwangi',NULL,NULL,'Supriyadi',NULL,'0821546215454','2026-04-19 14:29:31','2026-04-19 14:29:31',219,'-8.2138397347797','114.3548373878',50);
/*!40000 ALTER TABLE `dudikas` ENABLE KEYS */;
UNLOCK TABLES;

--
-- Table structure for table `exports`
--

DROP TABLE IF EXISTS `exports`;
/*!40101 SET @saved_cs_client     = @@character_set_client */;
/*!50503 SET character_set_client = utf8mb4 */;
CREATE TABLE `exports` (
  `id` bigint unsigned NOT NULL AUTO_INCREMENT,
  `completed_at` timestamp NULL DEFAULT NULL,
  `file_disk` varchar(255) CHARACTER SET utf8mb4 COLLATE utf8mb4_unicode_ci NOT NULL,
  `file_name` varchar(255) CHARACTER SET utf8mb4 COLLATE utf8mb4_unicode_ci DEFAULT NULL,
  `exporter` varchar(255) CHARACTER SET utf8mb4 COLLATE utf8mb4_unicode_ci NOT NULL,
  `processed_rows` int unsigned NOT NULL DEFAULT '0',
  `total_rows` int unsigned NOT NULL,
  `successful_rows` int unsigned NOT NULL DEFAULT '0',
  `user_id` bigint unsigned NOT NULL,
  `created_at` timestamp NULL DEFAULT NULL,
  `updated_at` timestamp NULL DEFAULT NULL,
  PRIMARY KEY (`id`),
  KEY `exports_user_id_foreign` (`user_id`),
  CONSTRAINT `exports_user_id_foreign` FOREIGN KEY (`user_id`) REFERENCES `users` (`id`) ON DELETE CASCADE
) ENGINE=InnoDB AUTO_INCREMENT=5 DEFAULT CHARSET=utf8mb4 COLLATE=utf8mb4_unicode_ci;
/*!40101 SET character_set_client = @saved_cs_client */;

--
-- Dumping data for table `exports`
--

LOCK TABLES `exports` WRITE;
/*!40000 ALTER TABLE `exports` DISABLE KEYS */;
INSERT INTO `exports` VALUES (1,'2026-04-18 15:51:19','local','ekspor-1-pkl-placements','App\\Filament\\Exports\\PklPlacementExporter',2,2,2,1,'2026-04-18 15:51:15','2026-04-18 15:51:19'),(2,'2026-04-18 15:55:45','local','ekspor-2-pkl-placements','App\\Filament\\Exports\\PklPlacementExporter',2,2,2,1,'2026-04-18 15:55:42','2026-04-18 15:55:45'),(3,'2026-04-18 16:01:48','local','ekspor-3-pkl-placements','App\\Filament\\Exports\\PklPlacementExporter',2,2,0,1,'2026-04-18 16:01:44','2026-04-18 16:01:48'),(4,'2026-04-19 14:17:36','local','ekspor-4-pkl-placements','App\\Filament\\Exports\\PklPlacementExporter',2,2,2,1,'2026-04-19 14:17:22','2026-04-19 14:17:36');
/*!40000 ALTER TABLE `exports` ENABLE KEYS */;
UNLOCK TABLES;

--
-- Table structure for table `failed_import_rows`
--

DROP TABLE IF EXISTS `failed_import_rows`;
/*!40101 SET @saved_cs_client     = @@character_set_client */;
/*!50503 SET character_set_client = utf8mb4 */;
CREATE TABLE `failed_import_rows` (
  `id` bigint unsigned NOT NULL AUTO_INCREMENT,
  `data` json NOT NULL,
  `import_id` bigint unsigned NOT NULL,
  `validation_error` text CHARACTER SET utf8mb4 COLLATE utf8mb4_unicode_ci,
  `created_at` timestamp NULL DEFAULT NULL,
  `updated_at` timestamp NULL DEFAULT NULL,
  PRIMARY KEY (`id`),
  KEY `failed_import_rows_import_id_foreign` (`import_id`),
  CONSTRAINT `failed_import_rows_import_id_foreign` FOREIGN KEY (`import_id`) REFERENCES `imports` (`id`) ON DELETE CASCADE
) ENGINE=InnoDB AUTO_INCREMENT=77 DEFAULT CHARSET=utf8mb4 COLLATE=utf8mb4_unicode_ci;
/*!40101 SET character_set_client = @saved_cs_client */;

--
-- Dumping data for table `failed_import_rows`
--

LOCK TABLES `failed_import_rows` WRITE;
/*!40000 ALTER TABLE `failed_import_rows` DISABLE KEYS */;
INSERT INTO `failed_import_rows` VALUES (1,'{\"name\": \"Home Techno\", \"address\": \" Dsn. Guwo RT.002 RW.001 Desa Grogol Kecamatan Giri\", \"head_nip\": \"\", \"head_name\": \"\", \"supervisor_nip\": \"\", \"supervisor_name\": \"Abdul Basit\", \"supervisor_phone\": \"+62 812-3443-4289\"}',1,NULL,'2026-04-16 15:23:16','2026-04-16 15:23:16'),(2,'{\"name\": \"PT. Indo Access Semesta \", \"address\": \" Jl. Kapten Ilyas no 25, Kelurahan Singonegaran\", \"head_nip\": \"\", \"head_name\": \"\", \"supervisor_nip\": \"\", \"supervisor_name\": \"Admin\", \"supervisor_phone\": \"+62 852-3527-4884\"}',1,NULL,'2026-04-16 15:23:16','2026-04-16 15:23:16'),(3,'{\"name\": \"NEC Computer\", \"address\": \" Jl. Hayam Wuruk No.06, Lingkungan Mojoroto R, Penataban, Kec. Giri, Kabupaten Banyuwangi, Jawa Timur 68422\", \"head_nip\": \"\", \"head_name\": \"\", \"supervisor_nip\": \"\", \"supervisor_name\": \"Admin\", \"supervisor_phone\": \"085330357960\"}',1,NULL,'2026-04-16 15:23:16','2026-04-16 15:23:16'),(4,'{\"name\": \"PT. Wahyu Adidaya Network (WINET) \", \"address\": \" Gumuk, Kec. Licin, Kabupaten Banyuwangi\", \"head_nip\": \"\", \"head_name\": \"\", \"supervisor_nip\": \"\", \"supervisor_name\": \"Pak Kodir\", \"supervisor_phone\": \"085258686818\"}',1,NULL,'2026-04-16 15:23:16','2026-04-16 15:23:16'),(5,'{\"name\": \"Cakrawala Komputer \", \"address\": \" Jl. Sayu Wiwit No.73, Temenggungan, Kec. Banyuwangi\", \"head_nip\": \"\", \"head_name\": \"\", \"supervisor_nip\": \"\", \"supervisor_name\": \"Pak Abdi\", \"supervisor_phone\": \"082141088807 \"}',1,NULL,'2026-04-16 15:23:16','2026-04-16 15:23:16'),(6,'{\"name\": \"Myrise Net \", \"address\": \" Gg. Mawar RT 1 RW 4 Dusun Gunung Remuk Desa Ketapang, Kec. Kalipuro, Kab. Banyuwangi\", \"head_nip\": \"\", \"head_name\": \"\", \"supervisor_nip\": \"\", \"supervisor_name\": \"Pak Totok\", \"supervisor_phone\": \"087755539115\"}',1,NULL,'2026-04-16 15:23:16','2026-04-16 15:23:16'),(7,'{\"name\": \"PT. Wahyu Adidaya Network (WINET) \", \"address\": \" Lingk. Klucing, Kec. Giri, Kab. Banyuwangi, Jawa Timur 68423\", \"head_nip\": \"\", \"head_name\": \"\", \"supervisor_nip\": \"\", \"supervisor_name\": \"Admin\", \"supervisor_phone\": \"082232997497\"}',1,NULL,'2026-04-16 15:23:16','2026-04-16 15:23:16'),(8,'{\"name\": \"PT. Navila Alam Raya\", \"address\": \" Kel. Gombeng, Kec. Kalipuro, Kab. Banyuwangi\", \"head_nip\": \"\", \"head_name\": \"\", \"supervisor_nip\": \"\", \"supervisor_name\": \"P. PURWANTO\", \"supervisor_phone\": \"+62 811-3505-013\"}',1,NULL,'2026-04-16 15:23:16','2026-04-16 15:23:16'),(9,'{\"name\": \"CV. Faris Jaya Teknik \", \"address\": \" Dusun kedalaman RT.04 RW.03 Kemiren Glagah banyuwangi\", \"head_nip\": \"\", \"head_name\": \"\", \"supervisor_nip\": \"\", \"supervisor_name\": \"Admin\", \"supervisor_phone\": \"085258283720\"}',1,NULL,'2026-04-16 15:23:16','2026-04-16 15:23:16'),(10,'{\"name\": \"IDcomputer \", \"address\": \" Jl. K.H. Agus Salim No.76-68, Taman Baru, Kec. Banyuwangi\", \"head_nip\": \"\", \"head_name\": \"\", \"supervisor_nip\": \"\", \"supervisor_name\": \"Admin\", \"supervisor_phone\": \"081913961113\"}',1,NULL,'2026-04-16 15:23:16','2026-04-16 15:23:16'),(11,'{\"name\": \"PT. Globaltele Artha\", \"address\": \" Jl. Ali Sakti, Dusun Sidomulyo, Gitik, Kec. Rogojampi, Banyuwangi\", \"head_nip\": \"\", \"head_name\": \"\", \"supervisor_nip\": \"\", \"supervisor_name\": \"Arjun Geovani \", \"supervisor_phone\": \"081133333006\"}',1,NULL,'2026-04-16 15:23:16','2026-04-16 15:23:16'),(12,'{\"name\": \"Home Techno\", \"address\": \" Dsn. Guwo RT.002 RW.001 Desa Grogol Kecamatan Giri\", \"head_nip\": \"\", \"head_name\": \"\", \"supervisor_nip\": \"\", \"supervisor_name\": \"Abdul Basit\", \"supervisor_phone\": \"+62 812-3443-4289\"}',2,NULL,'2026-04-16 15:33:54','2026-04-16 15:33:54'),(13,'{\"name\": \"PT. Indo Access Semesta \", \"address\": \" Jl. Kapten Ilyas no 25, Kelurahan Singonegaran\", \"head_nip\": \"\", \"head_name\": \"\", \"supervisor_nip\": \"\", \"supervisor_name\": \"Admin\", \"supervisor_phone\": \"+62 852-3527-4884\"}',2,NULL,'2026-04-16 15:33:54','2026-04-16 15:33:54'),(14,'{\"name\": \"NEC Computer\", \"address\": \" Jl. Hayam Wuruk No.06, Lingkungan Mojoroto R, Penataban, Kec. Giri, Kabupaten Banyuwangi, Jawa Timur 68422\", \"head_nip\": \"\", \"head_name\": \"\", \"supervisor_nip\": \"\", \"supervisor_name\": \"Admin\", \"supervisor_phone\": \"085330357960\"}',2,NULL,'2026-04-16 15:33:54','2026-04-16 15:33:54'),(15,'{\"name\": \"PT. Wahyu Adidaya Network (WINET) \", \"address\": \" Gumuk, Kec. Licin, Kabupaten Banyuwangi\", \"head_nip\": \"\", \"head_name\": \"\", \"supervisor_nip\": \"\", \"supervisor_name\": \"Pak Kodir\", \"supervisor_phone\": \"085258686818\"}',2,NULL,'2026-04-16 15:33:54','2026-04-16 15:33:54'),(16,'{\"name\": \"Cakrawala Komputer \", \"address\": \" Jl. Sayu Wiwit No.73, Temenggungan, Kec. Banyuwangi\", \"head_nip\": \"\", \"head_name\": \"\", \"supervisor_nip\": \"\", \"supervisor_name\": \"Pak Abdi\", \"supervisor_phone\": \"082141088807 \"}',2,NULL,'2026-04-16 15:33:54','2026-04-16 15:33:54'),(17,'{\"name\": \"Myrise Net \", \"address\": \" Gg. Mawar RT 1 RW 4 Dusun Gunung Remuk Desa Ketapang, Kec. Kalipuro, Kab. Banyuwangi\", \"head_nip\": \"\", \"head_name\": \"\", \"supervisor_nip\": \"\", \"supervisor_name\": \"Pak Totok\", \"supervisor_phone\": \"087755539115\"}',2,NULL,'2026-04-16 15:33:54','2026-04-16 15:33:54'),(18,'{\"name\": \"PT. Wahyu Adidaya Network (WINET) \", \"address\": \" Lingk. Klucing, Kec. Giri, Kab. Banyuwangi, Jawa Timur 68423\", \"head_nip\": \"\", \"head_name\": \"\", \"supervisor_nip\": \"\", \"supervisor_name\": \"Admin\", \"supervisor_phone\": \"082232997497\"}',2,NULL,'2026-04-16 15:33:54','2026-04-16 15:33:54'),(19,'{\"name\": \"PT. Navila Alam Raya\", \"address\": \" Kel. Gombeng, Kec. Kalipuro, Kab. Banyuwangi\", \"head_nip\": \"\", \"head_name\": \"\", \"supervisor_nip\": \"\", \"supervisor_name\": \"P. PURWANTO\", \"supervisor_phone\": \"+62 811-3505-013\"}',2,NULL,'2026-04-16 15:33:54','2026-04-16 15:33:54'),(20,'{\"name\": \"CV. Faris Jaya Teknik \", \"address\": \" Dusun kedalaman RT.04 RW.03 Kemiren Glagah banyuwangi\", \"head_nip\": \"\", \"head_name\": \"\", \"supervisor_nip\": \"\", \"supervisor_name\": \"Admin\", \"supervisor_phone\": \"085258283720\"}',2,NULL,'2026-04-16 15:33:54','2026-04-16 15:33:54'),(21,'{\"name\": \"IDcomputer \", \"address\": \" Jl. K.H. Agus Salim No.76-68, Taman Baru, Kec. Banyuwangi\", \"head_nip\": \"\", \"head_name\": \"\", \"supervisor_nip\": \"\", \"supervisor_name\": \"Admin\", \"supervisor_phone\": \"081913961113\"}',2,NULL,'2026-04-16 15:33:54','2026-04-16 15:33:54'),(22,'{\"name\": \"PT. Globaltele Artha\", \"address\": \" Jl. Ali Sakti, Dusun Sidomulyo, Gitik, Kec. Rogojampi, Banyuwangi\", \"head_nip\": \"\", \"head_name\": \"\", \"supervisor_nip\": \"\", \"supervisor_name\": \"Arjun Geovani \", \"supervisor_phone\": \"081133333006\"}',2,NULL,'2026-04-16 15:33:54','2026-04-16 15:33:54'),(23,'{\"nis\": \"12640/206.4.2.1\", \"name\": \"ADITYA YUDISTIRA PRATAMA\", \"nisn\": \"3087914982\", \"phone\": \"\", \"gender\": \"L\", \"address\": \"LINGK. KAMPUNG BARU\", \"religion\": \"Islam\", \"birth_date\": \"2008-12-03\", \"birth_place\": \"BANYUWANGI\", \"parent_phone\": \"\"}',16,NULL,'2026-04-17 15:22:46','2026-04-17 15:22:46'),(24,'{\"nis\": \"12641/207.4.2.1\", \"name\": \"AHMAD MAULANA EFFENDI\", \"nisn\": \"0094269781\", \"phone\": \"\", \"gender\": \"L\", \"address\": \"LINGK. KRAJAN\", \"religion\": \"Islam\", \"birth_date\": \"2009-02-18\", \"birth_place\": \"Banyuwangi\", \"parent_phone\": \"\"}',16,NULL,'2026-04-17 15:22:46','2026-04-17 15:22:46'),(25,'{\"nis\": \"12642/008.4.2.1\", \"name\": \"AHMAD NURUL YAQIN\", \"nisn\": \"0087303030\", \"phone\": \"\", \"gender\": \"L\", \"address\": \"DSN REMBANG\", \"religion\": \"Islam\", \"birth_date\": \"2008-11-27\", \"birth_place\": \"Banyuwangi\", \"parent_phone\": \"\"}',16,NULL,'2026-04-17 15:22:46','2026-04-17 15:22:46'),(26,'{\"nis\": \"12643/209.4.2.1\", \"name\": \"Akmal Syafiq\", \"nisn\": \"0095551272\", \"phone\": \"\", \"gender\": \"L\", \"address\": \"Banterang Gg. samudra\", \"religion\": \"Islam\", \"birth_date\": \"2009-02-01\", \"birth_place\": \"Banyuwangi\", \"parent_phone\": \"\"}',16,NULL,'2026-04-17 15:22:46','2026-04-17 15:22:46'),(27,'{\"nis\": \"12644/210.4.2.1\", \"name\": \"ANANDA PUJI BRILLIAN\", \"nisn\": \"0093753559\", \"phone\": \"\", \"gender\": \"L\", \"address\": \"PERUMAHAN GRAHA INDAH KLATAK II B15\", \"religion\": \"Islam\", \"birth_date\": \"2009-06-07\", \"birth_place\": \"BANYUWANGI\", \"parent_phone\": \"\"}',16,NULL,'2026-04-17 15:22:46','2026-04-17 15:22:46'),(28,'{\"nis\": \"12646/212.4.2.1\", \"name\": \"Andika Pratama\", \"nisn\": \"0097994219\", \"phone\": \"\", \"gender\": \"L\", \"address\": \"DSN KARANGSARI\", \"religion\": \"Islam\", \"birth_date\": \"2009-01-26\", \"birth_place\": \"Banyuwangi\", \"parent_phone\": \"\"}',16,NULL,'2026-04-17 15:22:46','2026-04-17 15:22:46'),(29,'{\"nis\": \"12647/213.4.2.1\", \"name\": \"ARFEIS EMERALD ZASGI ARMADHA\", \"nisn\": \"0091066783\", \"phone\": \"\", \"gender\": \"L\", \"address\": \"JL. KOPRAL SANUSI 25\", \"religion\": \"Islam\", \"birth_date\": \"2009-09-15\", \"birth_place\": \"MALANG\", \"parent_phone\": \"\"}',16,NULL,'2026-04-17 15:22:46','2026-04-17 15:22:46'),(30,'{\"nis\": \"12648/214.4.2.1\", \"name\": \"ARJUNA DWI PUTRA WIBOWO\", \"nisn\": \"0088738496\", \"phone\": \"\", \"gender\": \"L\", \"address\": \"DUSUN JETHAK\", \"religion\": \"Islam\", \"birth_date\": \"2008-07-21\", \"birth_place\": \"TRENGGALEK\", \"parent_phone\": \"\"}',16,NULL,'2026-04-17 15:22:46','2026-04-17 15:22:46'),(31,'{\"nis\": \"12650/216.4.2.1\", \"name\": \"AYU NURHALIZA\", \"nisn\": \"0089063004\", \"phone\": \"\", \"gender\": \"P\", \"address\": \"DUSUN KEBUNREJO\", \"religion\": \"Islam\", \"birth_date\": \"2008-11-06\", \"birth_place\": \"BANYUWANGI\", \"parent_phone\": \"\"}',16,NULL,'2026-04-17 15:22:46','2026-04-17 15:22:46'),(32,'{\"nis\": \"12651/217.4.2.1\", \"name\": \"Cahya Fawzia Azalia\", \"nisn\": \"0092701885\", \"phone\": \"\", \"gender\": \"P\", \"address\": \"puri krakatau hijau BLOK E4 NO. 37\", \"religion\": \"Islam\", \"birth_date\": \"2009-01-04\", \"birth_place\": \"Cilegon\", \"parent_phone\": \"\"}',16,NULL,'2026-04-17 15:22:46','2026-04-17 15:22:46'),(33,'{\"nis\": \"12652/218.4.2.1\", \"name\": \"CHIKA CAHYA PUTRI\", \"nisn\": \"0097646098\", \"phone\": \"\", \"gender\": \"P\", \"address\": \"JL. SD 19 GG. KARTIKA, KAYUMAS KLOD\", \"religion\": \"Islam\", \"birth_date\": \"2009-07-16\", \"birth_place\": \"BANYUWANGI\", \"parent_phone\": \"\"}',16,NULL,'2026-04-17 15:22:46','2026-04-17 15:22:46'),(34,'{\"nis\": \"12653/219.4.2.1\", \"name\": \"DENIS RIZKI RAMADAN\", \"nisn\": \"0089018633\", \"phone\": \"\", \"gender\": \"L\", \"address\": \"JL. ARGOPURO LINGK. SUKOWIDI\", \"religion\": \"Islam\", \"birth_date\": \"2008-08-27\", \"birth_place\": \"Sukoharjo\", \"parent_phone\": \"\"}',16,NULL,'2026-04-17 15:22:46','2026-04-17 15:22:46'),(35,'{\"nis\": \"12654/220.4.2.1\", \"name\": \"DIAN ARIL KURNIAWAN\", \"nisn\": \"0097142440\", \"phone\": \"\", \"gender\": \"L\", \"address\": \"LINGK. KAMPUNG BARU\", \"religion\": \"Islam\", \"birth_date\": \"2009-05-19\", \"birth_place\": \"BANYUWANGI\", \"parent_phone\": \"\"}',16,NULL,'2026-04-17 15:22:46','2026-04-17 15:22:46'),(36,'{\"nis\": \"12655/221.4.2.1\", \"name\": \"Dinda Naura Salsabila\", \"nisn\": \"0086191081\", \"phone\": \"\", \"gender\": \"P\", \"address\": \"Bhre Wirabumi No 13\", \"religion\": \"Islam\", \"birth_date\": \"2008-04-13\", \"birth_place\": \"Banyuwangi\", \"parent_phone\": \"\"}',16,NULL,'2026-04-17 15:22:46','2026-04-17 15:22:46'),(37,'{\"nis\": \"12656/222.4.2.1\", \"name\": \"DUWI SARONI\", \"nisn\": \"0099515520\", \"phone\": \"\", \"gender\": \"L\", \"address\": \"LINGK. SECANG MANGIR\", \"religion\": \"Islam\", \"birth_date\": \"2009-03-17\", \"birth_place\": \"BANYUWANGI\", \"parent_phone\": \"\"}',16,NULL,'2026-04-17 15:22:46','2026-04-17 15:22:46'),(38,'{\"nis\": \"12658/224.4.2.1\", \"name\": \"FAHRIZA S. BAKTIR\", \"nisn\": \"0083242524\", \"phone\": \"\", \"gender\": \"L\", \"address\": \"JL. MH. THAMRIN 276\", \"religion\": \"Islam\", \"birth_date\": \"2008-09-09\", \"birth_place\": \"BANYUWANGI\", \"parent_phone\": \"\"}',16,NULL,'2026-04-17 15:22:46','2026-04-17 15:22:46'),(39,'{\"nis\": \"12659/225.4.2.1\", \"name\": \"GALEH JALU SAMUDRA\", \"nisn\": \"0096425450\", \"phone\": \"\", \"gender\": \"L\", \"address\": \"DUSUN KRAJAN\", \"religion\": \"Islam\", \"birth_date\": \"2009-04-26\", \"birth_place\": \"BANYUWANGI\", \"parent_phone\": \"\"}',16,NULL,'2026-04-17 15:22:46','2026-04-17 15:22:46'),(40,'{\"nis\": \"12662/228.4.2.1\", \"name\": \"Ibrahim\", \"nisn\": \"0072924553\", \"phone\": \"\", \"gender\": \"L\", \"address\": \"JL. BANGKA\", \"religion\": \"Islam\", \"birth_date\": \"2007-10-24\", \"birth_place\": \"SITUBONDO\", \"parent_phone\": \"\"}',16,NULL,'2026-04-17 15:22:46','2026-04-17 15:22:46'),(41,'{\"nis\": \"12663/229.4.2.1\", \"name\": \"Iqbal Maulana Nuril wafa\", \"nisn\": \"0094366240\", \"phone\": \"\", \"gender\": \"L\", \"address\": \"Grogol\", \"religion\": \"Islam\", \"birth_date\": \"2009-02-08\", \"birth_place\": \"Banyuwangi\", \"parent_phone\": \"\"}',16,NULL,'2026-04-17 15:22:46','2026-04-17 15:22:46'),(42,'{\"nis\": \"12664/230.4.2.1\", \"name\": \"Iqbal Yoga Pratama\", \"nisn\": \"0093094395\", \"phone\": \"\", \"gender\": \"L\", \"address\": \"Panggang\", \"religion\": \"Islam\", \"birth_date\": \"2009-03-15\", \"birth_place\": \"Banyuwangi\", \"parent_phone\": \"\"}',16,NULL,'2026-04-17 15:22:46','2026-04-17 15:22:46'),(43,'{\"nis\": \"12665/231.4.2.1\", \"name\": \"Irfan Rizki Maulana\", \"nisn\": \"0083090568\", \"phone\": \"\", \"gender\": \"L\", \"address\": \"LINGK. PAYAMAN\", \"religion\": \"Islam\", \"birth_date\": \"2008-03-24\", \"birth_place\": \"Banyuwangi\", \"parent_phone\": \"\"}',16,NULL,'2026-04-17 15:22:46','2026-04-17 15:22:46'),(44,'{\"nis\": \"12666/232.4.2.1\", \"name\": \"LESTARI AGUSTIN\", \"nisn\": \"3076404229\", \"phone\": \"\", \"gender\": \"P\", \"address\": \"DUSUN KRAJAN\", \"religion\": \"Islam\", \"birth_date\": \"2007-08-24\", \"birth_place\": \"BANYUWANGI\", \"parent_phone\": \"\"}',16,NULL,'2026-04-17 15:22:46','2026-04-17 15:22:46'),(45,'{\"nis\": \"12667/233.4.2.1\", \"name\": \"LUKMAN HAKIM\", \"nisn\": \"0071299345\", \"phone\": \"\", \"gender\": \"L\", \"address\": \"LINGK. SECANG\", \"religion\": \"Islam\", \"birth_date\": \"2007-03-11\", \"birth_place\": \"Banyuwangi\", \"parent_phone\": \"\"}',16,NULL,'2026-04-17 15:22:46','2026-04-17 15:22:46'),(46,'{\"nis\": \"12668/234.4.2.1\", \"name\": \"MARCEL LOROHMAN\", \"nisn\": \"0087035842\", \"phone\": \"\", \"gender\": \"L\", \"address\": \"Rembang\", \"religion\": \"Islam\", \"birth_date\": \"2008-10-31\", \"birth_place\": \"Banyuwangi\", \"parent_phone\": \"\"}',16,NULL,'2026-04-17 15:22:46','2026-04-17 15:22:46'),(47,'{\"nis\": \"12669/235.4.2.1\", \"name\": \"Mario\", \"nisn\": \"0089837142\", \"phone\": \"\", \"gender\": \"L\", \"address\": \"DUSUN PANGGANG\", \"religion\": \"Islam\", \"birth_date\": \"2008-03-29\", \"birth_place\": \"Banyuwangi\", \"parent_phone\": \"\"}',16,NULL,'2026-04-17 15:22:46','2026-04-17 15:22:46'),(48,'{\"nis\": \"12670/236.4.2.1\", \"name\": \"MAULIDANA ALFIANSYAH\", \"nisn\": \"0087926553\", \"phone\": \"\", \"gender\": \"L\", \"address\": \"JL. BROMO NO. 61\", \"religion\": \"Islam\", \"birth_date\": \"2008-04-09\", \"birth_place\": \"BANYUWANGI\", \"parent_phone\": \"\"}',16,NULL,'2026-04-17 15:22:46','2026-04-17 15:22:46'),(49,'{\"nis\": \"12671/237.4.2.1\", \"name\": \"MAULIYA\", \"nisn\": \"0072761390\", \"phone\": \"\", \"gender\": \"P\", \"address\": \"Kertosari\", \"religion\": \"Islam\", \"birth_date\": \"2007-03-01\", \"birth_place\": \"Banyuwangi\", \"parent_phone\": \"\"}',16,NULL,'2026-04-17 15:22:46','2026-04-17 15:22:46'),(50,'{\"nis\": \"12640\", \"name\": \"ADITYA YUDISTIRA PRATAMA\", \"nisn\": \"3087914982\", \"phone\": \"\", \"gender\": \"L\", \"address\": \"LINGK. KAMPUNG BARU\", \"religion\": \"Islam\", \"birth_date\": \"2008-12-03\", \"birth_place\": \"BANYUWANGI\", \"parent_phone\": \"\"}',17,NULL,'2026-04-17 15:27:18','2026-04-17 15:27:18'),(51,'{\"nis\": \"12641\", \"name\": \"AHMAD MAULANA EFFENDI\", \"nisn\": \"0094269781\", \"phone\": \"\", \"gender\": \"L\", \"address\": \"LINGK. KRAJAN\", \"religion\": \"Islam\", \"birth_date\": \"2009-02-18\", \"birth_place\": \"Banyuwangi\", \"parent_phone\": \"\"}',17,NULL,'2026-04-17 15:27:18','2026-04-17 15:27:18'),(52,'{\"nis\": \"12642\", \"name\": \"AHMAD NURUL YAQIN\", \"nisn\": \"0087303030\", \"phone\": \"\", \"gender\": \"L\", \"address\": \"DSN REMBANG\", \"religion\": \"Islam\", \"birth_date\": \"2008-11-27\", \"birth_place\": \"Banyuwangi\", \"parent_phone\": \"\"}',17,NULL,'2026-04-17 15:27:18','2026-04-17 15:27:18'),(53,'{\"nis\": \"12643\", \"name\": \"Akmal Syafiq\", \"nisn\": \"0095551272\", \"phone\": \"\", \"gender\": \"L\", \"address\": \"Banterang Gg. samudra\", \"religion\": \"Islam\", \"birth_date\": \"2009-02-01\", \"birth_place\": \"Banyuwangi\", \"parent_phone\": \"\"}',17,NULL,'2026-04-17 15:27:18','2026-04-17 15:27:18'),(54,'{\"nis\": \"12644\", \"name\": \"ANANDA PUJI BRILLIAN\", \"nisn\": \"0093753559\", \"phone\": \"\", \"gender\": \"L\", \"address\": \"PERUMAHAN GRAHA INDAH KLATAK II B15\", \"religion\": \"Islam\", \"birth_date\": \"2009-06-07\", \"birth_place\": \"BANYUWANGI\", \"parent_phone\": \"\"}',17,NULL,'2026-04-17 15:27:18','2026-04-17 15:27:18'),(55,'{\"nis\": \"12646\", \"name\": \"Andika Pratama\", \"nisn\": \"0097994219\", \"phone\": \"\", \"gender\": \"L\", \"address\": \"DSN KARANGSARI\", \"religion\": \"Islam\", \"birth_date\": \"2009-01-26\", \"birth_place\": \"Banyuwangi\", \"parent_phone\": \"\"}',17,NULL,'2026-04-17 15:27:18','2026-04-17 15:27:18'),(56,'{\"nis\": \"12647\", \"name\": \"ARFEIS EMERALD ZASGI ARMADHA\", \"nisn\": \"0091066783\", \"phone\": \"\", \"gender\": \"L\", \"address\": \"JL. KOPRAL SANUSI 25\", \"religion\": \"Islam\", \"birth_date\": \"2009-09-15\", \"birth_place\": \"MALANG\", \"parent_phone\": \"\"}',17,NULL,'2026-04-17 15:27:18','2026-04-17 15:27:18'),(57,'{\"nis\": \"12648\", \"name\": \"ARJUNA DWI PUTRA WIBOWO\", \"nisn\": \"0088738496\", \"phone\": \"\", \"gender\": \"L\", \"address\": \"DUSUN JETHAK\", \"religion\": \"Islam\", \"birth_date\": \"2008-07-21\", \"birth_place\": \"TRENGGALEK\", \"parent_phone\": \"\"}',17,NULL,'2026-04-17 15:27:18','2026-04-17 15:27:18'),(58,'{\"nis\": \"12650\", \"name\": \"AYU NURHALIZA\", \"nisn\": \"0089063004\", \"phone\": \"\", \"gender\": \"P\", \"address\": \"DUSUN KEBUNREJO\", \"religion\": \"Islam\", \"birth_date\": \"2008-11-06\", \"birth_place\": \"BANYUWANGI\", \"parent_phone\": \"\"}',17,NULL,'2026-04-17 15:27:18','2026-04-17 15:27:18'),(59,'{\"nis\": \"12651\", \"name\": \"Cahya Fawzia Azalia\", \"nisn\": \"0092701885\", \"phone\": \"\", \"gender\": \"P\", \"address\": \"puri krakatau hijau BLOK E4 NO. 37\", \"religion\": \"Islam\", \"birth_date\": \"2009-01-04\", \"birth_place\": \"Cilegon\", \"parent_phone\": \"\"}',17,NULL,'2026-04-17 15:27:18','2026-04-17 15:27:18'),(60,'{\"nis\": \"12652\", \"name\": \"CHIKA CAHYA PUTRI\", \"nisn\": \"0097646098\", \"phone\": \"\", \"gender\": \"P\", \"address\": \"JL. SD 19 GG. KARTIKA, KAYUMAS KLOD\", \"religion\": \"Islam\", \"birth_date\": \"2009-07-16\", \"birth_place\": \"BANYUWANGI\", \"parent_phone\": \"\"}',17,NULL,'2026-04-17 15:27:18','2026-04-17 15:27:18'),(61,'{\"nis\": \"12653\", \"name\": \"DENIS RIZKI RAMADAN\", \"nisn\": \"0089018633\", \"phone\": \"\", \"gender\": \"L\", \"address\": \"JL. ARGOPURO LINGK. SUKOWIDI\", \"religion\": \"Islam\", \"birth_date\": \"2008-08-27\", \"birth_place\": \"Sukoharjo\", \"parent_phone\": \"\"}',17,NULL,'2026-04-17 15:27:18','2026-04-17 15:27:18'),(62,'{\"nis\": \"12654\", \"name\": \"DIAN ARIL KURNIAWAN\", \"nisn\": \"0097142440\", \"phone\": \"\", \"gender\": \"L\", \"address\": \"LINGK. KAMPUNG BARU\", \"religion\": \"Islam\", \"birth_date\": \"2009-05-19\", \"birth_place\": \"BANYUWANGI\", \"parent_phone\": \"\"}',17,NULL,'2026-04-17 15:27:18','2026-04-17 15:27:18'),(63,'{\"nis\": \"12655\", \"name\": \"Dinda Naura Salsabila\", \"nisn\": \"0086191081\", \"phone\": \"\", \"gender\": \"P\", \"address\": \"Bhre Wirabumi No 13\", \"religion\": \"Islam\", \"birth_date\": \"2008-04-13\", \"birth_place\": \"Banyuwangi\", \"parent_phone\": \"\"}',17,NULL,'2026-04-17 15:27:18','2026-04-17 15:27:18'),(64,'{\"nis\": \"12656\", \"name\": \"DUWI SARONI\", \"nisn\": \"0099515520\", \"phone\": \"\", \"gender\": \"L\", \"address\": \"LINGK. SECANG MANGIR\", \"religion\": \"Islam\", \"birth_date\": \"2009-03-17\", \"birth_place\": \"BANYUWANGI\", \"parent_phone\": \"\"}',17,NULL,'2026-04-17 15:27:18','2026-04-17 15:27:18'),(65,'{\"nis\": \"12658\", \"name\": \"FAHRIZA S. BAKTIR\", \"nisn\": \"0083242524\", \"phone\": \"\", \"gender\": \"L\", \"address\": \"JL. MH. THAMRIN 276\", \"religion\": \"Islam\", \"birth_date\": \"2008-09-09\", \"birth_place\": \"BANYUWANGI\", \"parent_phone\": \"\"}',17,NULL,'2026-04-17 15:27:18','2026-04-17 15:27:18'),(66,'{\"nis\": \"12659\", \"name\": \"GALEH JALU SAMUDRA\", \"nisn\": \"0096425450\", \"phone\": \"\", \"gender\": \"L\", \"address\": \"DUSUN KRAJAN\", \"religion\": \"Islam\", \"birth_date\": \"2009-04-26\", \"birth_place\": \"BANYUWANGI\", \"parent_phone\": \"\"}',17,NULL,'2026-04-17 15:27:18','2026-04-17 15:27:18'),(67,'{\"nis\": \"12662\", \"name\": \"Ibrahim\", \"nisn\": \"0072924553\", \"phone\": \"\", \"gender\": \"L\", \"address\": \"JL. BANGKA\", \"religion\": \"Islam\", \"birth_date\": \"2007-10-24\", \"birth_place\": \"SITUBONDO\", \"parent_phone\": \"\"}',17,NULL,'2026-04-17 15:27:18','2026-04-17 15:27:18'),(68,'{\"nis\": \"12663\", \"name\": \"Iqbal Maulana Nuril wafa\", \"nisn\": \"0094366240\", \"phone\": \"\", \"gender\": \"L\", \"address\": \"Grogol\", \"religion\": \"Islam\", \"birth_date\": \"2009-02-08\", \"birth_place\": \"Banyuwangi\", \"parent_phone\": \"\"}',17,NULL,'2026-04-17 15:27:18','2026-04-17 15:27:18'),(69,'{\"nis\": \"12664\", \"name\": \"Iqbal Yoga Pratama\", \"nisn\": \"0093094395\", \"phone\": \"\", \"gender\": \"L\", \"address\": \"Panggang\", \"religion\": \"Islam\", \"birth_date\": \"2009-03-15\", \"birth_place\": \"Banyuwangi\", \"parent_phone\": \"\"}',17,NULL,'2026-04-17 15:27:18','2026-04-17 15:27:18'),(70,'{\"nis\": \"12665\", \"name\": \"Irfan Rizki Maulana\", \"nisn\": \"0083090568\", \"phone\": \"\", \"gender\": \"L\", \"address\": \"LINGK. PAYAMAN\", \"religion\": \"Islam\", \"birth_date\": \"2008-03-24\", \"birth_place\": \"Banyuwangi\", \"parent_phone\": \"\"}',17,NULL,'2026-04-17 15:27:18','2026-04-17 15:27:18'),(71,'{\"nis\": \"12666\", \"name\": \"LESTARI AGUSTIN\", \"nisn\": \"3076404229\", \"phone\": \"\", \"gender\": \"P\", \"address\": \"DUSUN KRAJAN\", \"religion\": \"Islam\", \"birth_date\": \"2007-08-24\", \"birth_place\": \"BANYUWANGI\", \"parent_phone\": \"\"}',17,NULL,'2026-04-17 15:27:18','2026-04-17 15:27:18'),(72,'{\"nis\": \"12667\", \"name\": \"LUKMAN HAKIM\", \"nisn\": \"0071299345\", \"phone\": \"\", \"gender\": \"L\", \"address\": \"LINGK. SECANG\", \"religion\": \"Islam\", \"birth_date\": \"2007-03-11\", \"birth_place\": \"Banyuwangi\", \"parent_phone\": \"\"}',17,NULL,'2026-04-17 15:27:18','2026-04-17 15:27:18'),(73,'{\"nis\": \"12668\", \"name\": \"MARCEL LOROHMAN\", \"nisn\": \"0087035842\", \"phone\": \"\", \"gender\": \"L\", \"address\": \"Rembang\", \"religion\": \"Islam\", \"birth_date\": \"2008-10-31\", \"birth_place\": \"Banyuwangi\", \"parent_phone\": \"\"}',17,NULL,'2026-04-17 15:27:18','2026-04-17 15:27:18'),(74,'{\"nis\": \"12669\", \"name\": \"Mario\", \"nisn\": \"0089837142\", \"phone\": \"\", \"gender\": \"L\", \"address\": \"DUSUN PANGGANG\", \"religion\": \"Islam\", \"birth_date\": \"2008-03-29\", \"birth_place\": \"Banyuwangi\", \"parent_phone\": \"\"}',17,NULL,'2026-04-17 15:27:18','2026-04-17 15:27:18'),(75,'{\"nis\": \"12670\", \"name\": \"MAULIDANA ALFIANSYAH\", \"nisn\": \"0087926553\", \"phone\": \"\", \"gender\": \"L\", \"address\": \"JL. BROMO NO. 61\", \"religion\": \"Islam\", \"birth_date\": \"2008-04-09\", \"birth_place\": \"BANYUWANGI\", \"parent_phone\": \"\"}',17,NULL,'2026-04-17 15:27:18','2026-04-17 15:27:18'),(76,'{\"nis\": \"12671\", \"name\": \"MAULIYA\", \"nisn\": \"0072761390\", \"phone\": \"\", \"gender\": \"P\", \"address\": \"Kertosari\", \"religion\": \"Islam\", \"birth_date\": \"2007-03-01\", \"birth_place\": \"Banyuwangi\", \"parent_phone\": \"\"}',17,NULL,'2026-04-17 15:27:18','2026-04-17 15:27:18');
/*!40000 ALTER TABLE `failed_import_rows` ENABLE KEYS */;
UNLOCK TABLES;

--
-- Table structure for table `failed_jobs`
--

DROP TABLE IF EXISTS `failed_jobs`;
/*!40101 SET @saved_cs_client     = @@character_set_client */;
/*!50503 SET character_set_client = utf8mb4 */;
CREATE TABLE `failed_jobs` (
  `id` bigint unsigned NOT NULL AUTO_INCREMENT,
  `uuid` varchar(255) CHARACTER SET utf8mb4 COLLATE utf8mb4_unicode_ci NOT NULL,
  `connection` text CHARACTER SET utf8mb4 COLLATE utf8mb4_unicode_ci NOT NULL,
  `queue` text CHARACTER SET utf8mb4 COLLATE utf8mb4_unicode_ci NOT NULL,
  `payload` longtext CHARACTER SET utf8mb4 COLLATE utf8mb4_unicode_ci NOT NULL,
  `exception` longtext CHARACTER SET utf8mb4 COLLATE utf8mb4_unicode_ci NOT NULL,
  `failed_at` timestamp NOT NULL DEFAULT CURRENT_TIMESTAMP,
  PRIMARY KEY (`id`),
  UNIQUE KEY `failed_jobs_uuid_unique` (`uuid`)
) ENGINE=InnoDB DEFAULT CHARSET=utf8mb4 COLLATE=utf8mb4_unicode_ci;
/*!40101 SET character_set_client = @saved_cs_client */;

--
-- Dumping data for table `failed_jobs`
--

LOCK TABLES `failed_jobs` WRITE;
/*!40000 ALTER TABLE `failed_jobs` DISABLE KEYS */;
/*!40000 ALTER TABLE `failed_jobs` ENABLE KEYS */;
UNLOCK TABLES;

--
-- Table structure for table `imports`
--

DROP TABLE IF EXISTS `imports`;
/*!40101 SET @saved_cs_client     = @@character_set_client */;
/*!50503 SET character_set_client = utf8mb4 */;
CREATE TABLE `imports` (
  `id` bigint unsigned NOT NULL AUTO_INCREMENT,
  `completed_at` timestamp NULL DEFAULT NULL,
  `file_name` varchar(255) CHARACTER SET utf8mb4 COLLATE utf8mb4_unicode_ci NOT NULL,
  `file_path` varchar(255) CHARACTER SET utf8mb4 COLLATE utf8mb4_unicode_ci NOT NULL,
  `importer` varchar(255) CHARACTER SET utf8mb4 COLLATE utf8mb4_unicode_ci NOT NULL,
  `processed_rows` int unsigned NOT NULL DEFAULT '0',
  `total_rows` int unsigned NOT NULL,
  `successful_rows` int unsigned NOT NULL DEFAULT '0',
  `user_id` bigint unsigned NOT NULL,
  `created_at` timestamp NULL DEFAULT NULL,
  `updated_at` timestamp NULL DEFAULT NULL,
  PRIMARY KEY (`id`),
  KEY `imports_user_id_foreign` (`user_id`),
  CONSTRAINT `imports_user_id_foreign` FOREIGN KEY (`user_id`) REFERENCES `users` (`id`) ON DELETE CASCADE
) ENGINE=InnoDB AUTO_INCREMENT=22 DEFAULT CHARSET=utf8mb4 COLLATE=utf8mb4_unicode_ci;
/*!40101 SET character_set_client = @saved_cs_client */;

--
-- Dumping data for table `imports`
--

LOCK TABLES `imports` WRITE;
/*!40000 ALTER TABLE `imports` DISABLE KEYS */;
INSERT INTO `imports` VALUES (1,'2026-04-16 15:23:17','contoh-dudika-importer.csv','D:\\Herd\\grisapkl\\storage\\app/private\\livewire-tmp/w8Er3ok075fMQJlIH37KDWG8wANByO9Y6WCJ4b9f.csv','App\\Filament\\Imports\\DudikaImporter',20,20,9,1,'2026-04-16 15:22:46','2026-04-16 15:23:17'),(2,'2026-04-16 15:33:55','contoh-dudika-importer.csv','D:\\Herd\\grisapkl\\storage\\app/private\\livewire-tmp/EW4Bhd5CmnIsmLApbfgJliV0olhqdZcXvZGgRhWE.csv','App\\Filament\\Imports\\DudikaImporter',20,20,9,1,'2026-04-16 15:33:51','2026-04-16 15:33:55'),(3,'2026-04-16 15:38:35','contoh-dudika-importer.csv','D:\\Herd\\grisapkl\\storage\\app/private\\livewire-tmp/2sxeAbJM7TvZ6iAq5nNtxBN1gKd6f6yPzQffYK8D.csv','App\\Filament\\Imports\\DudikaImporter',20,20,20,1,'2026-04-16 15:38:32','2026-04-16 15:38:35'),(4,'2026-04-16 15:40:12','contoh-dudika-importer.csv','D:\\Herd\\grisapkl\\storage\\app/private\\livewire-tmp/YJBNsvFd2Vf46hHj37kdi6SjC0vboxWBPRFswMPP.csv','App\\Filament\\Imports\\DudikaImporter',20,20,20,1,'2026-04-16 15:40:09','2026-04-16 15:40:12'),(5,'2026-04-16 17:01:16','contoh-dudika-importer.csv','D:\\Herd\\grisapkl\\storage\\app/private\\livewire-tmp/h5Sk1nb4qQSkXqp3XsC8NJVLEYWxsKVoHSC2RLaH.csv','App\\Filament\\Imports\\DudikaImporter',20,20,20,1,'2026-04-16 17:01:12','2026-04-16 17:01:16'),(6,'2026-04-16 17:03:48','contoh-dudika-importer.csv','D:\\Herd\\grisapkl\\storage\\app/private\\livewire-tmp/DATvWP3Vmp1acVO17sHaOA6L91vAHeixq97IrhbK.csv','App\\Filament\\Imports\\DudikaImporter',20,20,20,1,'2026-04-16 17:03:42','2026-04-16 17:03:48'),(7,'2026-04-16 17:12:49','contoh-dudika-importer.csv','D:\\Herd\\grisapkl\\storage\\app/private\\livewire-tmp/d2rUbtReC3jMWIp1RfCS8dF8OQLXh6HDxIp5vRzz.csv','App\\Filament\\Imports\\DudikaImporter',20,20,20,1,'2026-04-16 17:12:43','2026-04-16 17:12:49'),(8,'2026-04-16 17:13:32','contoh-dudika-importer.csv','D:\\Herd\\grisapkl\\storage\\app/private\\livewire-tmp/2MAuKVKu4oiwIKW4S2AlPfE6gjUmjrbRcWWrVtXj.csv','App\\Filament\\Imports\\DudikaImporter',20,20,20,1,'2026-04-16 17:13:25','2026-04-16 17:13:32'),(9,'2026-04-16 17:15:24','contoh-dudika-importer.csv','D:\\Herd\\grisapkl\\storage\\app/private\\livewire-tmp/6j3uNTGUI9J2J7gKgMZJgrQh8lsCikmvwKltBtAe.csv','App\\Filament\\Imports\\DudikaImporter',20,20,20,1,'2026-04-16 17:15:18','2026-04-16 17:15:24'),(10,'2026-04-17 07:00:11','contoh-dudika-importer.csv','D:\\Herd\\grisapkl\\storage\\app/private\\livewire-tmp/BlcQSQutUQcwnP5SkLLTI8P6NUPJVt3Oprsfpfnn.csv','App\\Filament\\Imports\\DudikaImporter',20,20,20,1,'2026-04-17 06:59:25','2026-04-17 07:00:11'),(11,'2026-04-17 07:43:23','contoh-teacher-importer.csv','D:\\Herd\\grisapkl\\storage\\app/private\\livewire-tmp/roNhqvWPRGWqbLHR6mgbJHQ8axR8q1DHUNwwrZ06.csv','App\\Filament\\Imports\\TeacherImporter',4,4,4,1,'2026-04-17 07:43:21','2026-04-17 07:43:23'),(12,'2026-04-17 08:30:10','contoh-teacher-importer.csv','D:\\Herd\\grisapkl\\storage\\app/private\\livewire-tmp/15FnoyrDsWA79NVCKKzuPIToU083hYQJIH1Z8Fp8.csv','App\\Filament\\Imports\\TeacherImporter',4,4,4,1,'2026-04-17 08:30:06','2026-04-17 08:30:10'),(13,'2026-04-17 09:54:01','contoh-teacher-importer.csv','D:\\Herd\\grisapkl\\storage\\app/private\\livewire-tmp/NUFv09CGPhty9AyKkTx07HklHRoQqXrES7d14y2a.csv','App\\Filament\\Imports\\TeacherImporter',4,4,4,1,'2026-04-17 09:53:59','2026-04-17 09:54:01'),(14,'2026-04-17 10:43:09','contoh-teacher-importer.csv','D:\\Herd\\grisapkl\\storage\\app/private\\livewire-tmp/Kqp9zUZiWntGE3JvFiiSG5RZTzNcNPHI50ya0dUD.csv','App\\Filament\\Imports\\TeacherImporter',4,4,4,1,'2026-04-17 10:43:06','2026-04-17 10:43:09'),(15,'2026-04-17 14:19:34','contoh-teacher-importer.csv','D:\\Herd\\grisapkl\\storage\\app/private\\livewire-tmp/0gfmxQEEmXYSpjfyqVdRXcs818t7hozLc5y64zqu.csv','App\\Filament\\Imports\\TeacherImporter',23,23,23,1,'2026-04-17 14:19:16','2026-04-17 14:19:34'),(16,'2026-04-17 15:22:46','contoh-student-importer.csv','D:\\Herd\\grisapkl\\storage\\app/private\\livewire-tmp/lZbaGvwJ4JWQUYJH99HQOC8W8StWrRN7KDy1Qeh3.csv','App\\Filament\\Imports\\StudentImporter',27,27,0,1,'2026-04-17 15:22:45','2026-04-17 15:22:46'),(17,'2026-04-17 15:27:18','contoh-student-importer.csv','D:\\Herd\\grisapkl\\storage\\app/private\\livewire-tmp/nMqXds1nOmi4aYPGdAdsl3QDvApvC2sr1CbJLXLI.csv','App\\Filament\\Imports\\StudentImporter',27,27,0,1,'2026-04-17 15:27:17','2026-04-17 15:27:18'),(18,'2026-04-17 15:31:32','contoh-student-importer.csv','D:\\Herd\\grisapkl\\storage\\app/private\\livewire-tmp/3JRTSJGBHteyt5JfLB7loDEKjnUyOcFTZVhNuCif.csv','App\\Filament\\Imports\\StudentImporter',27,27,27,1,'2026-04-17 15:31:19','2026-04-17 15:31:32'),(19,'2026-04-18 09:06:48','contoh-student-importer.csv','D:\\Herd\\grisapkl\\storage\\app/private\\livewire-tmp/ZQEk7tLsn4V4KOudu9klRj7Tt9OQT1VMARgWmMES.csv','App\\Filament\\Imports\\StudentImporter',32,32,32,1,'2026-04-18 09:06:38','2026-04-18 09:06:48'),(20,'2026-04-18 15:05:11','contoh-dudika-importer.csv','D:\\Herd\\grisapkl\\storage\\app/private\\livewire-tmp/yqq3VOEBahF2U3clG9Am2ygHVmtF5vgj59BoKmIf.csv','App\\Filament\\Imports\\DudikaImporter',2,2,2,1,'2026-04-18 15:05:08','2026-04-18 15:05:11'),(21,'2026-04-27 12:41:52','contoh-student-importer-PH.csv','D:\\Herd\\grisapkl\\storage\\app/private\\livewire-tmp/48sP0MOaqnYg3fYMIv3sCJXW81slXN0Yt0k9egzj.csv','App\\Filament\\Imports\\StudentImporter',20,20,20,1,'2026-04-27 12:41:42','2026-04-27 12:41:52');
/*!40000 ALTER TABLE `imports` ENABLE KEYS */;
UNLOCK TABLES;

--
-- Table structure for table `job_batches`
--

DROP TABLE IF EXISTS `job_batches`;
/*!40101 SET @saved_cs_client     = @@character_set_client */;
/*!50503 SET character_set_client = utf8mb4 */;
CREATE TABLE `job_batches` (
  `id` varchar(255) CHARACTER SET utf8mb4 COLLATE utf8mb4_unicode_ci NOT NULL,
  `name` varchar(255) CHARACTER SET utf8mb4 COLLATE utf8mb4_unicode_ci NOT NULL,
  `total_jobs` int NOT NULL,
  `pending_jobs` int NOT NULL,
  `failed_jobs` int NOT NULL,
  `failed_job_ids` longtext CHARACTER SET utf8mb4 COLLATE utf8mb4_unicode_ci NOT NULL,
  `options` mediumtext CHARACTER SET utf8mb4 COLLATE utf8mb4_unicode_ci,
  `cancelled_at` int DEFAULT NULL,
  `created_at` int NOT NULL,
  `finished_at` int DEFAULT NULL,
  PRIMARY KEY (`id`)
) ENGINE=InnoDB DEFAULT CHARSET=utf8mb4 COLLATE=utf8mb4_unicode_ci;
/*!40101 SET character_set_client = @saved_cs_client */;

--
-- Dumping data for table `job_batches`
--

LOCK TABLES `job_batches` WRITE;
/*!40000 ALTER TABLE `job_batches` DISABLE KEYS */;
INSERT INTO `job_batches` VALUES ('a18ef0c1-5042-4e56-8469-2d0e1feec9fd','',1,0,0,'[]','a:2:{s:13:\"allowFailures\";b:1;s:7:\"finally\";a:1:{i:0;O:47:\"Laravel\\SerializableClosure\\SerializableClosure\":1:{s:12:\"serializable\";O:46:\"Laravel\\SerializableClosure\\Serializers\\Signed\":2:{s:12:\"serializable\";s:3807:\"O:46:\"Laravel\\SerializableClosure\\Serializers\\Native\":5:{s:3:\"use\";a:5:{s:9:\"authGuard\";s:3:\"web\";s:9:\"columnMap\";a:7:{s:4:\"name\";s:4:\"name\";s:7:\"address\";s:7:\"address\";s:9:\"head_name\";s:9:\"head_name\";s:8:\"head_nip\";s:8:\"head_nip\";s:15:\"supervisor_name\";s:15:\"supervisor_name\";s:14:\"supervisor_nip\";s:14:\"supervisor_nip\";s:16:\"supervisor_phone\";s:16:\"supervisor_phone\";}s:6:\"import\";O:45:\"Illuminate\\Contracts\\Database\\ModelIdentifier\":5:{s:5:\"class\";s:38:\"Filament\\Actions\\Imports\\Models\\Import\";s:2:\"id\";i:1;s:9:\"relations\";a:0:{}s:10:\"connection\";s:5:\"mysql\";s:15:\"collectionClass\";N;}s:13:\"jobConnection\";N;s:7:\"options\";a:0:{}}s:8:\"function\";s:3036:\"function () use ($authGuard, $columnMap, $import, $jobConnection, $options): void {\n                    $import->touch(\'completed_at\');\n\n                    event(new \\Filament\\Actions\\Imports\\Events\\ImportCompleted($import, $columnMap, $options));\n\n                    if (! $import->user instanceof \\Illuminate\\Contracts\\Auth\\Authenticatable) { /** @phpstan-ignore instanceof.alwaysTrue */\n                        return;\n                    }\n\n                    $failedRowsCount = $import->getFailedRowsCount();\n\n                    \\Filament\\Notifications\\Notification::make()\n                        ->title($import->importer::getCompletedNotificationTitle($import))\n                        ->body($import->importer::getCompletedNotificationBody($import))\n                        ->when(\n                            ! $failedRowsCount,\n                            fn (\\Filament\\Notifications\\Notification $notification) => $notification->success(),\n                        )\n                        ->when(\n                            $failedRowsCount && ($failedRowsCount < $import->total_rows),\n                            fn (\\Filament\\Notifications\\Notification $notification) => $notification->warning(),\n                        )\n                        ->when(\n                            $failedRowsCount === $import->total_rows,\n                            fn (\\Filament\\Notifications\\Notification $notification) => $notification->danger(),\n                        )\n                        ->when(\n                            $failedRowsCount,\n                            fn (\\Filament\\Notifications\\Notification $notification) => $notification->actions([\n                                \\Filament\\Actions\\Action::make(\'downloadFailedRowsCsv\')\n                                    ->label(trans_choice(\'filament-actions::import.notifications.completed.actions.download_failed_rows_csv.label\', $failedRowsCount, [\n                                        \'count\' => \\Illuminate\\Support\\Number::format($failedRowsCount),\n                                    ]))\n                                    ->color(\'danger\')\n                                    ->url(\\Illuminate\\Support\\Facades\\URL::signedRoute(\'filament.imports.failed-rows.download\', [\'authGuard\' => $authGuard, \'import\' => $import], absolute: false), shouldOpenInNewTab: true)\n                                    ->markAsRead(),\n                            ]),\n                        )\n                        ->when(\n                            ($jobConnection === \'sync\') ||\n                            (blank($jobConnection) && (config(\'queue.default\') === \'sync\')),\n                            fn (\\Filament\\Notifications\\Notification $notification) => $notification\n                                ->persistent()\n                                ->send(),\n                            fn (\\Filament\\Notifications\\Notification $notification) => $notification->sendToDatabase($import->user, isEventDispatched: true),\n                        );\n                }\";s:5:\"scope\";s:29:\"Filament\\Actions\\ImportAction\";s:4:\"this\";N;s:4:\"self\";s:32:\"0000000000000caa0000000000000000\";}\";s:4:\"hash\";s:44:\"gyZep6g85T7RRc7qc7C4B3akmpsbaQ67a4CwGQdfToY=\";}}}}',NULL,1776352966,1776352997),('a18ef4b8-31fb-4d24-82a3-6e9952534cb7','',1,0,0,'[]','a:2:{s:13:\"allowFailures\";b:1;s:7:\"finally\";a:1:{i:0;O:47:\"Laravel\\SerializableClosure\\SerializableClosure\":1:{s:12:\"serializable\";O:46:\"Laravel\\SerializableClosure\\Serializers\\Signed\":2:{s:12:\"serializable\";s:3807:\"O:46:\"Laravel\\SerializableClosure\\Serializers\\Native\":5:{s:3:\"use\";a:5:{s:9:\"authGuard\";s:3:\"web\";s:9:\"columnMap\";a:7:{s:4:\"name\";s:4:\"name\";s:7:\"address\";s:7:\"address\";s:9:\"head_name\";s:9:\"head_name\";s:8:\"head_nip\";s:8:\"head_nip\";s:15:\"supervisor_name\";s:15:\"supervisor_name\";s:14:\"supervisor_nip\";s:14:\"supervisor_nip\";s:16:\"supervisor_phone\";s:16:\"supervisor_phone\";}s:6:\"import\";O:45:\"Illuminate\\Contracts\\Database\\ModelIdentifier\":5:{s:5:\"class\";s:38:\"Filament\\Actions\\Imports\\Models\\Import\";s:2:\"id\";i:2;s:9:\"relations\";a:0:{}s:10:\"connection\";s:5:\"mysql\";s:15:\"collectionClass\";N;}s:13:\"jobConnection\";N;s:7:\"options\";a:0:{}}s:8:\"function\";s:3036:\"function () use ($authGuard, $columnMap, $import, $jobConnection, $options): void {\n                    $import->touch(\'completed_at\');\n\n                    event(new \\Filament\\Actions\\Imports\\Events\\ImportCompleted($import, $columnMap, $options));\n\n                    if (! $import->user instanceof \\Illuminate\\Contracts\\Auth\\Authenticatable) { /** @phpstan-ignore instanceof.alwaysTrue */\n                        return;\n                    }\n\n                    $failedRowsCount = $import->getFailedRowsCount();\n\n                    \\Filament\\Notifications\\Notification::make()\n                        ->title($import->importer::getCompletedNotificationTitle($import))\n                        ->body($import->importer::getCompletedNotificationBody($import))\n                        ->when(\n                            ! $failedRowsCount,\n                            fn (\\Filament\\Notifications\\Notification $notification) => $notification->success(),\n                        )\n                        ->when(\n                            $failedRowsCount && ($failedRowsCount < $import->total_rows),\n                            fn (\\Filament\\Notifications\\Notification $notification) => $notification->warning(),\n                        )\n                        ->when(\n                            $failedRowsCount === $import->total_rows,\n                            fn (\\Filament\\Notifications\\Notification $notification) => $notification->danger(),\n                        )\n                        ->when(\n                            $failedRowsCount,\n                            fn (\\Filament\\Notifications\\Notification $notification) => $notification->actions([\n                                \\Filament\\Actions\\Action::make(\'downloadFailedRowsCsv\')\n                                    ->label(trans_choice(\'filament-actions::import.notifications.completed.actions.download_failed_rows_csv.label\', $failedRowsCount, [\n                                        \'count\' => \\Illuminate\\Support\\Number::format($failedRowsCount),\n                                    ]))\n                                    ->color(\'danger\')\n                                    ->url(\\Illuminate\\Support\\Facades\\URL::signedRoute(\'filament.imports.failed-rows.download\', [\'authGuard\' => $authGuard, \'import\' => $import], absolute: false), shouldOpenInNewTab: true)\n                                    ->markAsRead(),\n                            ]),\n                        )\n                        ->when(\n                            ($jobConnection === \'sync\') ||\n                            (blank($jobConnection) && (config(\'queue.default\') === \'sync\')),\n                            fn (\\Filament\\Notifications\\Notification $notification) => $notification\n                                ->persistent()\n                                ->send(),\n                            fn (\\Filament\\Notifications\\Notification $notification) => $notification->sendToDatabase($import->user, isEventDispatched: true),\n                        );\n                }\";s:5:\"scope\";s:29:\"Filament\\Actions\\ImportAction\";s:4:\"this\";N;s:4:\"self\";s:32:\"0000000000000caa0000000000000000\";}\";s:4:\"hash\";s:44:\"u+q7wpZ0w2OF1fEBCvMKEdB9qr+adyNpHi3+Z1lfiQA=\";}}}}',NULL,1776353631,1776353635),('a18ef664-e0a4-40dc-bdd1-66a3b88e03eb','',1,0,0,'[]','a:2:{s:13:\"allowFailures\";b:1;s:7:\"finally\";a:1:{i:0;O:47:\"Laravel\\SerializableClosure\\SerializableClosure\":1:{s:12:\"serializable\";O:46:\"Laravel\\SerializableClosure\\Serializers\\Signed\":2:{s:12:\"serializable\";s:3807:\"O:46:\"Laravel\\SerializableClosure\\Serializers\\Native\":5:{s:3:\"use\";a:5:{s:9:\"authGuard\";s:3:\"web\";s:9:\"columnMap\";a:7:{s:4:\"name\";s:4:\"name\";s:7:\"address\";s:7:\"address\";s:9:\"head_name\";s:9:\"head_name\";s:8:\"head_nip\";s:8:\"head_nip\";s:15:\"supervisor_name\";s:15:\"supervisor_name\";s:14:\"supervisor_nip\";s:14:\"supervisor_nip\";s:16:\"supervisor_phone\";s:16:\"supervisor_phone\";}s:6:\"import\";O:45:\"Illuminate\\Contracts\\Database\\ModelIdentifier\":5:{s:5:\"class\";s:38:\"Filament\\Actions\\Imports\\Models\\Import\";s:2:\"id\";i:3;s:9:\"relations\";a:0:{}s:10:\"connection\";s:5:\"mysql\";s:15:\"collectionClass\";N;}s:13:\"jobConnection\";N;s:7:\"options\";a:0:{}}s:8:\"function\";s:3036:\"function () use ($authGuard, $columnMap, $import, $jobConnection, $options): void {\n                    $import->touch(\'completed_at\');\n\n                    event(new \\Filament\\Actions\\Imports\\Events\\ImportCompleted($import, $columnMap, $options));\n\n                    if (! $import->user instanceof \\Illuminate\\Contracts\\Auth\\Authenticatable) { /** @phpstan-ignore instanceof.alwaysTrue */\n                        return;\n                    }\n\n                    $failedRowsCount = $import->getFailedRowsCount();\n\n                    \\Filament\\Notifications\\Notification::make()\n                        ->title($import->importer::getCompletedNotificationTitle($import))\n                        ->body($import->importer::getCompletedNotificationBody($import))\n                        ->when(\n                            ! $failedRowsCount,\n                            fn (\\Filament\\Notifications\\Notification $notification) => $notification->success(),\n                        )\n                        ->when(\n                            $failedRowsCount && ($failedRowsCount < $import->total_rows),\n                            fn (\\Filament\\Notifications\\Notification $notification) => $notification->warning(),\n                        )\n                        ->when(\n                            $failedRowsCount === $import->total_rows,\n                            fn (\\Filament\\Notifications\\Notification $notification) => $notification->danger(),\n                        )\n                        ->when(\n                            $failedRowsCount,\n                            fn (\\Filament\\Notifications\\Notification $notification) => $notification->actions([\n                                \\Filament\\Actions\\Action::make(\'downloadFailedRowsCsv\')\n                                    ->label(trans_choice(\'filament-actions::import.notifications.completed.actions.download_failed_rows_csv.label\', $failedRowsCount, [\n                                        \'count\' => \\Illuminate\\Support\\Number::format($failedRowsCount),\n                                    ]))\n                                    ->color(\'danger\')\n                                    ->url(\\Illuminate\\Support\\Facades\\URL::signedRoute(\'filament.imports.failed-rows.download\', [\'authGuard\' => $authGuard, \'import\' => $import], absolute: false), shouldOpenInNewTab: true)\n                                    ->markAsRead(),\n                            ]),\n                        )\n                        ->when(\n                            ($jobConnection === \'sync\') ||\n                            (blank($jobConnection) && (config(\'queue.default\') === \'sync\')),\n                            fn (\\Filament\\Notifications\\Notification $notification) => $notification\n                                ->persistent()\n                                ->send(),\n                            fn (\\Filament\\Notifications\\Notification $notification) => $notification->sendToDatabase($import->user, isEventDispatched: true),\n                        );\n                }\";s:5:\"scope\";s:29:\"Filament\\Actions\\ImportAction\";s:4:\"this\";N;s:4:\"self\";s:32:\"0000000000000caa0000000000000000\";}\";s:4:\"hash\";s:44:\"dWfXh9vfwIPGz0NzSuaR5MwU9RAlsbXzvE/dfQPwJXw=\";}}}}',NULL,1776353912,1776353915),('a18ef6f8-6c01-4192-b46d-632457b33518','',1,0,0,'[]','a:2:{s:13:\"allowFailures\";b:1;s:7:\"finally\";a:1:{i:0;O:47:\"Laravel\\SerializableClosure\\SerializableClosure\":1:{s:12:\"serializable\";O:46:\"Laravel\\SerializableClosure\\Serializers\\Signed\":2:{s:12:\"serializable\";s:3807:\"O:46:\"Laravel\\SerializableClosure\\Serializers\\Native\":5:{s:3:\"use\";a:5:{s:9:\"authGuard\";s:3:\"web\";s:9:\"columnMap\";a:7:{s:4:\"name\";s:4:\"name\";s:7:\"address\";s:7:\"address\";s:9:\"head_name\";s:9:\"head_name\";s:8:\"head_nip\";s:8:\"head_nip\";s:15:\"supervisor_name\";s:15:\"supervisor_name\";s:14:\"supervisor_nip\";s:14:\"supervisor_nip\";s:16:\"supervisor_phone\";s:16:\"supervisor_phone\";}s:6:\"import\";O:45:\"Illuminate\\Contracts\\Database\\ModelIdentifier\":5:{s:5:\"class\";s:38:\"Filament\\Actions\\Imports\\Models\\Import\";s:2:\"id\";i:4;s:9:\"relations\";a:0:{}s:10:\"connection\";s:5:\"mysql\";s:15:\"collectionClass\";N;}s:13:\"jobConnection\";N;s:7:\"options\";a:0:{}}s:8:\"function\";s:3036:\"function () use ($authGuard, $columnMap, $import, $jobConnection, $options): void {\n                    $import->touch(\'completed_at\');\n\n                    event(new \\Filament\\Actions\\Imports\\Events\\ImportCompleted($import, $columnMap, $options));\n\n                    if (! $import->user instanceof \\Illuminate\\Contracts\\Auth\\Authenticatable) { /** @phpstan-ignore instanceof.alwaysTrue */\n                        return;\n                    }\n\n                    $failedRowsCount = $import->getFailedRowsCount();\n\n                    \\Filament\\Notifications\\Notification::make()\n                        ->title($import->importer::getCompletedNotificationTitle($import))\n                        ->body($import->importer::getCompletedNotificationBody($import))\n                        ->when(\n                            ! $failedRowsCount,\n                            fn (\\Filament\\Notifications\\Notification $notification) => $notification->success(),\n                        )\n                        ->when(\n                            $failedRowsCount && ($failedRowsCount < $import->total_rows),\n                            fn (\\Filament\\Notifications\\Notification $notification) => $notification->warning(),\n                        )\n                        ->when(\n                            $failedRowsCount === $import->total_rows,\n                            fn (\\Filament\\Notifications\\Notification $notification) => $notification->danger(),\n                        )\n                        ->when(\n                            $failedRowsCount,\n                            fn (\\Filament\\Notifications\\Notification $notification) => $notification->actions([\n                                \\Filament\\Actions\\Action::make(\'downloadFailedRowsCsv\')\n                                    ->label(trans_choice(\'filament-actions::import.notifications.completed.actions.download_failed_rows_csv.label\', $failedRowsCount, [\n                                        \'count\' => \\Illuminate\\Support\\Number::format($failedRowsCount),\n                                    ]))\n                                    ->color(\'danger\')\n                                    ->url(\\Illuminate\\Support\\Facades\\URL::signedRoute(\'filament.imports.failed-rows.download\', [\'authGuard\' => $authGuard, \'import\' => $import], absolute: false), shouldOpenInNewTab: true)\n                                    ->markAsRead(),\n                            ]),\n                        )\n                        ->when(\n                            ($jobConnection === \'sync\') ||\n                            (blank($jobConnection) && (config(\'queue.default\') === \'sync\')),\n                            fn (\\Filament\\Notifications\\Notification $notification) => $notification\n                                ->persistent()\n                                ->send(),\n                            fn (\\Filament\\Notifications\\Notification $notification) => $notification->sendToDatabase($import->user, isEventDispatched: true),\n                        );\n                }\";s:5:\"scope\";s:29:\"Filament\\Actions\\ImportAction\";s:4:\"this\";N;s:4:\"self\";s:32:\"0000000000000caa0000000000000000\";}\";s:4:\"hash\";s:44:\"FiWK4JTF+I+TjIbAoXnRgHFhyNPkiWtaHBBVsOZmFSo=\";}}}}',NULL,1776354009,1776354012),('a18f13f4-e0b8-4f2a-ad25-691e4087bee9','',1,0,0,'[]','a:2:{s:13:\"allowFailures\";b:1;s:7:\"finally\";a:1:{i:0;O:47:\"Laravel\\SerializableClosure\\SerializableClosure\":1:{s:12:\"serializable\";O:46:\"Laravel\\SerializableClosure\\Serializers\\Signed\":2:{s:12:\"serializable\";s:3807:\"O:46:\"Laravel\\SerializableClosure\\Serializers\\Native\":5:{s:3:\"use\";a:5:{s:9:\"authGuard\";s:3:\"web\";s:9:\"columnMap\";a:7:{s:4:\"name\";s:4:\"name\";s:7:\"address\";s:7:\"address\";s:9:\"head_name\";s:9:\"head_name\";s:8:\"head_nip\";s:8:\"head_nip\";s:15:\"supervisor_name\";s:15:\"supervisor_name\";s:14:\"supervisor_nip\";s:14:\"supervisor_nip\";s:16:\"supervisor_phone\";s:16:\"supervisor_phone\";}s:6:\"import\";O:45:\"Illuminate\\Contracts\\Database\\ModelIdentifier\":5:{s:5:\"class\";s:38:\"Filament\\Actions\\Imports\\Models\\Import\";s:2:\"id\";i:5;s:9:\"relations\";a:0:{}s:10:\"connection\";s:5:\"mysql\";s:15:\"collectionClass\";N;}s:13:\"jobConnection\";N;s:7:\"options\";a:0:{}}s:8:\"function\";s:3036:\"function () use ($authGuard, $columnMap, $import, $jobConnection, $options): void {\n                    $import->touch(\'completed_at\');\n\n                    event(new \\Filament\\Actions\\Imports\\Events\\ImportCompleted($import, $columnMap, $options));\n\n                    if (! $import->user instanceof \\Illuminate\\Contracts\\Auth\\Authenticatable) { /** @phpstan-ignore instanceof.alwaysTrue */\n                        return;\n                    }\n\n                    $failedRowsCount = $import->getFailedRowsCount();\n\n                    \\Filament\\Notifications\\Notification::make()\n                        ->title($import->importer::getCompletedNotificationTitle($import))\n                        ->body($import->importer::getCompletedNotificationBody($import))\n                        ->when(\n                            ! $failedRowsCount,\n                            fn (\\Filament\\Notifications\\Notification $notification) => $notification->success(),\n                        )\n                        ->when(\n                            $failedRowsCount && ($failedRowsCount < $import->total_rows),\n                            fn (\\Filament\\Notifications\\Notification $notification) => $notification->warning(),\n                        )\n                        ->when(\n                            $failedRowsCount === $import->total_rows,\n                            fn (\\Filament\\Notifications\\Notification $notification) => $notification->danger(),\n                        )\n                        ->when(\n                            $failedRowsCount,\n                            fn (\\Filament\\Notifications\\Notification $notification) => $notification->actions([\n                                \\Filament\\Actions\\Action::make(\'downloadFailedRowsCsv\')\n                                    ->label(trans_choice(\'filament-actions::import.notifications.completed.actions.download_failed_rows_csv.label\', $failedRowsCount, [\n                                        \'count\' => \\Illuminate\\Support\\Number::format($failedRowsCount),\n                                    ]))\n                                    ->color(\'danger\')\n                                    ->url(\\Illuminate\\Support\\Facades\\URL::signedRoute(\'filament.imports.failed-rows.download\', [\'authGuard\' => $authGuard, \'import\' => $import], absolute: false), shouldOpenInNewTab: true)\n                                    ->markAsRead(),\n                            ]),\n                        )\n                        ->when(\n                            ($jobConnection === \'sync\') ||\n                            (blank($jobConnection) && (config(\'queue.default\') === \'sync\')),\n                            fn (\\Filament\\Notifications\\Notification $notification) => $notification\n                                ->persistent()\n                                ->send(),\n                            fn (\\Filament\\Notifications\\Notification $notification) => $notification->sendToDatabase($import->user, isEventDispatched: true),\n                        );\n                }\";s:5:\"scope\";s:29:\"Filament\\Actions\\ImportAction\";s:4:\"this\";N;s:4:\"self\";s:32:\"0000000000000cb60000000000000000\";}\";s:4:\"hash\";s:44:\"2a3LG/HI4izs1169rc/apSw6/6lYEQ0Wl3m0s136Zhg=\";}}}}',NULL,1776358872,1776358876),('a18f14da-4d75-457a-b45e-0a2db81d1514','',1,0,0,'[]','a:2:{s:13:\"allowFailures\";b:1;s:7:\"finally\";a:1:{i:0;O:47:\"Laravel\\SerializableClosure\\SerializableClosure\":1:{s:12:\"serializable\";O:46:\"Laravel\\SerializableClosure\\Serializers\\Signed\":2:{s:12:\"serializable\";s:3807:\"O:46:\"Laravel\\SerializableClosure\\Serializers\\Native\":5:{s:3:\"use\";a:5:{s:9:\"authGuard\";s:3:\"web\";s:9:\"columnMap\";a:7:{s:4:\"name\";s:4:\"name\";s:7:\"address\";s:7:\"address\";s:9:\"head_name\";s:9:\"head_name\";s:8:\"head_nip\";s:8:\"head_nip\";s:15:\"supervisor_name\";s:15:\"supervisor_name\";s:14:\"supervisor_nip\";s:14:\"supervisor_nip\";s:16:\"supervisor_phone\";s:16:\"supervisor_phone\";}s:6:\"import\";O:45:\"Illuminate\\Contracts\\Database\\ModelIdentifier\":5:{s:5:\"class\";s:38:\"Filament\\Actions\\Imports\\Models\\Import\";s:2:\"id\";i:6;s:9:\"relations\";a:0:{}s:10:\"connection\";s:5:\"mysql\";s:15:\"collectionClass\";N;}s:13:\"jobConnection\";N;s:7:\"options\";a:0:{}}s:8:\"function\";s:3036:\"function () use ($authGuard, $columnMap, $import, $jobConnection, $options): void {\n                    $import->touch(\'completed_at\');\n\n                    event(new \\Filament\\Actions\\Imports\\Events\\ImportCompleted($import, $columnMap, $options));\n\n                    if (! $import->user instanceof \\Illuminate\\Contracts\\Auth\\Authenticatable) { /** @phpstan-ignore instanceof.alwaysTrue */\n                        return;\n                    }\n\n                    $failedRowsCount = $import->getFailedRowsCount();\n\n                    \\Filament\\Notifications\\Notification::make()\n                        ->title($import->importer::getCompletedNotificationTitle($import))\n                        ->body($import->importer::getCompletedNotificationBody($import))\n                        ->when(\n                            ! $failedRowsCount,\n                            fn (\\Filament\\Notifications\\Notification $notification) => $notification->success(),\n                        )\n                        ->when(\n                            $failedRowsCount && ($failedRowsCount < $import->total_rows),\n                            fn (\\Filament\\Notifications\\Notification $notification) => $notification->warning(),\n                        )\n                        ->when(\n                            $failedRowsCount === $import->total_rows,\n                            fn (\\Filament\\Notifications\\Notification $notification) => $notification->danger(),\n                        )\n                        ->when(\n                            $failedRowsCount,\n                            fn (\\Filament\\Notifications\\Notification $notification) => $notification->actions([\n                                \\Filament\\Actions\\Action::make(\'downloadFailedRowsCsv\')\n                                    ->label(trans_choice(\'filament-actions::import.notifications.completed.actions.download_failed_rows_csv.label\', $failedRowsCount, [\n                                        \'count\' => \\Illuminate\\Support\\Number::format($failedRowsCount),\n                                    ]))\n                                    ->color(\'danger\')\n                                    ->url(\\Illuminate\\Support\\Facades\\URL::signedRoute(\'filament.imports.failed-rows.download\', [\'authGuard\' => $authGuard, \'import\' => $import], absolute: false), shouldOpenInNewTab: true)\n                                    ->markAsRead(),\n                            ]),\n                        )\n                        ->when(\n                            ($jobConnection === \'sync\') ||\n                            (blank($jobConnection) && (config(\'queue.default\') === \'sync\')),\n                            fn (\\Filament\\Notifications\\Notification $notification) => $notification\n                                ->persistent()\n                                ->send(),\n                            fn (\\Filament\\Notifications\\Notification $notification) => $notification->sendToDatabase($import->user, isEventDispatched: true),\n                        );\n                }\";s:5:\"scope\";s:29:\"Filament\\Actions\\ImportAction\";s:4:\"this\";N;s:4:\"self\";s:32:\"0000000000000cb60000000000000000\";}\";s:4:\"hash\";s:44:\"LMW0otFyf3SEmFWp5klm/38AzdUOJjJYDU9/fWussf8=\";}}}}',NULL,1776359022,1776359028),('a18f1813-58a8-4f30-810b-33e301ddae2f','',1,0,0,'[]','a:2:{s:13:\"allowFailures\";b:1;s:7:\"finally\";a:1:{i:0;O:47:\"Laravel\\SerializableClosure\\SerializableClosure\":1:{s:12:\"serializable\";O:46:\"Laravel\\SerializableClosure\\Serializers\\Signed\":2:{s:12:\"serializable\";s:3807:\"O:46:\"Laravel\\SerializableClosure\\Serializers\\Native\":5:{s:3:\"use\";a:5:{s:9:\"authGuard\";s:3:\"web\";s:9:\"columnMap\";a:7:{s:4:\"name\";s:4:\"name\";s:7:\"address\";s:7:\"address\";s:9:\"head_name\";s:9:\"head_name\";s:8:\"head_nip\";s:8:\"head_nip\";s:15:\"supervisor_name\";s:15:\"supervisor_name\";s:14:\"supervisor_nip\";s:14:\"supervisor_nip\";s:16:\"supervisor_phone\";s:16:\"supervisor_phone\";}s:6:\"import\";O:45:\"Illuminate\\Contracts\\Database\\ModelIdentifier\":5:{s:5:\"class\";s:38:\"Filament\\Actions\\Imports\\Models\\Import\";s:2:\"id\";i:7;s:9:\"relations\";a:0:{}s:10:\"connection\";s:5:\"mysql\";s:15:\"collectionClass\";N;}s:13:\"jobConnection\";N;s:7:\"options\";a:0:{}}s:8:\"function\";s:3036:\"function () use ($authGuard, $columnMap, $import, $jobConnection, $options): void {\n                    $import->touch(\'completed_at\');\n\n                    event(new \\Filament\\Actions\\Imports\\Events\\ImportCompleted($import, $columnMap, $options));\n\n                    if (! $import->user instanceof \\Illuminate\\Contracts\\Auth\\Authenticatable) { /** @phpstan-ignore instanceof.alwaysTrue */\n                        return;\n                    }\n\n                    $failedRowsCount = $import->getFailedRowsCount();\n\n                    \\Filament\\Notifications\\Notification::make()\n                        ->title($import->importer::getCompletedNotificationTitle($import))\n                        ->body($import->importer::getCompletedNotificationBody($import))\n                        ->when(\n                            ! $failedRowsCount,\n                            fn (\\Filament\\Notifications\\Notification $notification) => $notification->success(),\n                        )\n                        ->when(\n                            $failedRowsCount && ($failedRowsCount < $import->total_rows),\n                            fn (\\Filament\\Notifications\\Notification $notification) => $notification->warning(),\n                        )\n                        ->when(\n                            $failedRowsCount === $import->total_rows,\n                            fn (\\Filament\\Notifications\\Notification $notification) => $notification->danger(),\n                        )\n                        ->when(\n                            $failedRowsCount,\n                            fn (\\Filament\\Notifications\\Notification $notification) => $notification->actions([\n                                \\Filament\\Actions\\Action::make(\'downloadFailedRowsCsv\')\n                                    ->label(trans_choice(\'filament-actions::import.notifications.completed.actions.download_failed_rows_csv.label\', $failedRowsCount, [\n                                        \'count\' => \\Illuminate\\Support\\Number::format($failedRowsCount),\n                                    ]))\n                                    ->color(\'danger\')\n                                    ->url(\\Illuminate\\Support\\Facades\\URL::signedRoute(\'filament.imports.failed-rows.download\', [\'authGuard\' => $authGuard, \'import\' => $import], absolute: false), shouldOpenInNewTab: true)\n                                    ->markAsRead(),\n                            ]),\n                        )\n                        ->when(\n                            ($jobConnection === \'sync\') ||\n                            (blank($jobConnection) && (config(\'queue.default\') === \'sync\')),\n                            fn (\\Filament\\Notifications\\Notification $notification) => $notification\n                                ->persistent()\n                                ->send(),\n                            fn (\\Filament\\Notifications\\Notification $notification) => $notification->sendToDatabase($import->user, isEventDispatched: true),\n                        );\n                }\";s:5:\"scope\";s:29:\"Filament\\Actions\\ImportAction\";s:4:\"this\";N;s:4:\"self\";s:32:\"0000000000000cb60000000000000000\";}\";s:4:\"hash\";s:44:\"am9VweFNHROalJdLB9EgizVxzWYjcDEnadN7WiFevXY=\";}}}}',NULL,1776359563,1776359569),('a18f1854-61ef-4d6a-87fe-8228d362cd10','',1,0,0,'[]','a:2:{s:13:\"allowFailures\";b:1;s:7:\"finally\";a:1:{i:0;O:47:\"Laravel\\SerializableClosure\\SerializableClosure\":1:{s:12:\"serializable\";O:46:\"Laravel\\SerializableClosure\\Serializers\\Signed\":2:{s:12:\"serializable\";s:3807:\"O:46:\"Laravel\\SerializableClosure\\Serializers\\Native\":5:{s:3:\"use\";a:5:{s:9:\"authGuard\";s:3:\"web\";s:9:\"columnMap\";a:7:{s:4:\"name\";s:4:\"name\";s:7:\"address\";s:7:\"address\";s:9:\"head_name\";s:9:\"head_name\";s:8:\"head_nip\";s:8:\"head_nip\";s:15:\"supervisor_name\";s:15:\"supervisor_name\";s:14:\"supervisor_nip\";s:14:\"supervisor_nip\";s:16:\"supervisor_phone\";s:16:\"supervisor_phone\";}s:6:\"import\";O:45:\"Illuminate\\Contracts\\Database\\ModelIdentifier\":5:{s:5:\"class\";s:38:\"Filament\\Actions\\Imports\\Models\\Import\";s:2:\"id\";i:8;s:9:\"relations\";a:0:{}s:10:\"connection\";s:5:\"mysql\";s:15:\"collectionClass\";N;}s:13:\"jobConnection\";N;s:7:\"options\";a:0:{}}s:8:\"function\";s:3036:\"function () use ($authGuard, $columnMap, $import, $jobConnection, $options): void {\n                    $import->touch(\'completed_at\');\n\n                    event(new \\Filament\\Actions\\Imports\\Events\\ImportCompleted($import, $columnMap, $options));\n\n                    if (! $import->user instanceof \\Illuminate\\Contracts\\Auth\\Authenticatable) { /** @phpstan-ignore instanceof.alwaysTrue */\n                        return;\n                    }\n\n                    $failedRowsCount = $import->getFailedRowsCount();\n\n                    \\Filament\\Notifications\\Notification::make()\n                        ->title($import->importer::getCompletedNotificationTitle($import))\n                        ->body($import->importer::getCompletedNotificationBody($import))\n                        ->when(\n                            ! $failedRowsCount,\n                            fn (\\Filament\\Notifications\\Notification $notification) => $notification->success(),\n                        )\n                        ->when(\n                            $failedRowsCount && ($failedRowsCount < $import->total_rows),\n                            fn (\\Filament\\Notifications\\Notification $notification) => $notification->warning(),\n                        )\n                        ->when(\n                            $failedRowsCount === $import->total_rows,\n                            fn (\\Filament\\Notifications\\Notification $notification) => $notification->danger(),\n                        )\n                        ->when(\n                            $failedRowsCount,\n                            fn (\\Filament\\Notifications\\Notification $notification) => $notification->actions([\n                                \\Filament\\Actions\\Action::make(\'downloadFailedRowsCsv\')\n                                    ->label(trans_choice(\'filament-actions::import.notifications.completed.actions.download_failed_rows_csv.label\', $failedRowsCount, [\n                                        \'count\' => \\Illuminate\\Support\\Number::format($failedRowsCount),\n                                    ]))\n                                    ->color(\'danger\')\n                                    ->url(\\Illuminate\\Support\\Facades\\URL::signedRoute(\'filament.imports.failed-rows.download\', [\'authGuard\' => $authGuard, \'import\' => $import], absolute: false), shouldOpenInNewTab: true)\n                                    ->markAsRead(),\n                            ]),\n                        )\n                        ->when(\n                            ($jobConnection === \'sync\') ||\n                            (blank($jobConnection) && (config(\'queue.default\') === \'sync\')),\n                            fn (\\Filament\\Notifications\\Notification $notification) => $notification\n                                ->persistent()\n                                ->send(),\n                            fn (\\Filament\\Notifications\\Notification $notification) => $notification->sendToDatabase($import->user, isEventDispatched: true),\n                        );\n                }\";s:5:\"scope\";s:29:\"Filament\\Actions\\ImportAction\";s:4:\"this\";N;s:4:\"self\";s:32:\"0000000000000cb60000000000000000\";}\";s:4:\"hash\";s:44:\"RUMoa1ibhSmjYtG4nwAb+4uhzh0YQpjKl5lpKzNhU2U=\";}}}}',NULL,1776359605,1776359612),('a18f1900-caa0-47c9-a124-2d530e20d617','',1,0,0,'[]','a:2:{s:13:\"allowFailures\";b:1;s:7:\"finally\";a:1:{i:0;O:47:\"Laravel\\SerializableClosure\\SerializableClosure\":1:{s:12:\"serializable\";O:46:\"Laravel\\SerializableClosure\\Serializers\\Signed\":2:{s:12:\"serializable\";s:3807:\"O:46:\"Laravel\\SerializableClosure\\Serializers\\Native\":5:{s:3:\"use\";a:5:{s:9:\"authGuard\";s:3:\"web\";s:9:\"columnMap\";a:7:{s:4:\"name\";s:4:\"name\";s:7:\"address\";s:7:\"address\";s:9:\"head_name\";s:9:\"head_name\";s:8:\"head_nip\";s:8:\"head_nip\";s:15:\"supervisor_name\";s:15:\"supervisor_name\";s:14:\"supervisor_nip\";s:14:\"supervisor_nip\";s:16:\"supervisor_phone\";s:16:\"supervisor_phone\";}s:6:\"import\";O:45:\"Illuminate\\Contracts\\Database\\ModelIdentifier\":5:{s:5:\"class\";s:38:\"Filament\\Actions\\Imports\\Models\\Import\";s:2:\"id\";i:9;s:9:\"relations\";a:0:{}s:10:\"connection\";s:5:\"mysql\";s:15:\"collectionClass\";N;}s:13:\"jobConnection\";N;s:7:\"options\";a:0:{}}s:8:\"function\";s:3036:\"function () use ($authGuard, $columnMap, $import, $jobConnection, $options): void {\n                    $import->touch(\'completed_at\');\n\n                    event(new \\Filament\\Actions\\Imports\\Events\\ImportCompleted($import, $columnMap, $options));\n\n                    if (! $import->user instanceof \\Illuminate\\Contracts\\Auth\\Authenticatable) { /** @phpstan-ignore instanceof.alwaysTrue */\n                        return;\n                    }\n\n                    $failedRowsCount = $import->getFailedRowsCount();\n\n                    \\Filament\\Notifications\\Notification::make()\n                        ->title($import->importer::getCompletedNotificationTitle($import))\n                        ->body($import->importer::getCompletedNotificationBody($import))\n                        ->when(\n                            ! $failedRowsCount,\n                            fn (\\Filament\\Notifications\\Notification $notification) => $notification->success(),\n                        )\n                        ->when(\n                            $failedRowsCount && ($failedRowsCount < $import->total_rows),\n                            fn (\\Filament\\Notifications\\Notification $notification) => $notification->warning(),\n                        )\n                        ->when(\n                            $failedRowsCount === $import->total_rows,\n                            fn (\\Filament\\Notifications\\Notification $notification) => $notification->danger(),\n                        )\n                        ->when(\n                            $failedRowsCount,\n                            fn (\\Filament\\Notifications\\Notification $notification) => $notification->actions([\n                                \\Filament\\Actions\\Action::make(\'downloadFailedRowsCsv\')\n                                    ->label(trans_choice(\'filament-actions::import.notifications.completed.actions.download_failed_rows_csv.label\', $failedRowsCount, [\n                                        \'count\' => \\Illuminate\\Support\\Number::format($failedRowsCount),\n                                    ]))\n                                    ->color(\'danger\')\n                                    ->url(\\Illuminate\\Support\\Facades\\URL::signedRoute(\'filament.imports.failed-rows.download\', [\'authGuard\' => $authGuard, \'import\' => $import], absolute: false), shouldOpenInNewTab: true)\n                                    ->markAsRead(),\n                            ]),\n                        )\n                        ->when(\n                            ($jobConnection === \'sync\') ||\n                            (blank($jobConnection) && (config(\'queue.default\') === \'sync\')),\n                            fn (\\Filament\\Notifications\\Notification $notification) => $notification\n                                ->persistent()\n                                ->send(),\n                            fn (\\Filament\\Notifications\\Notification $notification) => $notification->sendToDatabase($import->user, isEventDispatched: true),\n                        );\n                }\";s:5:\"scope\";s:29:\"Filament\\Actions\\ImportAction\";s:4:\"this\";N;s:4:\"self\";s:32:\"0000000000000cb60000000000000000\";}\";s:4:\"hash\";s:44:\"8jCv/CxGzagbi+Zq5+/CrvrjgW2g57T36ibRx0Hsc9A=\";}}}}',NULL,1776359718,1776359724),('a1903fba-97d0-4d00-9661-0eea13a9e01b','',1,0,0,'[]','a:2:{s:13:\"allowFailures\";b:1;s:7:\"finally\";a:1:{i:0;O:47:\"Laravel\\SerializableClosure\\SerializableClosure\":1:{s:12:\"serializable\";O:46:\"Laravel\\SerializableClosure\\Serializers\\Signed\":2:{s:12:\"serializable\";s:3808:\"O:46:\"Laravel\\SerializableClosure\\Serializers\\Native\":5:{s:3:\"use\";a:5:{s:9:\"authGuard\";s:3:\"web\";s:9:\"columnMap\";a:7:{s:4:\"name\";s:4:\"name\";s:7:\"address\";s:7:\"address\";s:9:\"head_name\";s:9:\"head_name\";s:8:\"head_nip\";s:8:\"head_nip\";s:15:\"supervisor_name\";s:15:\"supervisor_name\";s:14:\"supervisor_nip\";s:14:\"supervisor_nip\";s:16:\"supervisor_phone\";s:16:\"supervisor_phone\";}s:6:\"import\";O:45:\"Illuminate\\Contracts\\Database\\ModelIdentifier\":5:{s:5:\"class\";s:38:\"Filament\\Actions\\Imports\\Models\\Import\";s:2:\"id\";i:10;s:9:\"relations\";a:0:{}s:10:\"connection\";s:5:\"mysql\";s:15:\"collectionClass\";N;}s:13:\"jobConnection\";N;s:7:\"options\";a:0:{}}s:8:\"function\";s:3036:\"function () use ($authGuard, $columnMap, $import, $jobConnection, $options): void {\n                    $import->touch(\'completed_at\');\n\n                    event(new \\Filament\\Actions\\Imports\\Events\\ImportCompleted($import, $columnMap, $options));\n\n                    if (! $import->user instanceof \\Illuminate\\Contracts\\Auth\\Authenticatable) { /** @phpstan-ignore instanceof.alwaysTrue */\n                        return;\n                    }\n\n                    $failedRowsCount = $import->getFailedRowsCount();\n\n                    \\Filament\\Notifications\\Notification::make()\n                        ->title($import->importer::getCompletedNotificationTitle($import))\n                        ->body($import->importer::getCompletedNotificationBody($import))\n                        ->when(\n                            ! $failedRowsCount,\n                            fn (\\Filament\\Notifications\\Notification $notification) => $notification->success(),\n                        )\n                        ->when(\n                            $failedRowsCount && ($failedRowsCount < $import->total_rows),\n                            fn (\\Filament\\Notifications\\Notification $notification) => $notification->warning(),\n                        )\n                        ->when(\n                            $failedRowsCount === $import->total_rows,\n                            fn (\\Filament\\Notifications\\Notification $notification) => $notification->danger(),\n                        )\n                        ->when(\n                            $failedRowsCount,\n                            fn (\\Filament\\Notifications\\Notification $notification) => $notification->actions([\n                                \\Filament\\Actions\\Action::make(\'downloadFailedRowsCsv\')\n                                    ->label(trans_choice(\'filament-actions::import.notifications.completed.actions.download_failed_rows_csv.label\', $failedRowsCount, [\n                                        \'count\' => \\Illuminate\\Support\\Number::format($failedRowsCount),\n                                    ]))\n                                    ->color(\'danger\')\n                                    ->url(\\Illuminate\\Support\\Facades\\URL::signedRoute(\'filament.imports.failed-rows.download\', [\'authGuard\' => $authGuard, \'import\' => $import], absolute: false), shouldOpenInNewTab: true)\n                                    ->markAsRead(),\n                            ]),\n                        )\n                        ->when(\n                            ($jobConnection === \'sync\') ||\n                            (blank($jobConnection) && (config(\'queue.default\') === \'sync\')),\n                            fn (\\Filament\\Notifications\\Notification $notification) => $notification\n                                ->persistent()\n                                ->send(),\n                            fn (\\Filament\\Notifications\\Notification $notification) => $notification->sendToDatabase($import->user, isEventDispatched: true),\n                        );\n                }\";s:5:\"scope\";s:29:\"Filament\\Actions\\ImportAction\";s:4:\"this\";N;s:4:\"self\";s:32:\"0000000000000cb60000000000000000\";}\";s:4:\"hash\";s:44:\"ddn1qvVUT2LyxeWiYmJAHY890o7Oqeo5h1cPf5tBql8=\";}}}}',NULL,1776409165,1776409211),('a1904f70-4ffd-4f1f-aaba-1b7d9f690f53','',1,0,0,'[]','a:2:{s:13:\"allowFailures\";b:1;s:7:\"finally\";a:1:{i:0;O:47:\"Laravel\\SerializableClosure\\SerializableClosure\":1:{s:12:\"serializable\";O:46:\"Laravel\\SerializableClosure\\Serializers\\Signed\":2:{s:12:\"serializable\";s:3676:\"O:46:\"Laravel\\SerializableClosure\\Serializers\\Native\":5:{s:3:\"use\";a:5:{s:9:\"authGuard\";s:3:\"web\";s:9:\"columnMap\";a:5:{s:4:\"name\";s:4:\"name\";s:5:\"title\";s:5:\"title\";s:3:\"nip\";s:3:\"nip\";s:5:\"phone\";s:5:\"phone\";s:7:\"subject\";s:7:\"subject\";}s:6:\"import\";O:45:\"Illuminate\\Contracts\\Database\\ModelIdentifier\":5:{s:5:\"class\";s:38:\"Filament\\Actions\\Imports\\Models\\Import\";s:2:\"id\";i:11;s:9:\"relations\";a:0:{}s:10:\"connection\";s:5:\"mysql\";s:15:\"collectionClass\";N;}s:13:\"jobConnection\";N;s:7:\"options\";a:0:{}}s:8:\"function\";s:3036:\"function () use ($authGuard, $columnMap, $import, $jobConnection, $options): void {\n                    $import->touch(\'completed_at\');\n\n                    event(new \\Filament\\Actions\\Imports\\Events\\ImportCompleted($import, $columnMap, $options));\n\n                    if (! $import->user instanceof \\Illuminate\\Contracts\\Auth\\Authenticatable) { /** @phpstan-ignore instanceof.alwaysTrue */\n                        return;\n                    }\n\n                    $failedRowsCount = $import->getFailedRowsCount();\n\n                    \\Filament\\Notifications\\Notification::make()\n                        ->title($import->importer::getCompletedNotificationTitle($import))\n                        ->body($import->importer::getCompletedNotificationBody($import))\n                        ->when(\n                            ! $failedRowsCount,\n                            fn (\\Filament\\Notifications\\Notification $notification) => $notification->success(),\n                        )\n                        ->when(\n                            $failedRowsCount && ($failedRowsCount < $import->total_rows),\n                            fn (\\Filament\\Notifications\\Notification $notification) => $notification->warning(),\n                        )\n                        ->when(\n                            $failedRowsCount === $import->total_rows,\n                            fn (\\Filament\\Notifications\\Notification $notification) => $notification->danger(),\n                        )\n                        ->when(\n                            $failedRowsCount,\n                            fn (\\Filament\\Notifications\\Notification $notification) => $notification->actions([\n                                \\Filament\\Actions\\Action::make(\'downloadFailedRowsCsv\')\n                                    ->label(trans_choice(\'filament-actions::import.notifications.completed.actions.download_failed_rows_csv.label\', $failedRowsCount, [\n                                        \'count\' => \\Illuminate\\Support\\Number::format($failedRowsCount),\n                                    ]))\n                                    ->color(\'danger\')\n                                    ->url(\\Illuminate\\Support\\Facades\\URL::signedRoute(\'filament.imports.failed-rows.download\', [\'authGuard\' => $authGuard, \'import\' => $import], absolute: false), shouldOpenInNewTab: true)\n                                    ->markAsRead(),\n                            ]),\n                        )\n                        ->when(\n                            ($jobConnection === \'sync\') ||\n                            (blank($jobConnection) && (config(\'queue.default\') === \'sync\')),\n                            fn (\\Filament\\Notifications\\Notification $notification) => $notification\n                                ->persistent()\n                                ->send(),\n                            fn (\\Filament\\Notifications\\Notification $notification) => $notification->sendToDatabase($import->user, isEventDispatched: true),\n                        );\n                }\";s:5:\"scope\";s:29:\"Filament\\Actions\\ImportAction\";s:4:\"this\";N;s:4:\"self\";s:32:\"0000000000000cbb0000000000000000\";}\";s:4:\"hash\";s:44:\"V99Lto1lRN2utU6ehFSSUMAEwU5glyCgcL4LqZPZfZM=\";}}}}',NULL,1776411801,1776411803),('a1906028-dcfc-4d3b-8062-8abbfd73e873','',1,0,0,'[]','a:2:{s:13:\"allowFailures\";b:1;s:7:\"finally\";a:1:{i:0;O:47:\"Laravel\\SerializableClosure\\SerializableClosure\":1:{s:12:\"serializable\";O:46:\"Laravel\\SerializableClosure\\Serializers\\Signed\":2:{s:12:\"serializable\";s:3676:\"O:46:\"Laravel\\SerializableClosure\\Serializers\\Native\":5:{s:3:\"use\";a:5:{s:9:\"authGuard\";s:3:\"web\";s:9:\"columnMap\";a:5:{s:4:\"name\";s:4:\"name\";s:5:\"title\";s:5:\"title\";s:3:\"nip\";s:3:\"nip\";s:5:\"phone\";s:5:\"phone\";s:7:\"subject\";s:7:\"subject\";}s:6:\"import\";O:45:\"Illuminate\\Contracts\\Database\\ModelIdentifier\":5:{s:5:\"class\";s:38:\"Filament\\Actions\\Imports\\Models\\Import\";s:2:\"id\";i:12;s:9:\"relations\";a:0:{}s:10:\"connection\";s:5:\"mysql\";s:15:\"collectionClass\";N;}s:13:\"jobConnection\";N;s:7:\"options\";a:0:{}}s:8:\"function\";s:3036:\"function () use ($authGuard, $columnMap, $import, $jobConnection, $options): void {\n                    $import->touch(\'completed_at\');\n\n                    event(new \\Filament\\Actions\\Imports\\Events\\ImportCompleted($import, $columnMap, $options));\n\n                    if (! $import->user instanceof \\Illuminate\\Contracts\\Auth\\Authenticatable) { /** @phpstan-ignore instanceof.alwaysTrue */\n                        return;\n                    }\n\n                    $failedRowsCount = $import->getFailedRowsCount();\n\n                    \\Filament\\Notifications\\Notification::make()\n                        ->title($import->importer::getCompletedNotificationTitle($import))\n                        ->body($import->importer::getCompletedNotificationBody($import))\n                        ->when(\n                            ! $failedRowsCount,\n                            fn (\\Filament\\Notifications\\Notification $notification) => $notification->success(),\n                        )\n                        ->when(\n                            $failedRowsCount && ($failedRowsCount < $import->total_rows),\n                            fn (\\Filament\\Notifications\\Notification $notification) => $notification->warning(),\n                        )\n                        ->when(\n                            $failedRowsCount === $import->total_rows,\n                            fn (\\Filament\\Notifications\\Notification $notification) => $notification->danger(),\n                        )\n                        ->when(\n                            $failedRowsCount,\n                            fn (\\Filament\\Notifications\\Notification $notification) => $notification->actions([\n                                \\Filament\\Actions\\Action::make(\'downloadFailedRowsCsv\')\n                                    ->label(trans_choice(\'filament-actions::import.notifications.completed.actions.download_failed_rows_csv.label\', $failedRowsCount, [\n                                        \'count\' => \\Illuminate\\Support\\Number::format($failedRowsCount),\n                                    ]))\n                                    ->color(\'danger\')\n                                    ->url(\\Illuminate\\Support\\Facades\\URL::signedRoute(\'filament.imports.failed-rows.download\', [\'authGuard\' => $authGuard, \'import\' => $import], absolute: false), shouldOpenInNewTab: true)\n                                    ->markAsRead(),\n                            ]),\n                        )\n                        ->when(\n                            ($jobConnection === \'sync\') ||\n                            (blank($jobConnection) && (config(\'queue.default\') === \'sync\')),\n                            fn (\\Filament\\Notifications\\Notification $notification) => $notification\n                                ->persistent()\n                                ->send(),\n                            fn (\\Filament\\Notifications\\Notification $notification) => $notification->sendToDatabase($import->user, isEventDispatched: true),\n                        );\n                }\";s:5:\"scope\";s:29:\"Filament\\Actions\\ImportAction\";s:4:\"this\";N;s:4:\"self\";s:32:\"0000000000000cbc0000000000000000\";}\";s:4:\"hash\";s:44:\"BdF6bxIutHzggcQNennFVyz1dy7aPH1IUw0j+0qqGVA=\";}}}}',NULL,1776414606,1776414610),('a1907e27-ffde-4daa-8553-e53398323e04','',1,0,0,'[]','a:2:{s:13:\"allowFailures\";b:1;s:7:\"finally\";a:1:{i:0;O:47:\"Laravel\\SerializableClosure\\SerializableClosure\":1:{s:12:\"serializable\";O:46:\"Laravel\\SerializableClosure\\Serializers\\Signed\":2:{s:12:\"serializable\";s:3676:\"O:46:\"Laravel\\SerializableClosure\\Serializers\\Native\":5:{s:3:\"use\";a:5:{s:9:\"authGuard\";s:3:\"web\";s:9:\"columnMap\";a:5:{s:4:\"name\";s:4:\"name\";s:5:\"title\";s:5:\"title\";s:3:\"nip\";s:3:\"nip\";s:5:\"phone\";s:5:\"phone\";s:7:\"subject\";s:7:\"subject\";}s:6:\"import\";O:45:\"Illuminate\\Contracts\\Database\\ModelIdentifier\":5:{s:5:\"class\";s:38:\"Filament\\Actions\\Imports\\Models\\Import\";s:2:\"id\";i:13;s:9:\"relations\";a:0:{}s:10:\"connection\";s:5:\"mysql\";s:15:\"collectionClass\";N;}s:13:\"jobConnection\";N;s:7:\"options\";a:0:{}}s:8:\"function\";s:3036:\"function () use ($authGuard, $columnMap, $import, $jobConnection, $options): void {\n                    $import->touch(\'completed_at\');\n\n                    event(new \\Filament\\Actions\\Imports\\Events\\ImportCompleted($import, $columnMap, $options));\n\n                    if (! $import->user instanceof \\Illuminate\\Contracts\\Auth\\Authenticatable) { /** @phpstan-ignore instanceof.alwaysTrue */\n                        return;\n                    }\n\n                    $failedRowsCount = $import->getFailedRowsCount();\n\n                    \\Filament\\Notifications\\Notification::make()\n                        ->title($import->importer::getCompletedNotificationTitle($import))\n                        ->body($import->importer::getCompletedNotificationBody($import))\n                        ->when(\n                            ! $failedRowsCount,\n                            fn (\\Filament\\Notifications\\Notification $notification) => $notification->success(),\n                        )\n                        ->when(\n                            $failedRowsCount && ($failedRowsCount < $import->total_rows),\n                            fn (\\Filament\\Notifications\\Notification $notification) => $notification->warning(),\n                        )\n                        ->when(\n                            $failedRowsCount === $import->total_rows,\n                            fn (\\Filament\\Notifications\\Notification $notification) => $notification->danger(),\n                        )\n                        ->when(\n                            $failedRowsCount,\n                            fn (\\Filament\\Notifications\\Notification $notification) => $notification->actions([\n                                \\Filament\\Actions\\Action::make(\'downloadFailedRowsCsv\')\n                                    ->label(trans_choice(\'filament-actions::import.notifications.completed.actions.download_failed_rows_csv.label\', $failedRowsCount, [\n                                        \'count\' => \\Illuminate\\Support\\Number::format($failedRowsCount),\n                                    ]))\n                                    ->color(\'danger\')\n                                    ->url(\\Illuminate\\Support\\Facades\\URL::signedRoute(\'filament.imports.failed-rows.download\', [\'authGuard\' => $authGuard, \'import\' => $import], absolute: false), shouldOpenInNewTab: true)\n                                    ->markAsRead(),\n                            ]),\n                        )\n                        ->when(\n                            ($jobConnection === \'sync\') ||\n                            (blank($jobConnection) && (config(\'queue.default\') === \'sync\')),\n                            fn (\\Filament\\Notifications\\Notification $notification) => $notification\n                                ->persistent()\n                                ->send(),\n                            fn (\\Filament\\Notifications\\Notification $notification) => $notification->sendToDatabase($import->user, isEventDispatched: true),\n                        );\n                }\";s:5:\"scope\";s:29:\"Filament\\Actions\\ImportAction\";s:4:\"this\";N;s:4:\"self\";s:32:\"0000000000000cbd0000000000000000\";}\";s:4:\"hash\";s:44:\"+E62dgAKbaLgjq2p/q7Uzt+zPZE4Rn63CKeRXktDO9o=\";}}}}',NULL,1776419639,1776419641),('a1908fb9-4275-407f-ae0b-14335bd84955','',1,0,0,'[]','a:2:{s:13:\"allowFailures\";b:1;s:7:\"finally\";a:1:{i:0;O:47:\"Laravel\\SerializableClosure\\SerializableClosure\":1:{s:12:\"serializable\";O:46:\"Laravel\\SerializableClosure\\Serializers\\Signed\":2:{s:12:\"serializable\";s:3676:\"O:46:\"Laravel\\SerializableClosure\\Serializers\\Native\":5:{s:3:\"use\";a:5:{s:9:\"authGuard\";s:3:\"web\";s:9:\"columnMap\";a:5:{s:4:\"name\";s:4:\"name\";s:5:\"title\";s:5:\"title\";s:3:\"nip\";s:3:\"nip\";s:5:\"phone\";s:5:\"phone\";s:7:\"subject\";s:7:\"subject\";}s:6:\"import\";O:45:\"Illuminate\\Contracts\\Database\\ModelIdentifier\":5:{s:5:\"class\";s:38:\"Filament\\Actions\\Imports\\Models\\Import\";s:2:\"id\";i:14;s:9:\"relations\";a:0:{}s:10:\"connection\";s:5:\"mysql\";s:15:\"collectionClass\";N;}s:13:\"jobConnection\";N;s:7:\"options\";a:0:{}}s:8:\"function\";s:3036:\"function () use ($authGuard, $columnMap, $import, $jobConnection, $options): void {\n                    $import->touch(\'completed_at\');\n\n                    event(new \\Filament\\Actions\\Imports\\Events\\ImportCompleted($import, $columnMap, $options));\n\n                    if (! $import->user instanceof \\Illuminate\\Contracts\\Auth\\Authenticatable) { /** @phpstan-ignore instanceof.alwaysTrue */\n                        return;\n                    }\n\n                    $failedRowsCount = $import->getFailedRowsCount();\n\n                    \\Filament\\Notifications\\Notification::make()\n                        ->title($import->importer::getCompletedNotificationTitle($import))\n                        ->body($import->importer::getCompletedNotificationBody($import))\n                        ->when(\n                            ! $failedRowsCount,\n                            fn (\\Filament\\Notifications\\Notification $notification) => $notification->success(),\n                        )\n                        ->when(\n                            $failedRowsCount && ($failedRowsCount < $import->total_rows),\n                            fn (\\Filament\\Notifications\\Notification $notification) => $notification->warning(),\n                        )\n                        ->when(\n                            $failedRowsCount === $import->total_rows,\n                            fn (\\Filament\\Notifications\\Notification $notification) => $notification->danger(),\n                        )\n                        ->when(\n                            $failedRowsCount,\n                            fn (\\Filament\\Notifications\\Notification $notification) => $notification->actions([\n                                \\Filament\\Actions\\Action::make(\'downloadFailedRowsCsv\')\n                                    ->label(trans_choice(\'filament-actions::import.notifications.completed.actions.download_failed_rows_csv.label\', $failedRowsCount, [\n                                        \'count\' => \\Illuminate\\Support\\Number::format($failedRowsCount),\n                                    ]))\n                                    ->color(\'danger\')\n                                    ->url(\\Illuminate\\Support\\Facades\\URL::signedRoute(\'filament.imports.failed-rows.download\', [\'authGuard\' => $authGuard, \'import\' => $import], absolute: false), shouldOpenInNewTab: true)\n                                    ->markAsRead(),\n                            ]),\n                        )\n                        ->when(\n                            ($jobConnection === \'sync\') ||\n                            (blank($jobConnection) && (config(\'queue.default\') === \'sync\')),\n                            fn (\\Filament\\Notifications\\Notification $notification) => $notification\n                                ->persistent()\n                                ->send(),\n                            fn (\\Filament\\Notifications\\Notification $notification) => $notification->sendToDatabase($import->user, isEventDispatched: true),\n                        );\n                }\";s:5:\"scope\";s:29:\"Filament\\Actions\\ImportAction\";s:4:\"this\";N;s:4:\"self\";s:32:\"0000000000000cbd0000000000000000\";}\";s:4:\"hash\";s:44:\"810goRUZhH1lWPl2Nl8mrdP2jaIAjLi5lGHJglu9zkU=\";}}}}',NULL,1776422586,1776422589),('a190dd08-82a2-4d8e-ad03-00cadf7ae81e','',1,0,0,'[]','a:2:{s:13:\"allowFailures\";b:1;s:7:\"finally\";a:1:{i:0;O:47:\"Laravel\\SerializableClosure\\SerializableClosure\":1:{s:12:\"serializable\";O:46:\"Laravel\\SerializableClosure\\Serializers\\Signed\":2:{s:12:\"serializable\";s:3676:\"O:46:\"Laravel\\SerializableClosure\\Serializers\\Native\":5:{s:3:\"use\";a:5:{s:9:\"authGuard\";s:3:\"web\";s:9:\"columnMap\";a:5:{s:4:\"name\";s:4:\"name\";s:5:\"title\";s:5:\"title\";s:3:\"nip\";s:3:\"nip\";s:5:\"phone\";s:5:\"phone\";s:7:\"subject\";s:7:\"subject\";}s:6:\"import\";O:45:\"Illuminate\\Contracts\\Database\\ModelIdentifier\":5:{s:5:\"class\";s:38:\"Filament\\Actions\\Imports\\Models\\Import\";s:2:\"id\";i:15;s:9:\"relations\";a:0:{}s:10:\"connection\";s:5:\"mysql\";s:15:\"collectionClass\";N;}s:13:\"jobConnection\";N;s:7:\"options\";a:0:{}}s:8:\"function\";s:3036:\"function () use ($authGuard, $columnMap, $import, $jobConnection, $options): void {\n                    $import->touch(\'completed_at\');\n\n                    event(new \\Filament\\Actions\\Imports\\Events\\ImportCompleted($import, $columnMap, $options));\n\n                    if (! $import->user instanceof \\Illuminate\\Contracts\\Auth\\Authenticatable) { /** @phpstan-ignore instanceof.alwaysTrue */\n                        return;\n                    }\n\n                    $failedRowsCount = $import->getFailedRowsCount();\n\n                    \\Filament\\Notifications\\Notification::make()\n                        ->title($import->importer::getCompletedNotificationTitle($import))\n                        ->body($import->importer::getCompletedNotificationBody($import))\n                        ->when(\n                            ! $failedRowsCount,\n                            fn (\\Filament\\Notifications\\Notification $notification) => $notification->success(),\n                        )\n                        ->when(\n                            $failedRowsCount && ($failedRowsCount < $import->total_rows),\n                            fn (\\Filament\\Notifications\\Notification $notification) => $notification->warning(),\n                        )\n                        ->when(\n                            $failedRowsCount === $import->total_rows,\n                            fn (\\Filament\\Notifications\\Notification $notification) => $notification->danger(),\n                        )\n                        ->when(\n                            $failedRowsCount,\n                            fn (\\Filament\\Notifications\\Notification $notification) => $notification->actions([\n                                \\Filament\\Actions\\Action::make(\'downloadFailedRowsCsv\')\n                                    ->label(trans_choice(\'filament-actions::import.notifications.completed.actions.download_failed_rows_csv.label\', $failedRowsCount, [\n                                        \'count\' => \\Illuminate\\Support\\Number::format($failedRowsCount),\n                                    ]))\n                                    ->color(\'danger\')\n                                    ->url(\\Illuminate\\Support\\Facades\\URL::signedRoute(\'filament.imports.failed-rows.download\', [\'authGuard\' => $authGuard, \'import\' => $import], absolute: false), shouldOpenInNewTab: true)\n                                    ->markAsRead(),\n                            ]),\n                        )\n                        ->when(\n                            ($jobConnection === \'sync\') ||\n                            (blank($jobConnection) && (config(\'queue.default\') === \'sync\')),\n                            fn (\\Filament\\Notifications\\Notification $notification) => $notification\n                                ->persistent()\n                                ->send(),\n                            fn (\\Filament\\Notifications\\Notification $notification) => $notification->sendToDatabase($import->user, isEventDispatched: true),\n                        );\n                }\";s:5:\"scope\";s:29:\"Filament\\Actions\\ImportAction\";s:4:\"this\";N;s:4:\"self\";s:32:\"00000000000006db0000000000000000\";}\";s:4:\"hash\";s:44:\"D0Ivbe2uduquSPyyMMEVwUXjJ/ATtRB1eWgCeqaJAVU=\";}}}}',NULL,1776435556,1776435574),('a190f3bc-91b1-43a2-aa7a-0e24e1378db8','',1,0,0,'[]','a:2:{s:13:\"allowFailures\";b:1;s:7:\"finally\";a:1:{i:0;O:47:\"Laravel\\SerializableClosure\\SerializableClosure\":1:{s:12:\"serializable\";O:46:\"Laravel\\SerializableClosure\\Serializers\\Signed\":2:{s:12:\"serializable\";s:3901:\"O:46:\"Laravel\\SerializableClosure\\Serializers\\Native\":5:{s:3:\"use\";a:5:{s:9:\"authGuard\";s:3:\"web\";s:9:\"columnMap\";a:10:{s:4:\"name\";s:4:\"name\";s:3:\"nis\";s:3:\"nis\";s:4:\"nisn\";s:4:\"nisn\";s:6:\"gender\";s:6:\"gender\";s:5:\"phone\";s:5:\"phone\";s:11:\"birth_place\";s:11:\"birth_place\";s:10:\"birth_date\";s:10:\"birth_date\";s:8:\"religion\";s:8:\"religion\";s:7:\"address\";s:7:\"address\";s:12:\"parent_phone\";s:12:\"parent_phone\";}s:6:\"import\";O:45:\"Illuminate\\Contracts\\Database\\ModelIdentifier\":5:{s:5:\"class\";s:38:\"Filament\\Actions\\Imports\\Models\\Import\";s:2:\"id\";i:16;s:9:\"relations\";a:0:{}s:10:\"connection\";s:5:\"mysql\";s:15:\"collectionClass\";N;}s:13:\"jobConnection\";N;s:7:\"options\";a:2:{s:16:\"student_class_id\";i:1;s:16:\"academic_year_id\";i:1;}}s:8:\"function\";s:3036:\"function () use ($authGuard, $columnMap, $import, $jobConnection, $options): void {\n                    $import->touch(\'completed_at\');\n\n                    event(new \\Filament\\Actions\\Imports\\Events\\ImportCompleted($import, $columnMap, $options));\n\n                    if (! $import->user instanceof \\Illuminate\\Contracts\\Auth\\Authenticatable) { /** @phpstan-ignore instanceof.alwaysTrue */\n                        return;\n                    }\n\n                    $failedRowsCount = $import->getFailedRowsCount();\n\n                    \\Filament\\Notifications\\Notification::make()\n                        ->title($import->importer::getCompletedNotificationTitle($import))\n                        ->body($import->importer::getCompletedNotificationBody($import))\n                        ->when(\n                            ! $failedRowsCount,\n                            fn (\\Filament\\Notifications\\Notification $notification) => $notification->success(),\n                        )\n                        ->when(\n                            $failedRowsCount && ($failedRowsCount < $import->total_rows),\n                            fn (\\Filament\\Notifications\\Notification $notification) => $notification->warning(),\n                        )\n                        ->when(\n                            $failedRowsCount === $import->total_rows,\n                            fn (\\Filament\\Notifications\\Notification $notification) => $notification->danger(),\n                        )\n                        ->when(\n                            $failedRowsCount,\n                            fn (\\Filament\\Notifications\\Notification $notification) => $notification->actions([\n                                \\Filament\\Actions\\Action::make(\'downloadFailedRowsCsv\')\n                                    ->label(trans_choice(\'filament-actions::import.notifications.completed.actions.download_failed_rows_csv.label\', $failedRowsCount, [\n                                        \'count\' => \\Illuminate\\Support\\Number::format($failedRowsCount),\n                                    ]))\n                                    ->color(\'danger\')\n                                    ->url(\\Illuminate\\Support\\Facades\\URL::signedRoute(\'filament.imports.failed-rows.download\', [\'authGuard\' => $authGuard, \'import\' => $import], absolute: false), shouldOpenInNewTab: true)\n                                    ->markAsRead(),\n                            ]),\n                        )\n                        ->when(\n                            ($jobConnection === \'sync\') ||\n                            (blank($jobConnection) && (config(\'queue.default\') === \'sync\')),\n                            fn (\\Filament\\Notifications\\Notification $notification) => $notification\n                                ->persistent()\n                                ->send(),\n                            fn (\\Filament\\Notifications\\Notification $notification) => $notification->sendToDatabase($import->user, isEventDispatched: true),\n                        );\n                }\";s:5:\"scope\";s:29:\"Filament\\Actions\\ImportAction\";s:4:\"this\";N;s:4:\"self\";s:32:\"00000000000007420000000000000000\";}\";s:4:\"hash\";s:44:\"XItskW1MGxPCwQrSdXvlqT95ZoqyYq83cHBDrH5+1tU=\";}}}}',NULL,1776439365,1776439366),('a190f55b-4e8a-450b-be20-a512158620f8','',1,0,0,'[]','a:2:{s:13:\"allowFailures\";b:1;s:7:\"finally\";a:1:{i:0;O:47:\"Laravel\\SerializableClosure\\SerializableClosure\":1:{s:12:\"serializable\";O:46:\"Laravel\\SerializableClosure\\Serializers\\Signed\":2:{s:12:\"serializable\";s:3901:\"O:46:\"Laravel\\SerializableClosure\\Serializers\\Native\":5:{s:3:\"use\";a:5:{s:9:\"authGuard\";s:3:\"web\";s:9:\"columnMap\";a:10:{s:4:\"name\";s:4:\"name\";s:3:\"nis\";s:3:\"nis\";s:4:\"nisn\";s:4:\"nisn\";s:6:\"gender\";s:6:\"gender\";s:5:\"phone\";s:5:\"phone\";s:11:\"birth_place\";s:11:\"birth_place\";s:10:\"birth_date\";s:10:\"birth_date\";s:8:\"religion\";s:8:\"religion\";s:7:\"address\";s:7:\"address\";s:12:\"parent_phone\";s:12:\"parent_phone\";}s:6:\"import\";O:45:\"Illuminate\\Contracts\\Database\\ModelIdentifier\":5:{s:5:\"class\";s:38:\"Filament\\Actions\\Imports\\Models\\Import\";s:2:\"id\";i:17;s:9:\"relations\";a:0:{}s:10:\"connection\";s:5:\"mysql\";s:15:\"collectionClass\";N;}s:13:\"jobConnection\";N;s:7:\"options\";a:2:{s:16:\"student_class_id\";i:1;s:16:\"academic_year_id\";i:1;}}s:8:\"function\";s:3036:\"function () use ($authGuard, $columnMap, $import, $jobConnection, $options): void {\n                    $import->touch(\'completed_at\');\n\n                    event(new \\Filament\\Actions\\Imports\\Events\\ImportCompleted($import, $columnMap, $options));\n\n                    if (! $import->user instanceof \\Illuminate\\Contracts\\Auth\\Authenticatable) { /** @phpstan-ignore instanceof.alwaysTrue */\n                        return;\n                    }\n\n                    $failedRowsCount = $import->getFailedRowsCount();\n\n                    \\Filament\\Notifications\\Notification::make()\n                        ->title($import->importer::getCompletedNotificationTitle($import))\n                        ->body($import->importer::getCompletedNotificationBody($import))\n                        ->when(\n                            ! $failedRowsCount,\n                            fn (\\Filament\\Notifications\\Notification $notification) => $notification->success(),\n                        )\n                        ->when(\n                            $failedRowsCount && ($failedRowsCount < $import->total_rows),\n                            fn (\\Filament\\Notifications\\Notification $notification) => $notification->warning(),\n                        )\n                        ->when(\n                            $failedRowsCount === $import->total_rows,\n                            fn (\\Filament\\Notifications\\Notification $notification) => $notification->danger(),\n                        )\n                        ->when(\n                            $failedRowsCount,\n                            fn (\\Filament\\Notifications\\Notification $notification) => $notification->actions([\n                                \\Filament\\Actions\\Action::make(\'downloadFailedRowsCsv\')\n                                    ->label(trans_choice(\'filament-actions::import.notifications.completed.actions.download_failed_rows_csv.label\', $failedRowsCount, [\n                                        \'count\' => \\Illuminate\\Support\\Number::format($failedRowsCount),\n                                    ]))\n                                    ->color(\'danger\')\n                                    ->url(\\Illuminate\\Support\\Facades\\URL::signedRoute(\'filament.imports.failed-rows.download\', [\'authGuard\' => $authGuard, \'import\' => $import], absolute: false), shouldOpenInNewTab: true)\n                                    ->markAsRead(),\n                            ]),\n                        )\n                        ->when(\n                            ($jobConnection === \'sync\') ||\n                            (blank($jobConnection) && (config(\'queue.default\') === \'sync\')),\n                            fn (\\Filament\\Notifications\\Notification $notification) => $notification\n                                ->persistent()\n                                ->send(),\n                            fn (\\Filament\\Notifications\\Notification $notification) => $notification->sendToDatabase($import->user, isEventDispatched: true),\n                        );\n                }\";s:5:\"scope\";s:29:\"Filament\\Actions\\ImportAction\";s:4:\"this\";N;s:4:\"self\";s:32:\"00000000000007420000000000000000\";}\";s:4:\"hash\";s:44:\"v2AF61joPj+RaDx8qcbfOzXRWtACuM98itdQZkE83Ns=\";}}}}',NULL,1776439637,1776439638),('a190f6cc-4dd7-4268-8d0b-3f804ee6a56f','',1,0,0,'[]','a:2:{s:13:\"allowFailures\";b:1;s:7:\"finally\";a:1:{i:0;O:47:\"Laravel\\SerializableClosure\\SerializableClosure\":1:{s:12:\"serializable\";O:46:\"Laravel\\SerializableClosure\\Serializers\\Signed\":2:{s:12:\"serializable\";s:3901:\"O:46:\"Laravel\\SerializableClosure\\Serializers\\Native\":5:{s:3:\"use\";a:5:{s:9:\"authGuard\";s:3:\"web\";s:9:\"columnMap\";a:10:{s:4:\"name\";s:4:\"name\";s:3:\"nis\";s:3:\"nis\";s:4:\"nisn\";s:4:\"nisn\";s:5:\"phone\";s:5:\"phone\";s:6:\"gender\";s:6:\"gender\";s:11:\"birth_place\";s:11:\"birth_place\";s:10:\"birth_date\";s:10:\"birth_date\";s:8:\"religion\";s:8:\"religion\";s:7:\"address\";s:7:\"address\";s:12:\"parent_phone\";s:12:\"parent_phone\";}s:6:\"import\";O:45:\"Illuminate\\Contracts\\Database\\ModelIdentifier\":5:{s:5:\"class\";s:38:\"Filament\\Actions\\Imports\\Models\\Import\";s:2:\"id\";i:18;s:9:\"relations\";a:0:{}s:10:\"connection\";s:5:\"mysql\";s:15:\"collectionClass\";N;}s:13:\"jobConnection\";N;s:7:\"options\";a:2:{s:16:\"student_class_id\";i:1;s:16:\"academic_year_id\";i:1;}}s:8:\"function\";s:3036:\"function () use ($authGuard, $columnMap, $import, $jobConnection, $options): void {\n                    $import->touch(\'completed_at\');\n\n                    event(new \\Filament\\Actions\\Imports\\Events\\ImportCompleted($import, $columnMap, $options));\n\n                    if (! $import->user instanceof \\Illuminate\\Contracts\\Auth\\Authenticatable) { /** @phpstan-ignore instanceof.alwaysTrue */\n                        return;\n                    }\n\n                    $failedRowsCount = $import->getFailedRowsCount();\n\n                    \\Filament\\Notifications\\Notification::make()\n                        ->title($import->importer::getCompletedNotificationTitle($import))\n                        ->body($import->importer::getCompletedNotificationBody($import))\n                        ->when(\n                            ! $failedRowsCount,\n                            fn (\\Filament\\Notifications\\Notification $notification) => $notification->success(),\n                        )\n                        ->when(\n                            $failedRowsCount && ($failedRowsCount < $import->total_rows),\n                            fn (\\Filament\\Notifications\\Notification $notification) => $notification->warning(),\n                        )\n                        ->when(\n                            $failedRowsCount === $import->total_rows,\n                            fn (\\Filament\\Notifications\\Notification $notification) => $notification->danger(),\n                        )\n                        ->when(\n                            $failedRowsCount,\n                            fn (\\Filament\\Notifications\\Notification $notification) => $notification->actions([\n                                \\Filament\\Actions\\Action::make(\'downloadFailedRowsCsv\')\n                                    ->label(trans_choice(\'filament-actions::import.notifications.completed.actions.download_failed_rows_csv.label\', $failedRowsCount, [\n                                        \'count\' => \\Illuminate\\Support\\Number::format($failedRowsCount),\n                                    ]))\n                                    ->color(\'danger\')\n                                    ->url(\\Illuminate\\Support\\Facades\\URL::signedRoute(\'filament.imports.failed-rows.download\', [\'authGuard\' => $authGuard, \'import\' => $import], absolute: false), shouldOpenInNewTab: true)\n                                    ->markAsRead(),\n                            ]),\n                        )\n                        ->when(\n                            ($jobConnection === \'sync\') ||\n                            (blank($jobConnection) && (config(\'queue.default\') === \'sync\')),\n                            fn (\\Filament\\Notifications\\Notification $notification) => $notification\n                                ->persistent()\n                                ->send(),\n                            fn (\\Filament\\Notifications\\Notification $notification) => $notification->sendToDatabase($import->user, isEventDispatched: true),\n                        );\n                }\";s:5:\"scope\";s:29:\"Filament\\Actions\\ImportAction\";s:4:\"this\";N;s:4:\"self\";s:32:\"0000000000000d190000000000000000\";}\";s:4:\"hash\";s:44:\"MJfGuY7oSUNxzDh18veGhIjzYjlKz0NwuA5+cj7CHR8=\";}}}}',NULL,1776439879,1776439892),('a1927034-e1bc-4f12-8bb1-6a5bfe6c69ce','',1,0,0,'[]','a:2:{s:13:\"allowFailures\";b:1;s:7:\"finally\";a:1:{i:0;O:47:\"Laravel\\SerializableClosure\\SerializableClosure\":1:{s:12:\"serializable\";O:46:\"Laravel\\SerializableClosure\\Serializers\\Signed\":2:{s:12:\"serializable\";s:3901:\"O:46:\"Laravel\\SerializableClosure\\Serializers\\Native\":5:{s:3:\"use\";a:5:{s:9:\"authGuard\";s:3:\"web\";s:9:\"columnMap\";a:10:{s:4:\"name\";s:4:\"name\";s:3:\"nis\";s:3:\"nis\";s:4:\"nisn\";s:4:\"nisn\";s:5:\"phone\";s:5:\"phone\";s:6:\"gender\";s:6:\"gender\";s:11:\"birth_place\";s:11:\"birth_place\";s:10:\"birth_date\";s:10:\"birth_date\";s:8:\"religion\";s:8:\"religion\";s:7:\"address\";s:7:\"address\";s:12:\"parent_phone\";s:12:\"parent_phone\";}s:6:\"import\";O:45:\"Illuminate\\Contracts\\Database\\ModelIdentifier\":5:{s:5:\"class\";s:38:\"Filament\\Actions\\Imports\\Models\\Import\";s:2:\"id\";i:19;s:9:\"relations\";a:0:{}s:10:\"connection\";s:5:\"mysql\";s:15:\"collectionClass\";N;}s:13:\"jobConnection\";N;s:7:\"options\";a:2:{s:16:\"student_class_id\";i:2;s:16:\"academic_year_id\";i:1;}}s:8:\"function\";s:3036:\"function () use ($authGuard, $columnMap, $import, $jobConnection, $options): void {\n                    $import->touch(\'completed_at\');\n\n                    event(new \\Filament\\Actions\\Imports\\Events\\ImportCompleted($import, $columnMap, $options));\n\n                    if (! $import->user instanceof \\Illuminate\\Contracts\\Auth\\Authenticatable) { /** @phpstan-ignore instanceof.alwaysTrue */\n                        return;\n                    }\n\n                    $failedRowsCount = $import->getFailedRowsCount();\n\n                    \\Filament\\Notifications\\Notification::make()\n                        ->title($import->importer::getCompletedNotificationTitle($import))\n                        ->body($import->importer::getCompletedNotificationBody($import))\n                        ->when(\n                            ! $failedRowsCount,\n                            fn (\\Filament\\Notifications\\Notification $notification) => $notification->success(),\n                        )\n                        ->when(\n                            $failedRowsCount && ($failedRowsCount < $import->total_rows),\n                            fn (\\Filament\\Notifications\\Notification $notification) => $notification->warning(),\n                        )\n                        ->when(\n                            $failedRowsCount === $import->total_rows,\n                            fn (\\Filament\\Notifications\\Notification $notification) => $notification->danger(),\n                        )\n                        ->when(\n                            $failedRowsCount,\n                            fn (\\Filament\\Notifications\\Notification $notification) => $notification->actions([\n                                \\Filament\\Actions\\Action::make(\'downloadFailedRowsCsv\')\n                                    ->label(trans_choice(\'filament-actions::import.notifications.completed.actions.download_failed_rows_csv.label\', $failedRowsCount, [\n                                        \'count\' => \\Illuminate\\Support\\Number::format($failedRowsCount),\n                                    ]))\n                                    ->color(\'danger\')\n                                    ->url(\\Illuminate\\Support\\Facades\\URL::signedRoute(\'filament.imports.failed-rows.download\', [\'authGuard\' => $authGuard, \'import\' => $import], absolute: false), shouldOpenInNewTab: true)\n                                    ->markAsRead(),\n                            ]),\n                        )\n                        ->when(\n                            ($jobConnection === \'sync\') ||\n                            (blank($jobConnection) && (config(\'queue.default\') === \'sync\')),\n                            fn (\\Filament\\Notifications\\Notification $notification) => $notification\n                                ->persistent()\n                                ->send(),\n                            fn (\\Filament\\Notifications\\Notification $notification) => $notification->sendToDatabase($import->user, isEventDispatched: true),\n                        );\n                }\";s:5:\"scope\";s:29:\"Filament\\Actions\\ImportAction\";s:4:\"this\";N;s:4:\"self\";s:32:\"00000000000007450000000000000000\";}\";s:4:\"hash\";s:44:\"7jxbTjfrDyJ/WoHMXoBdcyaLqnqp4rsIsFtkxLsClS4=\";}}}}',NULL,1776503198,1776503207),('a192f06a-ee06-46fe-92fb-7244ab27c3e5','',1,0,0,'[]','a:2:{s:13:\"allowFailures\";b:1;s:7:\"finally\";a:1:{i:0;O:47:\"Laravel\\SerializableClosure\\SerializableClosure\":1:{s:12:\"serializable\";O:46:\"Laravel\\SerializableClosure\\Serializers\\Signed\":2:{s:12:\"serializable\";s:3808:\"O:46:\"Laravel\\SerializableClosure\\Serializers\\Native\":5:{s:3:\"use\";a:5:{s:9:\"authGuard\";s:3:\"web\";s:9:\"columnMap\";a:7:{s:4:\"name\";s:4:\"name\";s:7:\"address\";s:7:\"address\";s:9:\"head_name\";s:9:\"head_name\";s:8:\"head_nip\";s:8:\"head_nip\";s:15:\"supervisor_name\";s:15:\"supervisor_name\";s:14:\"supervisor_nip\";s:14:\"supervisor_nip\";s:16:\"supervisor_phone\";s:16:\"supervisor_phone\";}s:6:\"import\";O:45:\"Illuminate\\Contracts\\Database\\ModelIdentifier\":5:{s:5:\"class\";s:38:\"Filament\\Actions\\Imports\\Models\\Import\";s:2:\"id\";i:20;s:9:\"relations\";a:0:{}s:10:\"connection\";s:5:\"mysql\";s:15:\"collectionClass\";N;}s:13:\"jobConnection\";N;s:7:\"options\";a:0:{}}s:8:\"function\";s:3036:\"function () use ($authGuard, $columnMap, $import, $jobConnection, $options): void {\n                    $import->touch(\'completed_at\');\n\n                    event(new \\Filament\\Actions\\Imports\\Events\\ImportCompleted($import, $columnMap, $options));\n\n                    if (! $import->user instanceof \\Illuminate\\Contracts\\Auth\\Authenticatable) { /** @phpstan-ignore instanceof.alwaysTrue */\n                        return;\n                    }\n\n                    $failedRowsCount = $import->getFailedRowsCount();\n\n                    \\Filament\\Notifications\\Notification::make()\n                        ->title($import->importer::getCompletedNotificationTitle($import))\n                        ->body($import->importer::getCompletedNotificationBody($import))\n                        ->when(\n                            ! $failedRowsCount,\n                            fn (\\Filament\\Notifications\\Notification $notification) => $notification->success(),\n                        )\n                        ->when(\n                            $failedRowsCount && ($failedRowsCount < $import->total_rows),\n                            fn (\\Filament\\Notifications\\Notification $notification) => $notification->warning(),\n                        )\n                        ->when(\n                            $failedRowsCount === $import->total_rows,\n                            fn (\\Filament\\Notifications\\Notification $notification) => $notification->danger(),\n                        )\n                        ->when(\n                            $failedRowsCount,\n                            fn (\\Filament\\Notifications\\Notification $notification) => $notification->actions([\n                                \\Filament\\Actions\\Action::make(\'downloadFailedRowsCsv\')\n                                    ->label(trans_choice(\'filament-actions::import.notifications.completed.actions.download_failed_rows_csv.label\', $failedRowsCount, [\n                                        \'count\' => \\Illuminate\\Support\\Number::format($failedRowsCount),\n                                    ]))\n                                    ->color(\'danger\')\n                                    ->url(\\Illuminate\\Support\\Facades\\URL::signedRoute(\'filament.imports.failed-rows.download\', [\'authGuard\' => $authGuard, \'import\' => $import], absolute: false), shouldOpenInNewTab: true)\n                                    ->markAsRead(),\n                            ]),\n                        )\n                        ->when(\n                            ($jobConnection === \'sync\') ||\n                            (blank($jobConnection) && (config(\'queue.default\') === \'sync\')),\n                            fn (\\Filament\\Notifications\\Notification $notification) => $notification\n                                ->persistent()\n                                ->send(),\n                            fn (\\Filament\\Notifications\\Notification $notification) => $notification->sendToDatabase($import->user, isEventDispatched: true),\n                        );\n                }\";s:5:\"scope\";s:29:\"Filament\\Actions\\ImportAction\";s:4:\"this\";N;s:4:\"self\";s:32:\"0000000000000cc80000000000000000\";}\";s:4:\"hash\";s:44:\"UHpbxMfFK7iysrkgaYM2GoH9pmLwrgwjEBnSLV0VrXQ=\";}}}}',NULL,1776524708,1776524711),('a19300ed-801d-4c89-aa14-390f4e1de8b8','',2,0,0,'[]','a:2:{s:13:\"allowFailures\";b:1;s:7:\"finally\";a:1:{i:0;O:47:\"Laravel\\SerializableClosure\\SerializableClosure\":1:{s:12:\"serializable\";O:46:\"Laravel\\SerializableClosure\\Serializers\\Signed\":2:{s:12:\"serializable\";s:6852:\"O:46:\"Laravel\\SerializableClosure\\Serializers\\Native\":5:{s:3:\"use\";a:1:{s:4:\"next\";O:46:\"Filament\\Actions\\Exports\\Jobs\\ExportCompletion\":8:{s:11:\"\0*\0exporter\";O:41:\"App\\Filament\\Exports\\PklPlacementExporter\":3:{s:9:\"\0*\0export\";O:38:\"Filament\\Actions\\Exports\\Models\\Export\":33:{s:13:\"\0*\0connection\";s:5:\"mysql\";s:8:\"\0*\0table\";N;s:13:\"\0*\0primaryKey\";s:2:\"id\";s:10:\"\0*\0keyType\";s:3:\"int\";s:12:\"incrementing\";b:1;s:7:\"\0*\0with\";a:0:{}s:12:\"\0*\0withCount\";a:0:{}s:19:\"preventsLazyLoading\";b:0;s:10:\"\0*\0perPage\";i:15;s:6:\"exists\";b:1;s:18:\"wasRecentlyCreated\";b:1;s:28:\"\0*\0escapeWhenCastingToString\";b:0;s:13:\"\0*\0attributes\";a:8:{s:7:\"user_id\";i:1;s:8:\"exporter\";s:41:\"App\\Filament\\Exports\\PklPlacementExporter\";s:10:\"total_rows\";i:2;s:9:\"file_disk\";s:5:\"local\";s:10:\"updated_at\";s:19:\"2026-04-18 22:51:15\";s:10:\"created_at\";s:19:\"2026-04-18 22:51:15\";s:2:\"id\";i:1;s:9:\"file_name\";s:23:\"ekspor-1-pkl-placements\";}s:11:\"\0*\0original\";a:8:{s:7:\"user_id\";i:1;s:8:\"exporter\";s:41:\"App\\Filament\\Exports\\PklPlacementExporter\";s:10:\"total_rows\";i:2;s:9:\"file_disk\";s:5:\"local\";s:10:\"updated_at\";s:19:\"2026-04-18 22:51:15\";s:10:\"created_at\";s:19:\"2026-04-18 22:51:15\";s:2:\"id\";i:1;s:9:\"file_name\";s:23:\"ekspor-1-pkl-placements\";}s:10:\"\0*\0changes\";a:1:{s:9:\"file_name\";s:23:\"ekspor-1-pkl-placements\";}s:11:\"\0*\0previous\";a:0:{}s:8:\"\0*\0casts\";a:4:{s:12:\"completed_at\";s:9:\"timestamp\";s:14:\"processed_rows\";s:7:\"integer\";s:10:\"total_rows\";s:7:\"integer\";s:15:\"successful_rows\";s:7:\"integer\";}s:17:\"\0*\0classCastCache\";a:0:{}s:21:\"\0*\0attributeCastCache\";a:0:{}s:13:\"\0*\0dateFormat\";N;s:10:\"\0*\0appends\";a:0:{}s:19:\"\0*\0dispatchesEvents\";a:0:{}s:14:\"\0*\0observables\";a:0:{}s:12:\"\0*\0relations\";a:0:{}s:10:\"\0*\0touches\";a:0:{}s:27:\"\0*\0relationAutoloadCallback\";N;s:26:\"\0*\0relationAutoloadContext\";N;s:10:\"timestamps\";b:1;s:13:\"usesUniqueIds\";b:0;s:9:\"\0*\0hidden\";a:0:{}s:10:\"\0*\0visible\";a:0:{}s:11:\"\0*\0fillable\";a:0:{}s:10:\"\0*\0guarded\";a:0:{}}s:12:\"\0*\0columnMap\";a:12:{s:17:\"academicYear.name\";s:12:\"Tahun Ajaran\";s:11:\"student.nis\";s:9:\"NIS Siswa\";s:12:\"student.name\";s:10:\"Nama Siswa\";s:25:\"student.studentClass.name\";s:11:\"Kelas Siswa\";s:11:\"dudika.name\";s:11:\"Nama DUDIKA\";s:12:\"teacher.name\";s:15:\"Guru Pembimbing\";s:10:\"start_date\";s:13:\"Tanggal Mulai\";s:8:\"end_date\";s:15:\"Tanggal Selesai\";s:8:\"latitude\";s:8:\"Latitude\";s:9:\"longitude\";s:9:\"Longitude\";s:6:\"radius\";s:14:\"Radius (Meter)\";s:6:\"status\";s:10:\"Status PKL\";}s:10:\"\0*\0options\";a:0:{}}s:9:\"\0*\0export\";O:45:\"Illuminate\\Contracts\\Database\\ModelIdentifier\":5:{s:5:\"class\";s:38:\"Filament\\Actions\\Exports\\Models\\Export\";s:2:\"id\";i:1;s:9:\"relations\";a:0:{}s:10:\"connection\";s:5:\"mysql\";s:15:\"collectionClass\";N;}s:12:\"\0*\0columnMap\";a:12:{s:17:\"academicYear.name\";s:12:\"Tahun Ajaran\";s:11:\"student.nis\";s:9:\"NIS Siswa\";s:12:\"student.name\";s:10:\"Nama Siswa\";s:25:\"student.studentClass.name\";s:11:\"Kelas Siswa\";s:11:\"dudika.name\";s:11:\"Nama DUDIKA\";s:12:\"teacher.name\";s:15:\"Guru Pembimbing\";s:10:\"start_date\";s:13:\"Tanggal Mulai\";s:8:\"end_date\";s:15:\"Tanggal Selesai\";s:8:\"latitude\";s:8:\"Latitude\";s:9:\"longitude\";s:9:\"Longitude\";s:6:\"radius\";s:14:\"Radius (Meter)\";s:6:\"status\";s:10:\"Status PKL\";}s:10:\"\0*\0formats\";a:2:{i:0;E:47:\"Filament\\Actions\\Exports\\Enums\\ExportFormat:Csv\";i:1;E:48:\"Filament\\Actions\\Exports\\Enums\\ExportFormat:Xlsx\";}s:10:\"\0*\0options\";a:0:{}s:12:\"\0*\0authGuard\";s:3:\"web\";s:7:\"chained\";a:1:{i:0;s:3062:\"O:44:\"Filament\\Actions\\Exports\\Jobs\\CreateXlsxFile\":4:{s:11:\"\0*\0exporter\";O:41:\"App\\Filament\\Exports\\PklPlacementExporter\":3:{s:9:\"\0*\0export\";O:38:\"Filament\\Actions\\Exports\\Models\\Export\":33:{s:13:\"\0*\0connection\";s:5:\"mysql\";s:8:\"\0*\0table\";N;s:13:\"\0*\0primaryKey\";s:2:\"id\";s:10:\"\0*\0keyType\";s:3:\"int\";s:12:\"incrementing\";b:1;s:7:\"\0*\0with\";a:0:{}s:12:\"\0*\0withCount\";a:0:{}s:19:\"preventsLazyLoading\";b:0;s:10:\"\0*\0perPage\";i:15;s:6:\"exists\";b:1;s:18:\"wasRecentlyCreated\";b:1;s:28:\"\0*\0escapeWhenCastingToString\";b:0;s:13:\"\0*\0attributes\";a:8:{s:7:\"user_id\";i:1;s:8:\"exporter\";s:41:\"App\\Filament\\Exports\\PklPlacementExporter\";s:10:\"total_rows\";i:2;s:9:\"file_disk\";s:5:\"local\";s:10:\"updated_at\";s:19:\"2026-04-18 22:51:15\";s:10:\"created_at\";s:19:\"2026-04-18 22:51:15\";s:2:\"id\";i:1;s:9:\"file_name\";s:23:\"ekspor-1-pkl-placements\";}s:11:\"\0*\0original\";a:8:{s:7:\"user_id\";i:1;s:8:\"exporter\";s:41:\"App\\Filament\\Exports\\PklPlacementExporter\";s:10:\"total_rows\";i:2;s:9:\"file_disk\";s:5:\"local\";s:10:\"updated_at\";s:19:\"2026-04-18 22:51:15\";s:10:\"created_at\";s:19:\"2026-04-18 22:51:15\";s:2:\"id\";i:1;s:9:\"file_name\";s:23:\"ekspor-1-pkl-placements\";}s:10:\"\0*\0changes\";a:1:{s:9:\"file_name\";s:23:\"ekspor-1-pkl-placements\";}s:11:\"\0*\0previous\";a:0:{}s:8:\"\0*\0casts\";a:4:{s:12:\"completed_at\";s:9:\"timestamp\";s:14:\"processed_rows\";s:7:\"integer\";s:10:\"total_rows\";s:7:\"integer\";s:15:\"successful_rows\";s:7:\"integer\";}s:17:\"\0*\0classCastCache\";a:0:{}s:21:\"\0*\0attributeCastCache\";a:0:{}s:13:\"\0*\0dateFormat\";N;s:10:\"\0*\0appends\";a:0:{}s:19:\"\0*\0dispatchesEvents\";a:0:{}s:14:\"\0*\0observables\";a:0:{}s:12:\"\0*\0relations\";a:0:{}s:10:\"\0*\0touches\";a:0:{}s:27:\"\0*\0relationAutoloadCallback\";N;s:26:\"\0*\0relationAutoloadContext\";N;s:10:\"timestamps\";b:1;s:13:\"usesUniqueIds\";b:0;s:9:\"\0*\0hidden\";a:0:{}s:10:\"\0*\0visible\";a:0:{}s:11:\"\0*\0fillable\";a:0:{}s:10:\"\0*\0guarded\";a:0:{}}s:12:\"\0*\0columnMap\";a:12:{s:17:\"academicYear.name\";s:12:\"Tahun Ajaran\";s:11:\"student.nis\";s:9:\"NIS Siswa\";s:12:\"student.name\";s:10:\"Nama Siswa\";s:25:\"student.studentClass.name\";s:11:\"Kelas Siswa\";s:11:\"dudika.name\";s:11:\"Nama DUDIKA\";s:12:\"teacher.name\";s:15:\"Guru Pembimbing\";s:10:\"start_date\";s:13:\"Tanggal Mulai\";s:8:\"end_date\";s:15:\"Tanggal Selesai\";s:8:\"latitude\";s:8:\"Latitude\";s:9:\"longitude\";s:9:\"Longitude\";s:6:\"radius\";s:14:\"Radius (Meter)\";s:6:\"status\";s:10:\"Status PKL\";}s:10:\"\0*\0options\";a:0:{}}s:9:\"\0*\0export\";O:45:\"Illuminate\\Contracts\\Database\\ModelIdentifier\":5:{s:5:\"class\";s:38:\"Filament\\Actions\\Exports\\Models\\Export\";s:2:\"id\";i:1;s:9:\"relations\";a:0:{}s:10:\"connection\";s:5:\"mysql\";s:15:\"collectionClass\";N;}s:12:\"\0*\0columnMap\";a:12:{s:17:\"academicYear.name\";s:12:\"Tahun Ajaran\";s:11:\"student.nis\";s:9:\"NIS Siswa\";s:12:\"student.name\";s:10:\"Nama Siswa\";s:25:\"student.studentClass.name\";s:11:\"Kelas Siswa\";s:11:\"dudika.name\";s:11:\"Nama DUDIKA\";s:12:\"teacher.name\";s:15:\"Guru Pembimbing\";s:10:\"start_date\";s:13:\"Tanggal Mulai\";s:8:\"end_date\";s:15:\"Tanggal Selesai\";s:8:\"latitude\";s:8:\"Latitude\";s:9:\"longitude\";s:9:\"Longitude\";s:6:\"radius\";s:14:\"Radius (Meter)\";s:6:\"status\";s:10:\"Status PKL\";}s:10:\"\0*\0options\";a:0:{}}\";}s:19:\"chainCatchCallbacks\";a:0:{}}}s:8:\"function\";s:266:\"function (\\Illuminate\\Bus\\Batch $batch) use ($next) {\n                if (! $batch->cancelled()) {\n                    \\Illuminate\\Container\\Container::getInstance()->make(\\Illuminate\\Contracts\\Bus\\Dispatcher::class)->dispatch($next);\n                }\n            }\";s:5:\"scope\";s:27:\"Illuminate\\Bus\\ChainedBatch\";s:4:\"this\";N;s:4:\"self\";s:32:\"0000000000000e950000000000000000\";}\";s:4:\"hash\";s:44:\"i1wkwcVJeie9qOD3s6g+eUu4Lgqt2tJ4IaA/GSLOWjQ=\";}}}}',NULL,1776527478,1776527478),('a1930285-1d93-4952-9137-867c9e75a81b','',2,0,0,'[]','a:2:{s:13:\"allowFailures\";b:1;s:7:\"finally\";a:1:{i:0;O:47:\"Laravel\\SerializableClosure\\SerializableClosure\":1:{s:12:\"serializable\";O:46:\"Laravel\\SerializableClosure\\Serializers\\Signed\":2:{s:12:\"serializable\";s:6852:\"O:46:\"Laravel\\SerializableClosure\\Serializers\\Native\":5:{s:3:\"use\";a:1:{s:4:\"next\";O:46:\"Filament\\Actions\\Exports\\Jobs\\ExportCompletion\":8:{s:11:\"\0*\0exporter\";O:41:\"App\\Filament\\Exports\\PklPlacementExporter\":3:{s:9:\"\0*\0export\";O:38:\"Filament\\Actions\\Exports\\Models\\Export\":33:{s:13:\"\0*\0connection\";s:5:\"mysql\";s:8:\"\0*\0table\";N;s:13:\"\0*\0primaryKey\";s:2:\"id\";s:10:\"\0*\0keyType\";s:3:\"int\";s:12:\"incrementing\";b:1;s:7:\"\0*\0with\";a:0:{}s:12:\"\0*\0withCount\";a:0:{}s:19:\"preventsLazyLoading\";b:0;s:10:\"\0*\0perPage\";i:15;s:6:\"exists\";b:1;s:18:\"wasRecentlyCreated\";b:1;s:28:\"\0*\0escapeWhenCastingToString\";b:0;s:13:\"\0*\0attributes\";a:8:{s:7:\"user_id\";i:1;s:8:\"exporter\";s:41:\"App\\Filament\\Exports\\PklPlacementExporter\";s:10:\"total_rows\";i:2;s:9:\"file_disk\";s:5:\"local\";s:10:\"updated_at\";s:19:\"2026-04-18 22:55:42\";s:10:\"created_at\";s:19:\"2026-04-18 22:55:42\";s:2:\"id\";i:2;s:9:\"file_name\";s:23:\"ekspor-2-pkl-placements\";}s:11:\"\0*\0original\";a:8:{s:7:\"user_id\";i:1;s:8:\"exporter\";s:41:\"App\\Filament\\Exports\\PklPlacementExporter\";s:10:\"total_rows\";i:2;s:9:\"file_disk\";s:5:\"local\";s:10:\"updated_at\";s:19:\"2026-04-18 22:55:42\";s:10:\"created_at\";s:19:\"2026-04-18 22:55:42\";s:2:\"id\";i:2;s:9:\"file_name\";s:23:\"ekspor-2-pkl-placements\";}s:10:\"\0*\0changes\";a:1:{s:9:\"file_name\";s:23:\"ekspor-2-pkl-placements\";}s:11:\"\0*\0previous\";a:0:{}s:8:\"\0*\0casts\";a:4:{s:12:\"completed_at\";s:9:\"timestamp\";s:14:\"processed_rows\";s:7:\"integer\";s:10:\"total_rows\";s:7:\"integer\";s:15:\"successful_rows\";s:7:\"integer\";}s:17:\"\0*\0classCastCache\";a:0:{}s:21:\"\0*\0attributeCastCache\";a:0:{}s:13:\"\0*\0dateFormat\";N;s:10:\"\0*\0appends\";a:0:{}s:19:\"\0*\0dispatchesEvents\";a:0:{}s:14:\"\0*\0observables\";a:0:{}s:12:\"\0*\0relations\";a:0:{}s:10:\"\0*\0touches\";a:0:{}s:27:\"\0*\0relationAutoloadCallback\";N;s:26:\"\0*\0relationAutoloadContext\";N;s:10:\"timestamps\";b:1;s:13:\"usesUniqueIds\";b:0;s:9:\"\0*\0hidden\";a:0:{}s:10:\"\0*\0visible\";a:0:{}s:11:\"\0*\0fillable\";a:0:{}s:10:\"\0*\0guarded\";a:0:{}}s:12:\"\0*\0columnMap\";a:12:{s:17:\"academicYear.name\";s:12:\"Tahun Ajaran\";s:11:\"student.nis\";s:9:\"NIS Siswa\";s:12:\"student.name\";s:10:\"Nama Siswa\";s:25:\"student.studentClass.name\";s:11:\"Kelas Siswa\";s:11:\"dudika.name\";s:11:\"Nama DUDIKA\";s:12:\"teacher.name\";s:15:\"Guru Pembimbing\";s:10:\"start_date\";s:13:\"Tanggal Mulai\";s:8:\"end_date\";s:15:\"Tanggal Selesai\";s:8:\"latitude\";s:8:\"Latitude\";s:9:\"longitude\";s:9:\"Longitude\";s:6:\"radius\";s:14:\"Radius (Meter)\";s:6:\"status\";s:10:\"Status PKL\";}s:10:\"\0*\0options\";a:0:{}}s:9:\"\0*\0export\";O:45:\"Illuminate\\Contracts\\Database\\ModelIdentifier\":5:{s:5:\"class\";s:38:\"Filament\\Actions\\Exports\\Models\\Export\";s:2:\"id\";i:2;s:9:\"relations\";a:0:{}s:10:\"connection\";s:5:\"mysql\";s:15:\"collectionClass\";N;}s:12:\"\0*\0columnMap\";a:12:{s:17:\"academicYear.name\";s:12:\"Tahun Ajaran\";s:11:\"student.nis\";s:9:\"NIS Siswa\";s:12:\"student.name\";s:10:\"Nama Siswa\";s:25:\"student.studentClass.name\";s:11:\"Kelas Siswa\";s:11:\"dudika.name\";s:11:\"Nama DUDIKA\";s:12:\"teacher.name\";s:15:\"Guru Pembimbing\";s:10:\"start_date\";s:13:\"Tanggal Mulai\";s:8:\"end_date\";s:15:\"Tanggal Selesai\";s:8:\"latitude\";s:8:\"Latitude\";s:9:\"longitude\";s:9:\"Longitude\";s:6:\"radius\";s:14:\"Radius (Meter)\";s:6:\"status\";s:10:\"Status PKL\";}s:10:\"\0*\0formats\";a:2:{i:0;E:47:\"Filament\\Actions\\Exports\\Enums\\ExportFormat:Csv\";i:1;E:48:\"Filament\\Actions\\Exports\\Enums\\ExportFormat:Xlsx\";}s:10:\"\0*\0options\";a:0:{}s:12:\"\0*\0authGuard\";s:3:\"web\";s:7:\"chained\";a:1:{i:0;s:3062:\"O:44:\"Filament\\Actions\\Exports\\Jobs\\CreateXlsxFile\":4:{s:11:\"\0*\0exporter\";O:41:\"App\\Filament\\Exports\\PklPlacementExporter\":3:{s:9:\"\0*\0export\";O:38:\"Filament\\Actions\\Exports\\Models\\Export\":33:{s:13:\"\0*\0connection\";s:5:\"mysql\";s:8:\"\0*\0table\";N;s:13:\"\0*\0primaryKey\";s:2:\"id\";s:10:\"\0*\0keyType\";s:3:\"int\";s:12:\"incrementing\";b:1;s:7:\"\0*\0with\";a:0:{}s:12:\"\0*\0withCount\";a:0:{}s:19:\"preventsLazyLoading\";b:0;s:10:\"\0*\0perPage\";i:15;s:6:\"exists\";b:1;s:18:\"wasRecentlyCreated\";b:1;s:28:\"\0*\0escapeWhenCastingToString\";b:0;s:13:\"\0*\0attributes\";a:8:{s:7:\"user_id\";i:1;s:8:\"exporter\";s:41:\"App\\Filament\\Exports\\PklPlacementExporter\";s:10:\"total_rows\";i:2;s:9:\"file_disk\";s:5:\"local\";s:10:\"updated_at\";s:19:\"2026-04-18 22:55:42\";s:10:\"created_at\";s:19:\"2026-04-18 22:55:42\";s:2:\"id\";i:2;s:9:\"file_name\";s:23:\"ekspor-2-pkl-placements\";}s:11:\"\0*\0original\";a:8:{s:7:\"user_id\";i:1;s:8:\"exporter\";s:41:\"App\\Filament\\Exports\\PklPlacementExporter\";s:10:\"total_rows\";i:2;s:9:\"file_disk\";s:5:\"local\";s:10:\"updated_at\";s:19:\"2026-04-18 22:55:42\";s:10:\"created_at\";s:19:\"2026-04-18 22:55:42\";s:2:\"id\";i:2;s:9:\"file_name\";s:23:\"ekspor-2-pkl-placements\";}s:10:\"\0*\0changes\";a:1:{s:9:\"file_name\";s:23:\"ekspor-2-pkl-placements\";}s:11:\"\0*\0previous\";a:0:{}s:8:\"\0*\0casts\";a:4:{s:12:\"completed_at\";s:9:\"timestamp\";s:14:\"processed_rows\";s:7:\"integer\";s:10:\"total_rows\";s:7:\"integer\";s:15:\"successful_rows\";s:7:\"integer\";}s:17:\"\0*\0classCastCache\";a:0:{}s:21:\"\0*\0attributeCastCache\";a:0:{}s:13:\"\0*\0dateFormat\";N;s:10:\"\0*\0appends\";a:0:{}s:19:\"\0*\0dispatchesEvents\";a:0:{}s:14:\"\0*\0observables\";a:0:{}s:12:\"\0*\0relations\";a:0:{}s:10:\"\0*\0touches\";a:0:{}s:27:\"\0*\0relationAutoloadCallback\";N;s:26:\"\0*\0relationAutoloadContext\";N;s:10:\"timestamps\";b:1;s:13:\"usesUniqueIds\";b:0;s:9:\"\0*\0hidden\";a:0:{}s:10:\"\0*\0visible\";a:0:{}s:11:\"\0*\0fillable\";a:0:{}s:10:\"\0*\0guarded\";a:0:{}}s:12:\"\0*\0columnMap\";a:12:{s:17:\"academicYear.name\";s:12:\"Tahun Ajaran\";s:11:\"student.nis\";s:9:\"NIS Siswa\";s:12:\"student.name\";s:10:\"Nama Siswa\";s:25:\"student.studentClass.name\";s:11:\"Kelas Siswa\";s:11:\"dudika.name\";s:11:\"Nama DUDIKA\";s:12:\"teacher.name\";s:15:\"Guru Pembimbing\";s:10:\"start_date\";s:13:\"Tanggal Mulai\";s:8:\"end_date\";s:15:\"Tanggal Selesai\";s:8:\"latitude\";s:8:\"Latitude\";s:9:\"longitude\";s:9:\"Longitude\";s:6:\"radius\";s:14:\"Radius (Meter)\";s:6:\"status\";s:10:\"Status PKL\";}s:10:\"\0*\0options\";a:0:{}}s:9:\"\0*\0export\";O:45:\"Illuminate\\Contracts\\Database\\ModelIdentifier\":5:{s:5:\"class\";s:38:\"Filament\\Actions\\Exports\\Models\\Export\";s:2:\"id\";i:2;s:9:\"relations\";a:0:{}s:10:\"connection\";s:5:\"mysql\";s:15:\"collectionClass\";N;}s:12:\"\0*\0columnMap\";a:12:{s:17:\"academicYear.name\";s:12:\"Tahun Ajaran\";s:11:\"student.nis\";s:9:\"NIS Siswa\";s:12:\"student.name\";s:10:\"Nama Siswa\";s:25:\"student.studentClass.name\";s:11:\"Kelas Siswa\";s:11:\"dudika.name\";s:11:\"Nama DUDIKA\";s:12:\"teacher.name\";s:15:\"Guru Pembimbing\";s:10:\"start_date\";s:13:\"Tanggal Mulai\";s:8:\"end_date\";s:15:\"Tanggal Selesai\";s:8:\"latitude\";s:8:\"Latitude\";s:9:\"longitude\";s:9:\"Longitude\";s:6:\"radius\";s:14:\"Radius (Meter)\";s:6:\"status\";s:10:\"Status PKL\";}s:10:\"\0*\0options\";a:0:{}}\";}s:19:\"chainCatchCallbacks\";a:0:{}}}s:8:\"function\";s:266:\"function (\\Illuminate\\Bus\\Batch $batch) use ($next) {\n                if (! $batch->cancelled()) {\n                    \\Illuminate\\Container\\Container::getInstance()->make(\\Illuminate\\Contracts\\Bus\\Dispatcher::class)->dispatch($next);\n                }\n            }\";s:5:\"scope\";s:27:\"Illuminate\\Bus\\ChainedBatch\";s:4:\"this\";N;s:4:\"self\";s:32:\"0000000000000df00000000000000000\";}\";s:4:\"hash\";s:44:\"9OVl3CVQHAfSfglqRdKbcHL3qZDhgw9YcYDC1XL7UNk=\";}}}}',NULL,1776527745,1776527745),('a19304ae-27cd-4bdc-9f56-b76390e9fcf7','',2,0,0,'[]','a:2:{s:13:\"allowFailures\";b:1;s:7:\"finally\";a:1:{i:0;O:47:\"Laravel\\SerializableClosure\\SerializableClosure\":1:{s:12:\"serializable\";O:46:\"Laravel\\SerializableClosure\\Serializers\\Signed\":2:{s:12:\"serializable\";s:7188:\"O:46:\"Laravel\\SerializableClosure\\Serializers\\Native\":5:{s:3:\"use\";a:1:{s:4:\"next\";O:46:\"Filament\\Actions\\Exports\\Jobs\\ExportCompletion\":8:{s:11:\"\0*\0exporter\";O:41:\"App\\Filament\\Exports\\PklPlacementExporter\":3:{s:9:\"\0*\0export\";O:38:\"Filament\\Actions\\Exports\\Models\\Export\":33:{s:13:\"\0*\0connection\";s:5:\"mysql\";s:8:\"\0*\0table\";N;s:13:\"\0*\0primaryKey\";s:2:\"id\";s:10:\"\0*\0keyType\";s:3:\"int\";s:12:\"incrementing\";b:1;s:7:\"\0*\0with\";a:0:{}s:12:\"\0*\0withCount\";a:0:{}s:19:\"preventsLazyLoading\";b:0;s:10:\"\0*\0perPage\";i:15;s:6:\"exists\";b:1;s:18:\"wasRecentlyCreated\";b:1;s:28:\"\0*\0escapeWhenCastingToString\";b:0;s:13:\"\0*\0attributes\";a:8:{s:7:\"user_id\";i:1;s:8:\"exporter\";s:41:\"App\\Filament\\Exports\\PklPlacementExporter\";s:10:\"total_rows\";i:2;s:9:\"file_disk\";s:5:\"local\";s:10:\"updated_at\";s:19:\"2026-04-18 23:01:44\";s:10:\"created_at\";s:19:\"2026-04-18 23:01:44\";s:2:\"id\";i:3;s:9:\"file_name\";s:23:\"ekspor-3-pkl-placements\";}s:11:\"\0*\0original\";a:8:{s:7:\"user_id\";i:1;s:8:\"exporter\";s:41:\"App\\Filament\\Exports\\PklPlacementExporter\";s:10:\"total_rows\";i:2;s:9:\"file_disk\";s:5:\"local\";s:10:\"updated_at\";s:19:\"2026-04-18 23:01:44\";s:10:\"created_at\";s:19:\"2026-04-18 23:01:44\";s:2:\"id\";i:3;s:9:\"file_name\";s:23:\"ekspor-3-pkl-placements\";}s:10:\"\0*\0changes\";a:1:{s:9:\"file_name\";s:23:\"ekspor-3-pkl-placements\";}s:11:\"\0*\0previous\";a:0:{}s:8:\"\0*\0casts\";a:4:{s:12:\"completed_at\";s:9:\"timestamp\";s:14:\"processed_rows\";s:7:\"integer\";s:10:\"total_rows\";s:7:\"integer\";s:15:\"successful_rows\";s:7:\"integer\";}s:17:\"\0*\0classCastCache\";a:0:{}s:21:\"\0*\0attributeCastCache\";a:0:{}s:13:\"\0*\0dateFormat\";N;s:10:\"\0*\0appends\";a:0:{}s:19:\"\0*\0dispatchesEvents\";a:0:{}s:14:\"\0*\0observables\";a:0:{}s:12:\"\0*\0relations\";a:0:{}s:10:\"\0*\0touches\";a:0:{}s:27:\"\0*\0relationAutoloadCallback\";N;s:26:\"\0*\0relationAutoloadContext\";N;s:10:\"timestamps\";b:1;s:13:\"usesUniqueIds\";b:0;s:9:\"\0*\0hidden\";a:0:{}s:10:\"\0*\0visible\";a:0:{}s:11:\"\0*\0fillable\";a:0:{}s:10:\"\0*\0guarded\";a:0:{}}s:12:\"\0*\0columnMap\";a:13:{s:17:\"academicYear.name\";s:12:\"Tahun Ajaran\";s:11:\"student.nis\";s:9:\"NIS Siswa\";s:12:\"student.name\";s:10:\"Nama Siswa\";s:25:\"student.studentClass.name\";s:11:\"Kelas Siswa\";s:11:\"dudika.name\";s:11:\"Nama DUDIKA\";s:14:\"dudika.address\";s:13:\"Alamat DUDIKA\";s:12:\"teacher.name\";s:25:\"Guru Pembimbing (Sekolah)\";s:22:\"dudika.supervisor_name\";s:28:\"Pembimbing Lapangan (DUDIKA)\";s:10:\"start_date\";s:13:\"Tanggal Mulai\";s:8:\"end_date\";s:15:\"Tanggal Selesai\";s:8:\"latitude\";s:8:\"Latitude\";s:9:\"longitude\";s:9:\"Longitude\";s:6:\"status\";s:10:\"Status PKL\";}s:10:\"\0*\0options\";a:0:{}}s:9:\"\0*\0export\";O:45:\"Illuminate\\Contracts\\Database\\ModelIdentifier\":5:{s:5:\"class\";s:38:\"Filament\\Actions\\Exports\\Models\\Export\";s:2:\"id\";i:3;s:9:\"relations\";a:0:{}s:10:\"connection\";s:5:\"mysql\";s:15:\"collectionClass\";N;}s:12:\"\0*\0columnMap\";a:13:{s:17:\"academicYear.name\";s:12:\"Tahun Ajaran\";s:11:\"student.nis\";s:9:\"NIS Siswa\";s:12:\"student.name\";s:10:\"Nama Siswa\";s:25:\"student.studentClass.name\";s:11:\"Kelas Siswa\";s:11:\"dudika.name\";s:11:\"Nama DUDIKA\";s:14:\"dudika.address\";s:13:\"Alamat DUDIKA\";s:12:\"teacher.name\";s:25:\"Guru Pembimbing (Sekolah)\";s:22:\"dudika.supervisor_name\";s:28:\"Pembimbing Lapangan (DUDIKA)\";s:10:\"start_date\";s:13:\"Tanggal Mulai\";s:8:\"end_date\";s:15:\"Tanggal Selesai\";s:8:\"latitude\";s:8:\"Latitude\";s:9:\"longitude\";s:9:\"Longitude\";s:6:\"status\";s:10:\"Status PKL\";}s:10:\"\0*\0formats\";a:2:{i:0;E:47:\"Filament\\Actions\\Exports\\Enums\\ExportFormat:Csv\";i:1;E:48:\"Filament\\Actions\\Exports\\Enums\\ExportFormat:Xlsx\";}s:10:\"\0*\0options\";a:0:{}s:12:\"\0*\0authGuard\";s:3:\"web\";s:7:\"chained\";a:1:{i:0;s:3230:\"O:44:\"Filament\\Actions\\Exports\\Jobs\\CreateXlsxFile\":4:{s:11:\"\0*\0exporter\";O:41:\"App\\Filament\\Exports\\PklPlacementExporter\":3:{s:9:\"\0*\0export\";O:38:\"Filament\\Actions\\Exports\\Models\\Export\":33:{s:13:\"\0*\0connection\";s:5:\"mysql\";s:8:\"\0*\0table\";N;s:13:\"\0*\0primaryKey\";s:2:\"id\";s:10:\"\0*\0keyType\";s:3:\"int\";s:12:\"incrementing\";b:1;s:7:\"\0*\0with\";a:0:{}s:12:\"\0*\0withCount\";a:0:{}s:19:\"preventsLazyLoading\";b:0;s:10:\"\0*\0perPage\";i:15;s:6:\"exists\";b:1;s:18:\"wasRecentlyCreated\";b:1;s:28:\"\0*\0escapeWhenCastingToString\";b:0;s:13:\"\0*\0attributes\";a:8:{s:7:\"user_id\";i:1;s:8:\"exporter\";s:41:\"App\\Filament\\Exports\\PklPlacementExporter\";s:10:\"total_rows\";i:2;s:9:\"file_disk\";s:5:\"local\";s:10:\"updated_at\";s:19:\"2026-04-18 23:01:44\";s:10:\"created_at\";s:19:\"2026-04-18 23:01:44\";s:2:\"id\";i:3;s:9:\"file_name\";s:23:\"ekspor-3-pkl-placements\";}s:11:\"\0*\0original\";a:8:{s:7:\"user_id\";i:1;s:8:\"exporter\";s:41:\"App\\Filament\\Exports\\PklPlacementExporter\";s:10:\"total_rows\";i:2;s:9:\"file_disk\";s:5:\"local\";s:10:\"updated_at\";s:19:\"2026-04-18 23:01:44\";s:10:\"created_at\";s:19:\"2026-04-18 23:01:44\";s:2:\"id\";i:3;s:9:\"file_name\";s:23:\"ekspor-3-pkl-placements\";}s:10:\"\0*\0changes\";a:1:{s:9:\"file_name\";s:23:\"ekspor-3-pkl-placements\";}s:11:\"\0*\0previous\";a:0:{}s:8:\"\0*\0casts\";a:4:{s:12:\"completed_at\";s:9:\"timestamp\";s:14:\"processed_rows\";s:7:\"integer\";s:10:\"total_rows\";s:7:\"integer\";s:15:\"successful_rows\";s:7:\"integer\";}s:17:\"\0*\0classCastCache\";a:0:{}s:21:\"\0*\0attributeCastCache\";a:0:{}s:13:\"\0*\0dateFormat\";N;s:10:\"\0*\0appends\";a:0:{}s:19:\"\0*\0dispatchesEvents\";a:0:{}s:14:\"\0*\0observables\";a:0:{}s:12:\"\0*\0relations\";a:0:{}s:10:\"\0*\0touches\";a:0:{}s:27:\"\0*\0relationAutoloadCallback\";N;s:26:\"\0*\0relationAutoloadContext\";N;s:10:\"timestamps\";b:1;s:13:\"usesUniqueIds\";b:0;s:9:\"\0*\0hidden\";a:0:{}s:10:\"\0*\0visible\";a:0:{}s:11:\"\0*\0fillable\";a:0:{}s:10:\"\0*\0guarded\";a:0:{}}s:12:\"\0*\0columnMap\";a:13:{s:17:\"academicYear.name\";s:12:\"Tahun Ajaran\";s:11:\"student.nis\";s:9:\"NIS Siswa\";s:12:\"student.name\";s:10:\"Nama Siswa\";s:25:\"student.studentClass.name\";s:11:\"Kelas Siswa\";s:11:\"dudika.name\";s:11:\"Nama DUDIKA\";s:14:\"dudika.address\";s:13:\"Alamat DUDIKA\";s:12:\"teacher.name\";s:25:\"Guru Pembimbing (Sekolah)\";s:22:\"dudika.supervisor_name\";s:28:\"Pembimbing Lapangan (DUDIKA)\";s:10:\"start_date\";s:13:\"Tanggal Mulai\";s:8:\"end_date\";s:15:\"Tanggal Selesai\";s:8:\"latitude\";s:8:\"Latitude\";s:9:\"longitude\";s:9:\"Longitude\";s:6:\"status\";s:10:\"Status PKL\";}s:10:\"\0*\0options\";a:0:{}}s:9:\"\0*\0export\";O:45:\"Illuminate\\Contracts\\Database\\ModelIdentifier\":5:{s:5:\"class\";s:38:\"Filament\\Actions\\Exports\\Models\\Export\";s:2:\"id\";i:3;s:9:\"relations\";a:0:{}s:10:\"connection\";s:5:\"mysql\";s:15:\"collectionClass\";N;}s:12:\"\0*\0columnMap\";a:13:{s:17:\"academicYear.name\";s:12:\"Tahun Ajaran\";s:11:\"student.nis\";s:9:\"NIS Siswa\";s:12:\"student.name\";s:10:\"Nama Siswa\";s:25:\"student.studentClass.name\";s:11:\"Kelas Siswa\";s:11:\"dudika.name\";s:11:\"Nama DUDIKA\";s:14:\"dudika.address\";s:13:\"Alamat DUDIKA\";s:12:\"teacher.name\";s:25:\"Guru Pembimbing (Sekolah)\";s:22:\"dudika.supervisor_name\";s:28:\"Pembimbing Lapangan (DUDIKA)\";s:10:\"start_date\";s:13:\"Tanggal Mulai\";s:8:\"end_date\";s:15:\"Tanggal Selesai\";s:8:\"latitude\";s:8:\"Latitude\";s:9:\"longitude\";s:9:\"Longitude\";s:6:\"status\";s:10:\"Status PKL\";}s:10:\"\0*\0options\";a:0:{}}\";}s:19:\"chainCatchCallbacks\";a:0:{}}}s:8:\"function\";s:266:\"function (\\Illuminate\\Bus\\Batch $batch) use ($next) {\n                if (! $batch->cancelled()) {\n                    \\Illuminate\\Container\\Container::getInstance()->make(\\Illuminate\\Contracts\\Bus\\Dispatcher::class)->dispatch($next);\n                }\n            }\";s:5:\"scope\";s:27:\"Illuminate\\Bus\\ChainedBatch\";s:4:\"this\";N;s:4:\"self\";s:32:\"0000000000000dab0000000000000000\";}\";s:4:\"hash\";s:44:\"X6F9GlRJIT0K4GlVtt/brOI5bKwU7rSuAYkk3V42W+Q=\";}}}}',NULL,1776528107,1776528108),('a194e267-1cb6-45a5-8b5f-fee5693d4390','',2,0,0,'[]','a:2:{s:13:\"allowFailures\";b:1;s:7:\"finally\";a:1:{i:0;O:47:\"Laravel\\SerializableClosure\\SerializableClosure\":1:{s:12:\"serializable\";O:46:\"Laravel\\SerializableClosure\\Serializers\\Signed\":2:{s:12:\"serializable\";s:7112:\"O:46:\"Laravel\\SerializableClosure\\Serializers\\Native\":5:{s:3:\"use\";a:1:{s:4:\"next\";O:46:\"Filament\\Actions\\Exports\\Jobs\\ExportCompletion\":8:{s:11:\"\0*\0exporter\";O:41:\"App\\Filament\\Exports\\PklPlacementExporter\":3:{s:9:\"\0*\0export\";O:38:\"Filament\\Actions\\Exports\\Models\\Export\":33:{s:13:\"\0*\0connection\";s:5:\"mysql\";s:8:\"\0*\0table\";N;s:13:\"\0*\0primaryKey\";s:2:\"id\";s:10:\"\0*\0keyType\";s:3:\"int\";s:12:\"incrementing\";b:1;s:7:\"\0*\0with\";a:0:{}s:12:\"\0*\0withCount\";a:0:{}s:19:\"preventsLazyLoading\";b:0;s:10:\"\0*\0perPage\";i:15;s:6:\"exists\";b:1;s:18:\"wasRecentlyCreated\";b:1;s:28:\"\0*\0escapeWhenCastingToString\";b:0;s:13:\"\0*\0attributes\";a:8:{s:7:\"user_id\";i:1;s:8:\"exporter\";s:41:\"App\\Filament\\Exports\\PklPlacementExporter\";s:10:\"total_rows\";i:2;s:9:\"file_disk\";s:5:\"local\";s:10:\"updated_at\";s:19:\"2026-04-19 21:17:22\";s:10:\"created_at\";s:19:\"2026-04-19 21:17:22\";s:2:\"id\";i:4;s:9:\"file_name\";s:23:\"ekspor-4-pkl-placements\";}s:11:\"\0*\0original\";a:8:{s:7:\"user_id\";i:1;s:8:\"exporter\";s:41:\"App\\Filament\\Exports\\PklPlacementExporter\";s:10:\"total_rows\";i:2;s:9:\"file_disk\";s:5:\"local\";s:10:\"updated_at\";s:19:\"2026-04-19 21:17:22\";s:10:\"created_at\";s:19:\"2026-04-19 21:17:22\";s:2:\"id\";i:4;s:9:\"file_name\";s:23:\"ekspor-4-pkl-placements\";}s:10:\"\0*\0changes\";a:1:{s:9:\"file_name\";s:23:\"ekspor-4-pkl-placements\";}s:11:\"\0*\0previous\";a:0:{}s:8:\"\0*\0casts\";a:4:{s:12:\"completed_at\";s:9:\"timestamp\";s:14:\"processed_rows\";s:7:\"integer\";s:10:\"total_rows\";s:7:\"integer\";s:15:\"successful_rows\";s:7:\"integer\";}s:17:\"\0*\0classCastCache\";a:0:{}s:21:\"\0*\0attributeCastCache\";a:0:{}s:13:\"\0*\0dateFormat\";N;s:10:\"\0*\0appends\";a:0:{}s:19:\"\0*\0dispatchesEvents\";a:0:{}s:14:\"\0*\0observables\";a:0:{}s:12:\"\0*\0relations\";a:0:{}s:10:\"\0*\0touches\";a:0:{}s:27:\"\0*\0relationAutoloadCallback\";N;s:26:\"\0*\0relationAutoloadContext\";N;s:10:\"timestamps\";b:1;s:13:\"usesUniqueIds\";b:0;s:9:\"\0*\0hidden\";a:0:{}s:10:\"\0*\0visible\";a:0:{}s:11:\"\0*\0fillable\";a:0:{}s:10:\"\0*\0guarded\";a:0:{}}s:12:\"\0*\0columnMap\";a:13:{s:17:\"academicYear.name\";s:12:\"Tahun Ajaran\";s:11:\"student.nis\";s:9:\"NIS Siswa\";s:12:\"student.name\";s:10:\"Nama Siswa\";s:11:\"kelas_siswa\";s:11:\"Kelas Siswa\";s:11:\"dudika.name\";s:11:\"Nama DUDIKA\";s:14:\"dudika_address\";s:13:\"Alamat DUDIKA\";s:12:\"teacher.name\";s:25:\"Guru Pembimbing (Sekolah)\";s:17:\"pembimbing_dudika\";s:28:\"Pembimbing Lapangan (DUDIKA)\";s:10:\"start_date\";s:13:\"Tanggal Mulai\";s:8:\"end_date\";s:15:\"Tanggal Selesai\";s:8:\"latitude\";s:8:\"Latitude\";s:9:\"longitude\";s:9:\"Longitude\";s:6:\"status\";s:10:\"Status PKL\";}s:10:\"\0*\0options\";a:0:{}}s:9:\"\0*\0export\";O:45:\"Illuminate\\Contracts\\Database\\ModelIdentifier\":5:{s:5:\"class\";s:38:\"Filament\\Actions\\Exports\\Models\\Export\";s:2:\"id\";i:4;s:9:\"relations\";a:0:{}s:10:\"connection\";s:5:\"mysql\";s:15:\"collectionClass\";N;}s:12:\"\0*\0columnMap\";a:13:{s:17:\"academicYear.name\";s:12:\"Tahun Ajaran\";s:11:\"student.nis\";s:9:\"NIS Siswa\";s:12:\"student.name\";s:10:\"Nama Siswa\";s:11:\"kelas_siswa\";s:11:\"Kelas Siswa\";s:11:\"dudika.name\";s:11:\"Nama DUDIKA\";s:14:\"dudika_address\";s:13:\"Alamat DUDIKA\";s:12:\"teacher.name\";s:25:\"Guru Pembimbing (Sekolah)\";s:17:\"pembimbing_dudika\";s:28:\"Pembimbing Lapangan (DUDIKA)\";s:10:\"start_date\";s:13:\"Tanggal Mulai\";s:8:\"end_date\";s:15:\"Tanggal Selesai\";s:8:\"latitude\";s:8:\"Latitude\";s:9:\"longitude\";s:9:\"Longitude\";s:6:\"status\";s:10:\"Status PKL\";}s:10:\"\0*\0formats\";a:2:{i:0;E:47:\"Filament\\Actions\\Exports\\Enums\\ExportFormat:Csv\";i:1;E:48:\"Filament\\Actions\\Exports\\Enums\\ExportFormat:Xlsx\";}s:10:\"\0*\0options\";a:0:{}s:12:\"\0*\0authGuard\";s:3:\"web\";s:7:\"chained\";a:1:{i:0;s:3192:\"O:44:\"Filament\\Actions\\Exports\\Jobs\\CreateXlsxFile\":4:{s:11:\"\0*\0exporter\";O:41:\"App\\Filament\\Exports\\PklPlacementExporter\":3:{s:9:\"\0*\0export\";O:38:\"Filament\\Actions\\Exports\\Models\\Export\":33:{s:13:\"\0*\0connection\";s:5:\"mysql\";s:8:\"\0*\0table\";N;s:13:\"\0*\0primaryKey\";s:2:\"id\";s:10:\"\0*\0keyType\";s:3:\"int\";s:12:\"incrementing\";b:1;s:7:\"\0*\0with\";a:0:{}s:12:\"\0*\0withCount\";a:0:{}s:19:\"preventsLazyLoading\";b:0;s:10:\"\0*\0perPage\";i:15;s:6:\"exists\";b:1;s:18:\"wasRecentlyCreated\";b:1;s:28:\"\0*\0escapeWhenCastingToString\";b:0;s:13:\"\0*\0attributes\";a:8:{s:7:\"user_id\";i:1;s:8:\"exporter\";s:41:\"App\\Filament\\Exports\\PklPlacementExporter\";s:10:\"total_rows\";i:2;s:9:\"file_disk\";s:5:\"local\";s:10:\"updated_at\";s:19:\"2026-04-19 21:17:22\";s:10:\"created_at\";s:19:\"2026-04-19 21:17:22\";s:2:\"id\";i:4;s:9:\"file_name\";s:23:\"ekspor-4-pkl-placements\";}s:11:\"\0*\0original\";a:8:{s:7:\"user_id\";i:1;s:8:\"exporter\";s:41:\"App\\Filament\\Exports\\PklPlacementExporter\";s:10:\"total_rows\";i:2;s:9:\"file_disk\";s:5:\"local\";s:10:\"updated_at\";s:19:\"2026-04-19 21:17:22\";s:10:\"created_at\";s:19:\"2026-04-19 21:17:22\";s:2:\"id\";i:4;s:9:\"file_name\";s:23:\"ekspor-4-pkl-placements\";}s:10:\"\0*\0changes\";a:1:{s:9:\"file_name\";s:23:\"ekspor-4-pkl-placements\";}s:11:\"\0*\0previous\";a:0:{}s:8:\"\0*\0casts\";a:4:{s:12:\"completed_at\";s:9:\"timestamp\";s:14:\"processed_rows\";s:7:\"integer\";s:10:\"total_rows\";s:7:\"integer\";s:15:\"successful_rows\";s:7:\"integer\";}s:17:\"\0*\0classCastCache\";a:0:{}s:21:\"\0*\0attributeCastCache\";a:0:{}s:13:\"\0*\0dateFormat\";N;s:10:\"\0*\0appends\";a:0:{}s:19:\"\0*\0dispatchesEvents\";a:0:{}s:14:\"\0*\0observables\";a:0:{}s:12:\"\0*\0relations\";a:0:{}s:10:\"\0*\0touches\";a:0:{}s:27:\"\0*\0relationAutoloadCallback\";N;s:26:\"\0*\0relationAutoloadContext\";N;s:10:\"timestamps\";b:1;s:13:\"usesUniqueIds\";b:0;s:9:\"\0*\0hidden\";a:0:{}s:10:\"\0*\0visible\";a:0:{}s:11:\"\0*\0fillable\";a:0:{}s:10:\"\0*\0guarded\";a:0:{}}s:12:\"\0*\0columnMap\";a:13:{s:17:\"academicYear.name\";s:12:\"Tahun Ajaran\";s:11:\"student.nis\";s:9:\"NIS Siswa\";s:12:\"student.name\";s:10:\"Nama Siswa\";s:11:\"kelas_siswa\";s:11:\"Kelas Siswa\";s:11:\"dudika.name\";s:11:\"Nama DUDIKA\";s:14:\"dudika_address\";s:13:\"Alamat DUDIKA\";s:12:\"teacher.name\";s:25:\"Guru Pembimbing (Sekolah)\";s:17:\"pembimbing_dudika\";s:28:\"Pembimbing Lapangan (DUDIKA)\";s:10:\"start_date\";s:13:\"Tanggal Mulai\";s:8:\"end_date\";s:15:\"Tanggal Selesai\";s:8:\"latitude\";s:8:\"Latitude\";s:9:\"longitude\";s:9:\"Longitude\";s:6:\"status\";s:10:\"Status PKL\";}s:10:\"\0*\0options\";a:0:{}}s:9:\"\0*\0export\";O:45:\"Illuminate\\Contracts\\Database\\ModelIdentifier\":5:{s:5:\"class\";s:38:\"Filament\\Actions\\Exports\\Models\\Export\";s:2:\"id\";i:4;s:9:\"relations\";a:0:{}s:10:\"connection\";s:5:\"mysql\";s:15:\"collectionClass\";N;}s:12:\"\0*\0columnMap\";a:13:{s:17:\"academicYear.name\";s:12:\"Tahun Ajaran\";s:11:\"student.nis\";s:9:\"NIS Siswa\";s:12:\"student.name\";s:10:\"Nama Siswa\";s:11:\"kelas_siswa\";s:11:\"Kelas Siswa\";s:11:\"dudika.name\";s:11:\"Nama DUDIKA\";s:14:\"dudika_address\";s:13:\"Alamat DUDIKA\";s:12:\"teacher.name\";s:25:\"Guru Pembimbing (Sekolah)\";s:17:\"pembimbing_dudika\";s:28:\"Pembimbing Lapangan (DUDIKA)\";s:10:\"start_date\";s:13:\"Tanggal Mulai\";s:8:\"end_date\";s:15:\"Tanggal Selesai\";s:8:\"latitude\";s:8:\"Latitude\";s:9:\"longitude\";s:9:\"Longitude\";s:6:\"status\";s:10:\"Status PKL\";}s:10:\"\0*\0options\";a:0:{}}\";}s:19:\"chainCatchCallbacks\";a:0:{}}}s:8:\"function\";s:266:\"function (\\Illuminate\\Bus\\Batch $batch) use ($next) {\n                if (! $batch->cancelled()) {\n                    \\Illuminate\\Container\\Container::getInstance()->make(\\Illuminate\\Contracts\\Bus\\Dispatcher::class)->dispatch($next);\n                }\n            }\";s:5:\"scope\";s:27:\"Illuminate\\Bus\\ChainedBatch\";s:4:\"this\";N;s:4:\"self\";s:32:\"0000000000000a500000000000000000\";}\";s:4:\"hash\";s:44:\"pJPRzzAMHAH1w3GUb2ow6gcNqmfcy/8RYnk1LbBNlik=\";}}}}',NULL,1776608256,1776608256),('a1a4d7fb-3ff8-4bfa-a600-8692af8140c2','',1,0,0,'[]','a:2:{s:13:\"allowFailures\";b:1;s:7:\"finally\";a:1:{i:0;O:47:\"Laravel\\SerializableClosure\\SerializableClosure\":1:{s:12:\"serializable\";O:46:\"Laravel\\SerializableClosure\\Serializers\\Signed\":2:{s:12:\"serializable\";s:4157:\"O:46:\"Laravel\\SerializableClosure\\Serializers\\Native\":5:{s:3:\"use\";a:5:{s:9:\"authGuard\";s:3:\"web\";s:9:\"columnMap\";a:10:{s:4:\"name\";s:4:\"name\";s:3:\"nis\";s:3:\"nis\";s:4:\"nisn\";s:4:\"nisn\";s:5:\"phone\";s:5:\"phone\";s:6:\"gender\";s:6:\"gender\";s:11:\"birth_place\";s:11:\"birth_place\";s:10:\"birth_date\";s:10:\"birth_date\";s:8:\"religion\";s:8:\"religion\";s:7:\"address\";s:7:\"address\";s:12:\"parent_phone\";s:12:\"parent_phone\";}s:6:\"import\";O:45:\"Illuminate\\Contracts\\Database\\ModelIdentifier\":5:{s:5:\"class\";s:38:\"Filament\\Actions\\Imports\\Models\\Import\";s:2:\"id\";i:21;s:9:\"relations\";a:0:{}s:10:\"connection\";s:5:\"mysql\";s:15:\"collectionClass\";N;}s:13:\"jobConnection\";N;s:7:\"options\";a:2:{s:16:\"student_class_id\";i:3;s:16:\"academic_year_id\";i:1;}}s:8:\"function\";s:3292:\"function () use ($authGuard, $columnMap, $import, $jobConnection, $options): void {\n                    $import->touch(\'completed_at\');\n\n                    event(new \\Filament\\Actions\\Imports\\Events\\ImportCompleted($import, $columnMap, $options));\n\n                    if (! $import->user instanceof \\Illuminate\\Contracts\\Auth\\Authenticatable) { /** @phpstan-ignore instanceof.alwaysTrue */\n                        return;\n                    }\n\n                    $import->columnMap($columnMap);\n                    $import->options($options);\n\n                    $failedRowsCount = $import->getFailedRowsCount();\n\n                    $isSynchronous = ($jobConnection === \'sync\') || (blank($jobConnection) && (config(\'queue.default\') === \'sync\'));\n\n                    $notification = \\Filament\\Notifications\\Notification::make()\n                        ->title($import->importer::getCompletedNotificationTitle($import))\n                        ->body($import->importer::getCompletedNotificationBody($import))\n                        ->when(\n                            ! $failedRowsCount,\n                            fn (\\Filament\\Notifications\\Notification $notification) => $notification->success(),\n                        )\n                        ->when(\n                            $failedRowsCount && ($failedRowsCount < $import->total_rows),\n                            fn (\\Filament\\Notifications\\Notification $notification) => $notification->warning(),\n                        )\n                        ->when(\n                            $failedRowsCount === $import->total_rows,\n                            fn (\\Filament\\Notifications\\Notification $notification) => $notification->danger(),\n                        )\n                        ->when(\n                            $failedRowsCount,\n                            fn (\\Filament\\Notifications\\Notification $notification) => $notification->actions([\n                                \\Filament\\Actions\\Action::make(\'downloadFailedRowsCsv\')\n                                    ->label(trans_choice(\'filament-actions::import.notifications.completed.actions.download_failed_rows_csv.label\', $failedRowsCount, [\n                                        \'count\' => \\Illuminate\\Support\\Number::format($failedRowsCount),\n                                    ]))\n                                    ->color(\'danger\')\n                                    ->url(\\Illuminate\\Support\\Facades\\URL::signedRoute(\'filament.imports.failed-rows.download\', [\'authGuard\' => $authGuard, \'import\' => $import], absolute: false), shouldOpenInNewTab: true)\n                                    ->markAsRead(),\n                            ]),\n                        )\n                        ->when(\n                            $isSynchronous,\n                            fn (\\Filament\\Notifications\\Notification $notification) => $notification->persistent(),\n                        );\n\n                    $notification = $import->importer::modifyCompletedNotification($notification, $import);\n\n                    if ($isSynchronous) {\n                        $notification->send();\n                    } else {\n                        $notification->sendToDatabase($import->user, isEventDispatched: true);\n                    }\n                }\";s:5:\"scope\";s:29:\"Filament\\Actions\\ImportAction\";s:4:\"this\";N;s:4:\"self\";s:32:\"0000000000000d5f0000000000000000\";}\";s:4:\"hash\";s:44:\"9+HVBteiR6MH4h/bBeRAQtR9+qAqop0uYkCH83sD9bs=\";}}}}',NULL,1777293702,1777293712);
/*!40000 ALTER TABLE `job_batches` ENABLE KEYS */;
UNLOCK TABLES;

--
-- Table structure for table `jobs`
--

DROP TABLE IF EXISTS `jobs`;
/*!40101 SET @saved_cs_client     = @@character_set_client */;
/*!50503 SET character_set_client = utf8mb4 */;
CREATE TABLE `jobs` (
  `id` bigint unsigned NOT NULL AUTO_INCREMENT,
  `queue` varchar(255) CHARACTER SET utf8mb4 COLLATE utf8mb4_unicode_ci NOT NULL,
  `payload` longtext CHARACTER SET utf8mb4 COLLATE utf8mb4_unicode_ci NOT NULL,
  `attempts` tinyint unsigned NOT NULL,
  `reserved_at` int unsigned DEFAULT NULL,
  `available_at` int unsigned NOT NULL,
  `created_at` int unsigned NOT NULL,
  PRIMARY KEY (`id`),
  KEY `jobs_queue_index` (`queue`)
) ENGINE=InnoDB AUTO_INCREMENT=233 DEFAULT CHARSET=utf8mb4 COLLATE=utf8mb4_unicode_ci;
/*!40101 SET character_set_client = @saved_cs_client */;

--
-- Dumping data for table `jobs`
--

LOCK TABLES `jobs` WRITE;
/*!40000 ALTER TABLE `jobs` DISABLE KEYS */;
/*!40000 ALTER TABLE `jobs` ENABLE KEYS */;
UNLOCK TABLES;

--
-- Table structure for table `journals`
--

DROP TABLE IF EXISTS `journals`;
/*!40101 SET @saved_cs_client     = @@character_set_client */;
/*!50503 SET character_set_client = utf8mb4 */;
CREATE TABLE `journals` (
  `id` bigint unsigned NOT NULL AUTO_INCREMENT,
  `pkl_placement_id` bigint unsigned NOT NULL,
  `date` date NOT NULL,
  `time` time NOT NULL,
  `attendance_photo_path` varchar(255) CHARACTER SET utf8mb4 COLLATE utf8mb4_unicode_ci DEFAULT NULL,
  `attend_status` enum('Hadir','Sakit','Izin','Libur') CHARACTER SET utf8mb4 COLLATE utf8mb4_unicode_ci NOT NULL DEFAULT 'Hadir',
  `activity` text CHARACTER SET utf8mb4 COLLATE utf8mb4_unicode_ci NOT NULL,
  `photo_path` varchar(255) CHARACTER SET utf8mb4 COLLATE utf8mb4_unicode_ci DEFAULT NULL,
  `latitude` varchar(255) CHARACTER SET utf8mb4 COLLATE utf8mb4_unicode_ci DEFAULT NULL,
  `longitude` varchar(255) CHARACTER SET utf8mb4 COLLATE utf8mb4_unicode_ci DEFAULT NULL,
  `is_valid` tinyint(1) NOT NULL DEFAULT '1',
  `revision_note` varchar(255) CHARACTER SET utf8mb4 COLLATE utf8mb4_unicode_ci DEFAULT NULL,
  `created_at` timestamp NULL DEFAULT NULL,
  `updated_at` timestamp NULL DEFAULT NULL,
  PRIMARY KEY (`id`),
  KEY `journals_pkl_placement_id_foreign` (`pkl_placement_id`),
  CONSTRAINT `journals_pkl_placement_id_foreign` FOREIGN KEY (`pkl_placement_id`) REFERENCES `pkl_placements` (`id`) ON DELETE CASCADE
) ENGINE=InnoDB AUTO_INCREMENT=825 DEFAULT CHARSET=utf8mb4 COLLATE=utf8mb4_unicode_ci;
/*!40101 SET character_set_client = @saved_cs_client */;

--
-- Dumping data for table `journals`
--

LOCK TABLES `journals` WRITE;
/*!40000 ALTER TABLE `journals` DISABLE KEYS */;
INSERT INTO `journals` VALUES (203,12,'2026-04-24','19:25:11','journals/attendance/01KPZQ8485E9F5DMFZZKDF08XJ.jpeg','Hadir','installasi laptop','journals/01KPZQ848AF7MGRZTXR2WXCTHS.jpg','-6.3457000','107.0486000',1,NULL,'2026-04-24 12:25:48','2026-04-24 12:25:48'),(204,13,'2026-04-24','21:45:04','journals/attendance/01KPZZ879RVEZAMBQVD49ED73B.png','Hadir','Perbaikan jaringan','journals/01KPZZ879W8C7D7WWGZGT1N7N6.png','-6.3457000','107.0486000',1,NULL,'2026-04-24 14:45:39','2026-04-24 14:45:39'),(205,14,'2026-04-24','21:45:54','journals/attendance/01KPZZ9MC26B2BKGYJ1893M3Y1.jpeg','Hadir','install windows 10 ke semua komputer','journals/01KPZZ9MC6W6TAAY0650Q5XJT3.png','-6.3457000','107.0486000',1,NULL,'2026-04-24 14:46:25','2026-04-24 14:46:25'),(257,12,'2026-06-22','05:01:52','attendance/df6dd416-ce5b-46f5-af85-6067db78ec2f.png','Libur','Non et earum neque facere cumque et.','journals/b4f52f25-4046-4ac6-a1d5-c1f53227bc08.png','-6.214586','110.483932',1,NULL,'2026-04-24 15:17:55','2026-04-24 15:17:55'),(258,12,'2026-06-23','23:08:30','attendance/f389deef-7872-486c-9f02-bd98b977ce9b.png','Izin','Illum quia molestiae aut nemo.','journals/3b6eeec8-9298-4ed6-a8f6-15a9409f1ab1.png','-7.183492','112.476727',1,NULL,'2026-04-24 15:17:55','2026-04-24 15:17:55'),(259,12,'2026-06-24','15:05:42','attendance/2a6bdfe9-e8e9-4e68-8f48-78bccd847254.png','Izin','Doloremque pariatur aut natus.','journals/89adca08-a077-4810-b073-24419bb719a1.png','-7.552546','111.99478',1,NULL,'2026-04-24 15:17:55','2026-04-24 15:17:55'),(260,12,'2026-06-25','19:03:45','attendance/0257bff9-dfac-4798-b24c-8e5a8d6e63be.png','Sakit','Optio accusamus libero omnis reprehenderit quas rerum et.','journals/88450351-66eb-43ca-9866-6c0f75bffff5.png','-7.283766','112.562969',1,NULL,'2026-04-24 15:17:55','2026-04-24 15:17:55'),(261,12,'2026-06-26','22:46:33','attendance/b2edab34-e5cb-40f8-b518-dfa903d2c386.png','Izin','Repudiandae eveniet ipsa dolorem soluta architecto doloribus doloribus omnis.','journals/95faf534-4b67-4411-a744-edd9420c8a1f.png','-8.253543','110.181108',1,NULL,'2026-04-24 15:17:55','2026-04-24 15:17:55'),(262,12,'2026-06-27','05:21:10','attendance/5658b574-9e5e-40af-a817-032ff4f21196.png','Izin','Placeat architecto saepe quasi nobis culpa voluptate.','journals/7e32d72c-4935-4a16-a9eb-9ce36f9b44ab.png','-8.271825','110.480011',1,NULL,'2026-04-24 15:17:55','2026-04-24 15:17:55'),(263,12,'2026-06-28','13:00:05','attendance/fd93ab32-1499-435a-8c9a-bc5372936ebb.png','Izin','Aut ab aperiam consequatur et repellat.','journals/caab2d3e-45b3-4504-aa71-3a25dc0fe10a.png','-7.669657','109.410656',1,NULL,'2026-04-24 15:17:55','2026-04-24 15:17:55'),(264,12,'2026-06-29','11:12:01','attendance/9984e227-e47a-478a-95f7-9fa6ef193f31.png','Hadir','Alias delectus quia eos sit.','journals/feeabcf6-0206-47b9-9c13-6a34d44503c2.png','-7.990254','113.871255',1,NULL,'2026-04-24 15:17:55','2026-04-24 15:17:55'),(265,12,'2026-06-30','05:29:49','attendance/2cfb2b35-2913-4382-9ef8-6b7d8d43c526.jpeg','Hadir','jalan jalan','journal_photos/5uo7G92r64mlXQZL00Ybo4B1LZ1POq8fVyqTifdy.jpg','-8.2368791568253','114.35046941042',1,NULL,'2026-04-24 15:17:55','2026-05-09 15:30:29'),(266,12,'2026-07-01','17:41:55','attendance/e8f4e2ab-13c6-4c6f-b90c-8b989dfb703c.png','Hadir','Ipsum cupiditate odit id ut sunt.','journals/a3099c87-9e5f-4abf-97ea-0558d88706f0.png','-6.306805','110.949449',1,NULL,'2026-04-24 15:17:55','2026-04-24 15:17:55'),(267,12,'2026-07-02','19:03:30','attendance/a41aeb94-eb4e-4775-a642-c122e4b756ff.png','Sakit','Maxime dolor ut et nihil delectus deleniti ut animi.','journals/554912b5-080e-4fbd-927e-527a0bc7a3d0.png','-8.266395','110.832106',1,NULL,'2026-04-24 15:17:55','2026-04-24 15:17:55'),(268,12,'2026-07-03','00:26:46','attendance/a388d8c3-2985-42d7-ba94-310edcc37646.png','Sakit','Et culpa sunt praesentium.','journals/77226cc9-6691-4c93-9b93-b7749743dccb.png','-7.918202','111.792351',1,NULL,'2026-04-24 15:17:55','2026-04-24 15:17:55'),(269,12,'2026-07-04','02:16:35','attendance/d58b2af9-542b-4ddd-8fa0-f5083ad06d5d.png','Sakit','Magni ad corporis explicabo natus esse.','journals/d87ee443-9450-4408-bf74-613c2733ec0f.png','-7.22103','112.652242',1,NULL,'2026-04-24 15:17:55','2026-04-24 15:17:55'),(270,12,'2026-07-05','19:27:21','attendance/1c0f5d87-65b9-401c-9ee6-6a05d6ac2c16.png','Sakit','Neque rerum quibusdam accusantium.','journals/d1d4ee21-deb2-4bbc-880b-9575f6bb6173.png','-7.869457','109.980914',1,NULL,'2026-04-24 15:17:55','2026-04-24 15:17:55'),(271,12,'2026-07-06','00:14:43','attendance/c7314fa9-2483-4abc-8ef2-d8de758dd861.png','Hadir','Sequi quasi excepturi ut voluptatem rerum sed.','journals/cd9a5720-1751-4e83-98d3-6ed299219ab6.png','-7.423588','109.735921',1,NULL,'2026-04-24 15:17:55','2026-04-24 15:17:55'),(272,12,'2026-07-07','03:11:57','attendance/f716390e-6a06-48b2-b1f9-757f6d29e53e.png','Libur','Recusandae necessitatibus nihil laborum qui.','journals/bbc99095-3ba3-4d89-9afb-ec129181c9c8.png','-7.23698','113.72205',1,NULL,'2026-04-24 15:17:55','2026-04-24 15:17:55'),(273,12,'2026-07-08','07:19:15','attendance/e3438719-1947-4f9d-a783-a09baf19a5b8.png','Libur','Dolore ea necessitatibus alias eaque aperiam.','journals/4e6d77a8-9185-4a2f-8114-0ce8146db36d.png','-6.074427','111.31605',1,NULL,'2026-04-24 15:17:55','2026-04-24 15:17:55'),(274,12,'2026-07-09','06:36:48','attendance/493bd4c4-b9c8-4279-8fd8-31e44a000fd6.png','Hadir','Sunt porro quia doloribus.','journals/eee1a61a-78d5-4663-9dd6-4973957e2bb3.png','-6.490488','109.931139',1,NULL,'2026-04-24 15:17:55','2026-04-24 15:17:55'),(275,12,'2026-07-10','08:38:14','attendance/40342c68-d8a7-4bc8-99e7-dbfa3a910f26.png','Hadir','Optio fugit sunt veniam ab ut maxime debitis tenetur.','journals/ed667933-a715-4fbc-b364-dc2d4a53b2ac.png','-7.71105','113.940189',1,NULL,'2026-04-24 15:17:55','2026-04-24 15:17:55'),(276,12,'2026-07-11','15:32:50','attendance/60111aa7-8ec7-460d-879f-1ac2fa2603cd.png','Izin','At rerum voluptas sint voluptatibus facilis.','journals/ab569082-48f6-43c1-826f-c4169b396f4f.png','-6.840813','107.803712',1,NULL,'2026-04-24 15:17:55','2026-04-24 15:17:55'),(277,12,'2026-07-12','03:38:07','attendance/f08a6d85-c617-458f-b953-e3a8ac381c22.png','Izin','Modi in nulla amet dolor voluptatum vero animi.','journals/8f2ca202-0281-4200-91f5-7219cc807e0e.png','-6.744386','107.135435',1,NULL,'2026-04-24 15:17:55','2026-04-24 15:17:55'),(278,12,'2026-07-13','22:28:55','attendance/e74dc330-4ec7-4859-b3f2-5203f0d09296.png','Libur','Quos sunt ut ipsam nobis omnis aut quas.','journals/b683f033-7c96-4f57-8b5a-25723d4ed379.png','-6.074121','114.100735',1,NULL,'2026-04-24 15:17:55','2026-04-24 15:17:55'),(279,12,'2026-07-14','04:51:47','attendance/9b946e82-c9d7-4d51-bda8-e4ff604602b0.png','Libur','Omnis laudantium doloribus rerum quia aperiam.','journals/7f51b883-0448-4b56-a2d8-e87a82129a1a.png','-8.122716','107.15586',1,NULL,'2026-04-24 15:17:55','2026-04-24 15:17:55'),(280,12,'2026-07-15','13:52:36','attendance/8dbb940d-ee77-4592-8e02-f1aff95654f4.png','Izin','Repudiandae autem nobis cumque odit laudantium illo debitis.','journals/374444a7-fdcf-4f60-9f0a-d84bc97c4d88.png','-7.931602','111.022786',1,NULL,'2026-04-24 15:17:55','2026-04-24 15:17:55'),(281,12,'2026-07-16','17:36:33','attendance/9143cb5d-9290-4eb3-a308-3b970750cb89.png','Libur','Iure cum dolores animi vel eaque.','journals/6eb3507b-c4cf-4b42-9b60-476ff5d2d0d1.png','-6.028865','111.468418',1,NULL,'2026-04-24 15:17:55','2026-04-24 15:17:55'),(282,12,'2026-07-17','14:42:16','attendance/8e33ebfd-c826-4893-9185-72bd53fcf34e.png','Hadir','Id accusantium est enim quia.','journals/0a294353-85be-4d95-ac0f-271e9653934a.png','-6.064565','113.303996',1,NULL,'2026-04-24 15:17:55','2026-04-24 15:17:55'),(283,12,'2026-07-18','11:38:45','attendance/f23712e4-18bb-44eb-ab18-c1b0fda302b8.png','Libur','Id nulla nihil ad nihil eligendi.','journals/68bfee43-ae20-4c34-b875-a9a96afcd8c5.png','-6.533053','109.666322',1,NULL,'2026-04-24 15:17:55','2026-04-24 15:17:55'),(284,12,'2026-07-19','16:16:52','attendance/c2ad84e5-9b4e-4e1d-8cf7-00174d9c8349.png','Izin','Eos sit perferendis ipsa quos.','journals/f3239896-6bbf-40a3-a315-d872d223e424.png','-7.856039','110.655323',1,NULL,'2026-04-24 15:17:55','2026-04-24 15:17:55'),(285,12,'2026-07-20','16:43:30','attendance/4e3cf64b-4ead-462e-a4e6-c7a455aa5466.png','Izin','Vero nisi consequatur alias id placeat.','journals/eecd2181-9346-4d5d-a1d7-593cfc1cc60f.png','-7.045164','107.542933',1,NULL,'2026-04-24 15:17:55','2026-04-24 15:17:55'),(286,12,'2026-07-21','23:28:44','attendance/afecc781-a0ab-4b07-8b46-37671a0e225f.png','Izin','Architecto quidem quod sed et tenetur.','journals/d8f93482-1b0f-42b1-b094-9bba1b1fa14b.png','-7.489176','112.622228',1,NULL,'2026-04-24 15:17:55','2026-04-24 15:17:55'),(287,12,'2026-07-22','12:19:46','attendance/cbb3726b-16e0-437b-9568-584417632e7c.png','Sakit','Temporibus quia et rem hic aliquid.','journals/5efb183c-b243-422e-874a-9414bb9b8c5b.png','-6.623616','111.037149',1,NULL,'2026-04-24 15:17:55','2026-04-24 15:17:55'),(288,12,'2026-07-23','07:15:46','attendance/655c1638-7a75-48e3-9b37-36dd34ca47a1.png','Sakit','Ut nihil eaque aut quasi dignissimos.','journals/62040b3f-5d8f-44a9-a3bf-8d5a498ac893.png','-7.163519','108.963315',1,NULL,'2026-04-24 15:17:55','2026-04-24 15:17:55'),(289,12,'2026-07-24','14:01:01','attendance/7e205b01-c918-4914-94cc-5f3dc273a104.png','Izin','Vitae fugiat quo modi voluptate quae iure.','journals/ea59cd7b-ad84-4d06-bbd0-00850626e469.png','-6.765445','110.424426',1,NULL,'2026-04-24 15:17:55','2026-04-24 15:17:55'),(290,12,'2026-07-25','20:27:36','attendance/fd3e9d0d-a009-4be9-870b-eb2bda1befdd.png','Sakit','Quasi corrupti repudiandae error enim et.','journals/824c7e13-145e-46c7-9296-f5698841d2d7.png','-6.919775','110.627344',1,NULL,'2026-04-24 15:17:55','2026-04-24 15:17:55'),(291,12,'2026-07-26','18:51:30','attendance/a6e49823-72cd-474b-961b-2aff2443be56.png','Sakit','Et suscipit autem neque qui iusto.','journals/7dd60a6b-6776-4f64-91a9-ee51b47d8458.png','-6.030134','111.243281',1,NULL,'2026-04-24 15:17:55','2026-04-24 15:17:55'),(292,12,'2026-07-27','12:36:03','attendance/9208014b-ce63-4574-874b-806ad7ea193f.png','Izin','Tenetur est molestiae voluptatem.','journals/a0b931ec-a7d9-4b6e-8eed-4da580041ef1.png','-6.880194','110.717664',1,NULL,'2026-04-24 15:17:55','2026-04-24 15:17:55'),(293,12,'2026-07-28','08:24:58','attendance/5395b375-5b0a-4ec5-be65-1ea8ff3f5019.png','Sakit','Autem voluptatem tempora voluptates.','journals/ca586def-9f00-49f0-b5cf-3e5e42f0e3d9.png','-6.230377','109.868338',1,NULL,'2026-04-24 15:17:55','2026-04-24 15:17:55'),(294,12,'2026-07-29','04:27:21','attendance/7ee0db88-8f1d-4340-9a2d-6dd13478c35f.png','Izin','Fugiat voluptate quibusdam sed repellendus fuga.','journals/51a64a96-7407-4cc8-97bb-2da79f360231.png','-7.251761','110.544357',1,NULL,'2026-04-24 15:17:55','2026-04-24 15:17:55'),(295,12,'2026-07-30','19:51:32','attendance/5c0032c2-6703-45ed-addf-dc01dd33338b.png','Hadir','Ad molestias officiis autem quas quae eos.','journals/4d198568-012b-41ad-a651-3bd6904b2107.png','-8.299048','110.717117',1,NULL,'2026-04-24 15:17:55','2026-04-24 15:17:55'),(296,12,'2026-07-31','23:42:07','attendance/17b68621-e42b-4502-81fd-e2e72fc03410.png','Izin','Non dolor quos eveniet nobis quis ab fugit.','journals/844bdb3b-0597-49d5-b1c3-eb8cce396e28.png','-7.916151','112.082474',1,NULL,'2026-04-24 15:17:55','2026-04-24 15:17:55'),(297,12,'2026-08-01','05:35:58','attendance/4a077696-95a3-489a-9b9a-e95dd7631ebe.png','Hadir','Beatae aspernatur et commodi magnam quae odit.','journals/2f920610-4172-4f36-8504-e02bd88e516b.png','-7.124473','112.993839',1,NULL,'2026-04-24 15:17:55','2026-04-24 15:17:55'),(298,12,'2026-08-02','14:16:39','attendance/82094ac1-5d55-4657-8dd4-8fdd5ec5652e.png','Sakit','Quis consectetur a similique quia consequatur.','journals/694f7c99-f223-4451-95ff-c9c05d75b2a6.png','-8.054792','113.540174',1,NULL,'2026-04-24 15:17:55','2026-04-24 15:17:55'),(299,12,'2026-08-03','04:43:45','attendance/ff412faa-6513-40ec-8cab-08ea3f20b0c3.png','Libur','Veniam quam impedit eius soluta sint aperiam.','journals/467b05c0-23c7-4a0f-989f-bcb39c54d8f1.png','-7.344149','113.051063',1,NULL,'2026-04-24 15:17:55','2026-04-24 15:17:55'),(300,12,'2026-08-04','13:07:40','attendance/d5534e9e-4ae2-41b6-81f0-6af05d612e84.png','Sakit','Ipsum rerum sint laudantium velit suscipit possimus voluptas.','journals/54cf1f63-fbb9-4cb4-9735-3123c257e068.png','-7.738974','112.865449',1,NULL,'2026-04-24 15:17:55','2026-04-24 15:17:55'),(301,12,'2026-08-05','00:39:37','attendance/9b4d89bd-79e6-4aef-bc1a-03a3ebed9f1e.png','Sakit','Dolorum aspernatur repellat ab ea veniam.','journals/196834f0-bcee-4620-9a06-4790d7dc7463.png','-7.057955','111.422417',1,NULL,'2026-04-24 15:17:55','2026-04-24 15:17:55'),(302,12,'2026-08-06','14:42:02','attendance/3595fa26-8e20-46cf-bc9d-67172d47e003.png','Hadir','Ut et sed sint dignissimos debitis.','journals/b470abc3-bc98-41ae-91d6-b704f1940212.png','-7.306809','109.710384',1,NULL,'2026-04-24 15:17:55','2026-04-24 15:17:55'),(303,12,'2026-08-07','15:00:25','attendance/3a6b8149-bf80-4060-be33-7efabc67a396.png','Sakit','Deserunt nemo eos ut recusandae distinctio et quia perferendis.','journals/48481d5a-77d8-40de-823f-dba69223083a.png','-8.145658','109.928316',1,NULL,'2026-04-24 15:17:55','2026-04-24 15:17:55'),(304,12,'2026-08-08','10:32:13','attendance/b8e810c3-8c1f-46d4-8662-c4656735da31.png','Sakit','Veritatis beatae debitis dolorum expedita.','journals/3eb4aff6-acff-4fe6-80b7-e5b8f7af2bef.png','-6.109528','112.000659',1,NULL,'2026-04-24 15:17:55','2026-04-24 15:17:55'),(305,12,'2026-08-09','06:19:45','attendance/30aee2f1-145a-443a-8125-566e7daf6c06.png','Sakit','Quod ea rerum repellat velit.','journals/43648297-9e7b-4a9b-bba8-e92ad315f9e6.png','-7.61681','109.471249',1,NULL,'2026-04-24 15:17:55','2026-04-24 15:17:55'),(306,12,'2026-08-10','21:11:15','attendance/913a981d-2563-4a40-bece-34400300b0a5.png','Sakit','Laboriosam ipsam quia aut cupiditate vero consequatur vel.','journals/2bcb39d5-faa2-4dcf-8374-1131c50f0cc5.png','-7.867482','112.994239',1,NULL,'2026-04-24 15:17:55','2026-04-24 15:17:55'),(307,12,'2026-08-11','01:08:00','attendance/68d34e1f-75b5-4cd1-b5c7-90cefd43db6d.png','Izin','Enim architecto ut atque nesciunt et rerum vel.','journals/fee84d87-2a5a-48a0-923a-953ba10f0ea8.png','-6.078425','107.994718',1,NULL,'2026-04-24 15:17:55','2026-04-24 15:17:55'),(308,12,'2026-08-12','18:20:40','attendance/da022a1a-396c-402d-8c5f-02aa2057040b.png','Libur','Doloremque vero quia corrupti corporis perspiciatis quasi.','journals/9a4dab6f-f8bd-44d5-ac38-6b53f7debd2b.png','-7.96561','108.402042',1,NULL,'2026-04-24 15:17:55','2026-04-24 15:17:55'),(309,12,'2026-08-13','08:06:49','attendance/72aca2e4-798b-4c54-b3c6-d68c9edd3415.png','Sakit','Placeat molestias quo excepturi assumenda aut et.','journals/b51b2e26-f6f9-4a62-a1da-588aecfa747c.png','-6.364583','113.316047',1,NULL,'2026-04-24 15:17:55','2026-04-24 15:17:55'),(310,12,'2026-08-14','06:46:50','attendance/165077c3-cc8f-4a27-a7aa-5836d695e87d.png','Izin','Incidunt laudantium deleniti vitae quis qui.','journals/b8144497-2237-4ae1-9773-a5c44e63f339.png','-6.208404','107.53068',1,NULL,'2026-04-24 15:17:55','2026-04-24 15:17:55'),(311,12,'2026-08-15','00:10:13','attendance/cb9537c5-92e1-4900-9afa-4ca686551601.png','Sakit','Et dolores beatae id voluptatibus distinctio quidem consectetur.','journals/d5e25678-f5bf-43a1-943a-e83e0d02dee5.png','-6.239788','111.307671',1,NULL,'2026-04-24 15:17:55','2026-04-24 15:17:55'),(312,12,'2026-08-16','00:23:20','attendance/84954fc9-7366-41b5-9540-ff370d777259.png','Sakit','Deserunt dolor unde dignissimos sunt error qui.','journals/eee43b16-c878-41bb-9fbc-0ddf97fd9233.png','-8.216253','106.814331',1,NULL,'2026-04-24 15:17:55','2026-04-24 15:17:55'),(313,12,'2026-08-17','22:18:36','attendance/50e052e8-d6c5-4570-9c08-fc4dd825fe83.png','Hadir','Provident aut ut quibusdam modi qui.','journals/19c3513a-208e-46f2-8281-9eaf8cbcf566.png','-7.381101','108.581254',1,NULL,'2026-04-24 15:17:55','2026-04-24 15:17:55'),(314,12,'2026-08-18','06:27:57','attendance/42d15a84-d6ad-4748-ab53-e7516d29d634.png','Libur','Accusantium ut similique laudantium.','journals/b2b5c0f8-2405-4c1a-8f89-a8a66d933fbf.png','-8.032551','108.490465',1,NULL,'2026-04-24 15:17:55','2026-04-24 15:17:55'),(315,12,'2026-08-19','04:14:34','attendance/98acb22a-8b66-4265-bfa2-aea7a806b250.png','Hadir','Dolorem odit qui dolores animi nesciunt.','journals/e50e76a7-9853-4ae1-9dc7-7322961cc333.png','-6.405496','110.870725',1,NULL,'2026-04-24 15:17:55','2026-04-24 15:17:55'),(316,12,'2026-08-20','05:15:03','attendance/cebf269f-acb0-480f-b97d-771e4d5584da.png','Izin','Odio rem sit perspiciatis aliquam laboriosam adipisci.','journals/532eae38-ce76-44f5-b6c5-d819443760b8.png','-6.306902','113.731702',1,NULL,'2026-04-24 15:17:55','2026-04-24 15:17:55'),(317,12,'2026-08-21','21:58:08','attendance/915e5f78-da1a-4ddc-8c92-9a74360e9524.png','Sakit','Id quisquam quaerat molestiae maxime vero velit.','journals/32d7897f-d56d-4423-a224-ccf97708b9de.png','-6.265651','108.646558',1,NULL,'2026-04-24 15:17:55','2026-04-24 15:17:55'),(318,12,'2026-08-22','02:00:30','attendance/bb1b76bb-ebd8-4e1b-98ab-3b7bbc3e7c61.png','Izin','Quisquam officiis molestias reprehenderit.','journals/40f1344d-48d9-42da-9765-1ec5d82583d9.png','-6.682193','110.563871',1,NULL,'2026-04-24 15:17:55','2026-04-24 15:17:55'),(319,12,'2026-08-23','08:48:29','attendance/379f43b6-dc27-482f-aadc-63e75369d813.png','Hadir','Veritatis hic blanditiis sequi nisi qui dolorem odio quasi.','journals/b96016db-80dd-490d-b1c2-dc259c6b4831.png','-6.787033','107.879015',1,NULL,'2026-04-24 15:17:55','2026-04-24 15:17:55'),(320,12,'2026-08-24','11:26:26','attendance/ddca2ddc-bf3c-4db4-8c6f-cc29f9df77da.png','Libur','Dolor maxime nobis voluptates qui at et.','journals/5ff59d3e-f379-49b9-907e-42c9e71629ab.png','-7.624993','113.809963',1,NULL,'2026-04-24 15:17:55','2026-04-24 15:17:55'),(321,12,'2026-08-25','00:22:36','attendance/e82d47f8-9772-45f6-bae1-eabc6944021e.png','Hadir','Et libero rerum ad enim sed.','journals/c8764cac-103b-4c89-8a8d-31f577420cba.png','-6.493883','113.961791',1,NULL,'2026-04-24 15:17:55','2026-04-24 15:17:55'),(322,12,'2026-08-26','10:12:21','attendance/af65fc0b-56ff-47bf-9aab-df4428341fa0.png','Sakit','Ratione accusantium sapiente fugiat repudiandae soluta nihil.','journals/6cdc1d80-696e-42c6-86cd-8553099719e4.png','-6.217833','109.432621',1,NULL,'2026-04-24 15:17:55','2026-04-24 15:17:55'),(323,12,'2026-08-27','22:10:27','attendance/b09e2901-bdc8-47d4-8aa9-b5bdee9faa70.png','Libur','Consequatur aperiam voluptatem numquam eos aut consequatur molestiae dolorem.','journals/18efd028-550e-4018-a373-b9009de9101f.png','-8.260861','107.406953',1,NULL,'2026-04-24 15:17:55','2026-04-24 15:17:55'),(324,12,'2026-08-30','11:56:55','attendance/a3f71a46-dc63-458c-8e8a-8f8859e0e2ca.png','Hadir','Quia tempora inventore quisquam enim nostrum officiis et.','journals/cefa3edc-455a-47b2-94f5-b57a7623f0ee.png','-7.211407','106.972958',1,NULL,'2026-04-24 15:17:55','2026-04-24 15:17:55'),(325,12,'2026-09-01','11:35:47','attendance/985a7e7a-b548-4521-9801-4e3f2bc36a75.png','Libur','Quidem neque placeat vel.','journals/00983d16-99e6-4b6c-a61e-29bd9c6fe4b4.png','-7.17151','113.850078',1,NULL,'2026-04-24 15:17:55','2026-04-24 15:17:55'),(326,12,'2026-09-02','07:42:35','attendance/8b5df014-d901-4940-839a-13884157b35b.png','Sakit','Recusandae animi velit voluptatem voluptatibus eum non.','journals/b6d8f1b4-65e0-4f67-988c-b74af3b8b5a2.png','-7.370127','113.937157',1,NULL,'2026-04-24 15:17:55','2026-04-24 15:17:55'),(327,12,'2026-09-03','06:01:24','attendance/5c997217-54d1-4407-bb2d-de7c015b4248.png','Libur','Eveniet fugiat iusto reprehenderit consequuntur dolore.','journals/c96e7f1d-02e3-4d38-9fe8-0e6c3213203b.png','-6.445149','107.095637',1,NULL,'2026-04-24 15:17:55','2026-04-24 15:17:55'),(328,12,'2026-09-04','02:26:41','attendance/045bbb64-14c2-465b-b556-57bf4ee6db2c.png','Hadir','Eligendi vitae consequatur aut error nulla inventore voluptatem assumenda.','journals/e67b4098-1ccb-414d-8182-3008d809b123.png','-7.02888','106.921284',1,NULL,'2026-04-24 15:17:55','2026-04-24 15:17:55'),(329,12,'2026-09-05','04:34:08','attendance/b8949fc5-4cc5-4dbd-8b63-4de9752629cb.png','Hadir','Quo aut numquam cupiditate eum est cum.','journals/7fe88447-10f4-4d32-9673-c7649386d1d0.png','-8.258493','111.408723',1,NULL,'2026-04-24 15:17:55','2026-04-24 15:17:55'),(330,12,'2026-09-06','01:50:54','attendance/aa9bcb27-0c7d-4ffe-b67e-1bc915057cef.png','Hadir','Beatae modi nihil pariatur voluptas nostrum molestias vel.','journals/678fa02b-2285-44b6-81f5-763292b9f394.png','-7.736199','114.139126',1,NULL,'2026-04-24 15:17:55','2026-04-24 15:17:55'),(331,12,'2026-09-07','14:54:57','attendance/5a51f118-5c24-46c8-bcad-650e2a25c3ef.png','Izin','Voluptatem provident quis natus.','journals/9116b873-aea6-4388-b621-ac05461d5eb7.png','-7.459614','107.39953',1,NULL,'2026-04-24 15:17:55','2026-04-24 15:17:55'),(332,12,'2026-09-08','15:06:28','attendance/d838370d-d3a2-4970-9898-a5d3a1349aa8.png','Izin','Eum rerum voluptas consequuntur et.','journals/f4e7a84e-3649-4272-9aea-fb452da36411.png','-6.024216','109.216565',1,NULL,'2026-04-24 15:17:55','2026-04-24 15:17:55'),(333,12,'2026-09-09','10:02:00','attendance/7187aa27-471a-41d1-8af4-8e2e606b0cb1.png','Hadir','Excepturi ab neque vel et velit velit in.','journals/afe72028-116a-478b-bdf2-8bb91f84e4f1.png','-7.355379','114.307557',1,NULL,'2026-04-24 15:17:55','2026-04-24 15:17:55'),(334,12,'2026-09-10','18:58:12','attendance/355851ff-c43a-40f3-a969-e8063d662994.png','Libur','Nesciunt repellendus temporibus consequatur optio in ducimus.','journals/63a47edf-74f9-4db3-adc5-b0f662505d15.png','-7.793408','109.737975',1,NULL,'2026-04-24 15:17:55','2026-04-24 15:17:55'),(335,12,'2026-09-11','18:47:59','attendance/f3b1ae98-6162-41f1-98d9-fac546c21d05.png','Libur','In tempora alias expedita expedita molestias.','journals/7e05ebc7-ad26-47b2-9bd7-2fe255839672.png','-7.709882','113.117877',1,NULL,'2026-04-24 15:17:55','2026-04-24 15:17:55'),(336,12,'2026-09-12','05:18:29','attendance/4eeae550-6c91-4819-9291-841853759470.png','Hadir','Debitis officiis eveniet libero eveniet.','journals/3bc55b5c-8731-4d2a-8930-1a90f9e5e25f.png','-7.191029','112.852126',1,NULL,'2026-04-24 15:17:55','2026-04-24 15:17:55'),(337,12,'2026-09-13','03:58:25','attendance/f239af37-3583-43fe-96b1-4b17207b679a.png','Hadir','Delectus unde ducimus et est ut.','journals/27beb340-0c2c-41e2-bb09-168e3c80323d.png','-6.345142','109.155577',1,NULL,'2026-04-24 15:17:55','2026-04-24 15:17:55'),(338,12,'2026-09-14','07:34:29','attendance/1e12a88e-ec19-4885-bcbc-925a9c772423.png','Libur','Ducimus velit quam minus vel temporibus.','journals/d5340faa-619e-411d-b560-8eea74eca030.png','-7.550194','111.387354',1,NULL,'2026-04-24 15:17:55','2026-04-24 15:17:55'),(339,12,'2026-09-15','20:18:26','attendance/86204d44-3d87-4063-af90-ee9bdcb19bc9.png','Sakit','Eligendi debitis dolores debitis.','journals/79853d72-ea01-4b37-a987-7eaf4069c3c4.png','-8.040126','111.659916',1,NULL,'2026-04-24 15:17:55','2026-04-24 15:17:55'),(340,12,'2026-09-16','01:30:30','attendance/ab4f5cea-7523-4508-8f75-7a453dbce35f.png','Izin','Facere provident nesciunt et.','journals/15168a42-1d65-46c8-9379-f4a7a3ab4aa2.png','-6.899561','113.804198',1,NULL,'2026-04-24 15:17:55','2026-04-24 15:17:55'),(341,12,'2026-09-17','02:15:59','attendance/226ac088-d3e0-4026-af1b-5a1ec09fa23d.png','Izin','Saepe dolore quam id.','journals/5bd1fe87-3167-4127-b26a-5e2561873035.png','-7.844685','111.181165',1,NULL,'2026-04-24 15:17:55','2026-04-24 15:17:55'),(342,12,'2026-09-18','01:29:02','attendance/0931fc77-1f2c-4c6a-b556-35bf08f2fa53.png','Libur','Est porro quia sed explicabo ex.','journals/ab3bd245-5a82-462f-a7e8-95d340fc577e.png','-7.893294','111.288778',1,NULL,'2026-04-24 15:17:55','2026-04-24 15:17:55'),(343,12,'2026-09-19','04:51:07','attendance/1482aa54-e410-43d4-b7b6-c2584cc4b831.png','Libur','Ipsa fugit id harum sint fuga sed ipsa.','journals/bf904d2f-bc7e-415a-8df8-a065c3b0ed5b.png','-7.812591','111.541995',1,NULL,'2026-04-24 15:17:55','2026-04-24 15:17:55'),(344,12,'2026-09-21','16:53:57','attendance/24bc1436-50e4-43df-8a9d-4b57a7a81380.png','Sakit','Non quaerat enim libero non officiis praesentium.','journals/7cac6ba8-bbc8-495f-83c7-42fff271d1da.png','-6.696795','107.877323',1,NULL,'2026-04-24 15:17:55','2026-04-24 15:17:55'),(345,12,'2026-09-22','17:53:06','attendance/94af1344-5e8f-4c94-87fe-636c02a78445.png','Libur','Ex soluta quia sed beatae non sunt placeat.','journals/92936e99-5ad2-43f1-af67-78fdf281b77e.png','-6.578328','113.219195',1,NULL,'2026-04-24 15:17:55','2026-04-24 15:17:55'),(346,12,'2026-09-23','23:14:44','attendance/7c935474-16c1-4dc5-9747-a375e53888a5.png','Libur','Quas placeat sint sed libero.','journals/b768a348-4827-4954-861f-30f548e23529.png','-7.13684','111.431519',1,NULL,'2026-04-24 15:17:55','2026-04-24 15:17:55'),(347,12,'2026-09-24','19:02:56','attendance/8689cde5-df2c-4fb2-a62f-c28bfb797a84.png','Izin','Totam fuga ea voluptates quam quos.','journals/757428ac-94c6-4e58-9c9a-9c6a28264b60.png','-7.326975','109.892421',1,NULL,'2026-04-24 15:17:55','2026-04-24 15:17:55'),(348,12,'2026-09-25','17:32:54','attendance/a66d8459-1435-4dbd-9103-11fe6e4585ff.png','Izin','Rem tempora dolorem voluptatibus quos accusamus nobis.','journals/395ec7dc-55bf-4de6-9c38-f8f52c481118.png','-7.199536','110.559831',1,NULL,'2026-04-24 15:17:55','2026-04-24 15:17:55'),(349,12,'2026-09-26','06:57:02','attendance/a4752ddb-5f53-430e-aeb3-ae339a5402ff.png','Izin','Nulla quo voluptatem et quo reiciendis est.','journals/6c37e815-626b-4739-afde-65ef5ddf4851.png','-7.273179','108.039559',1,NULL,'2026-04-24 15:17:55','2026-04-24 15:17:55'),(350,12,'2026-09-27','00:22:00','attendance/3f0645b9-4dfa-47e1-ae4a-4238f3bb9c5a.png','Izin','Temporibus tempora labore aut suscipit.','journals/85a60505-025a-4831-87cb-7c19c824fe45.png','-6.687778','107.50122',1,NULL,'2026-04-24 15:17:55','2026-04-24 15:17:55'),(351,12,'2026-09-28','04:42:24','attendance/a6be7e2e-3fed-4f53-b869-19cb9a0b175f.png','Izin','Quo blanditiis dicta iste.','journals/7dd2364c-260a-4efe-9103-556555af0efc.png','-7.939028','110.995091',1,NULL,'2026-04-24 15:17:55','2026-04-24 15:17:55'),(352,12,'2026-09-29','04:05:22','attendance/cea3ddd7-246e-48e8-9eb7-b3888babdf14.png','Sakit','Voluptatem enim deserunt quisquam corrupti adipisci libero iusto.','journals/198c410a-0711-4a34-b43b-3385ec436c67.png','-7.538751','108.24038',1,NULL,'2026-04-24 15:17:55','2026-04-24 15:17:55'),(353,12,'2026-09-30','23:25:40','attendance/f3463959-e6d9-4a22-a686-03586bfd0871.png','Libur','Aut iste quis ut quis enim omnis non.','journals/55bd3330-0c17-434c-9442-11821af8137f.png','-7.852128','106.937222',1,NULL,'2026-04-24 15:17:55','2026-04-24 15:17:55'),(354,12,'2026-10-01','00:34:47','attendance/ecfebedd-25af-4a00-99c5-f70b37227c76.png','Sakit','Itaque et ut doloribus aut.','journals/a30da8d2-12b6-4dd5-8b0d-b09cf2482158.png','-6.402872','110.649933',1,NULL,'2026-04-24 15:17:55','2026-04-24 15:17:55'),(355,12,'2026-10-02','23:37:29','attendance/715479c2-6790-447f-9bd8-47b455d3ed70.png','Sakit','Pariatur dicta tempora voluptatibus temporibus nesciunt.','journals/d6521ea6-c986-49b2-a480-b0636f34894b.png','-6.624744','109.096395',1,NULL,'2026-04-24 15:17:55','2026-04-24 15:17:55'),(356,12,'2026-10-03','20:15:47','attendance/b5e2dce9-5d25-4fd1-a2dc-3ed9b98f1c78.png','Sakit','Sunt nobis laudantium id soluta voluptatem voluptatibus ut.','journals/606b6468-bd77-4879-80f2-45706f551026.png','-6.681626','108.658939',1,NULL,'2026-04-24 15:17:55','2026-04-24 15:17:55'),(357,12,'2026-10-04','00:43:16','attendance/0d293c15-9203-4623-a2ec-1e68d0770f9a.png','Sakit','Assumenda doloribus maiores eos in hic sit.','journals/718df1f8-ac61-4629-8bd9-0bf404090b5c.png','-6.508675','108.872747',1,NULL,'2026-04-24 15:17:55','2026-04-24 15:17:55'),(358,12,'2026-10-05','09:02:34','attendance/6fa892e0-3be0-4502-ad48-36afdcd409b7.png','Sakit','Autem repellat nobis eius tenetur.','journals/2cec2d4a-4a02-402a-872d-78dfa7f11453.png','-7.361389','106.745103',1,NULL,'2026-04-24 15:17:55','2026-04-24 15:17:55'),(359,12,'2026-10-06','11:50:29','attendance/02ccbd2d-24d4-411f-ae61-9e674f8e91e5.png','Sakit','Velit nisi voluptatem quam a perferendis quo.','journals/3318c4dc-cda4-49aa-81b8-7b8e2654c4ec.png','-6.936079','114.221273',1,NULL,'2026-04-24 15:17:55','2026-04-24 15:17:55'),(360,12,'2026-10-07','10:21:05','attendance/adb5d9ff-5538-426b-bca1-03e6214e4aec.png','Libur','Illum hic expedita excepturi quia.','journals/301a4422-8ff9-418e-833a-6e29df00f722.png','-8.064628','107.51406',1,NULL,'2026-04-24 15:17:55','2026-04-24 15:17:55'),(361,12,'2026-10-08','06:55:35','attendance/6153b257-8e5d-4b3b-88f0-f86bddbdbdd5.png','Hadir','Veritatis consectetur qui et dolor accusamus maxime.','journals/925f1390-fb73-40ed-860c-1eb86ce71b34.png','-8.091451','109.977486',1,NULL,'2026-04-24 15:17:55','2026-04-24 15:17:55'),(362,12,'2026-10-09','19:19:39','attendance/fca69d75-0d22-4bb5-a97b-56517a5ebccd.png','Hadir','In et ex quo dolores tempore.','journals/5d7472b9-9937-4e76-b198-59b8d67d21d8.png','-7.942758','106.946984',1,NULL,'2026-04-24 15:17:55','2026-04-24 15:17:55'),(363,12,'2026-10-10','12:43:49','attendance/02c3d41d-88e8-41fb-bb65-93101fd28e5c.png','Hadir','Quia voluptatem voluptas et sequi ut distinctio suscipit.','journals/cb83994f-d97e-4d13-a72e-a4abba5eca40.png','-7.851532','113.023783',1,NULL,'2026-04-24 15:17:55','2026-04-24 15:17:55'),(364,12,'2026-10-11','10:53:29','attendance/fb9fb4e6-931a-48c3-a8d0-9ee1ef7c0533.png','Hadir','Laboriosam sed corrupti et.','journals/91bfaec2-107a-475f-a354-38d4da2945b5.png','-7.148444','112.391566',1,NULL,'2026-04-24 15:17:55','2026-04-24 15:17:55'),(365,12,'2026-10-12','16:01:53','attendance/8648ed93-db94-4879-8eb5-24cd8e3eaa48.png','Izin','Rerum dignissimos saepe quaerat sit deserunt.','journals/66308d70-ed46-4510-a660-5f3e8fd29692.png','-8.073041','107.303942',1,NULL,'2026-04-24 15:17:55','2026-04-24 15:17:55'),(366,12,'2026-10-13','19:33:10','attendance/3c076de8-6a27-4424-a31f-9a013952814c.png','Libur','Aut inventore odio ipsum velit quam labore.','journals/5bf43225-bdf1-48fe-acea-48601f64fcd2.png','-8.039357','110.502858',1,NULL,'2026-04-24 15:17:55','2026-04-24 15:17:55'),(367,12,'2026-10-14','05:44:09','attendance/b09b2352-0739-43e6-a32e-c504ae386e0f.png','Izin','Debitis et debitis est maiores aliquid ut.','journals/d5f12bfc-8662-44ba-934d-aa4c4d0c59ba.png','-6.244626','111.432485',1,NULL,'2026-04-24 15:17:55','2026-04-24 15:17:55'),(368,12,'2026-10-15','08:40:26','attendance/3f3b079a-378a-4a58-b256-396e80c2b14e.png','Sakit','Quisquam dolore beatae rerum ea in.','journals/236ef829-33d5-49b4-a2b6-62941803ea72.png','-6.316596','111.571922',1,NULL,'2026-04-24 15:17:55','2026-04-24 15:17:55'),(369,12,'2026-10-16','23:08:08','attendance/76b67e0f-97c4-49ed-a503-9c4fbfe61047.png','Libur','Et sed assumenda aut unde maiores.','journals/20d84a69-c6ea-49d0-8eef-afa386a05a38.png','-8.113614','108.938984',1,NULL,'2026-04-24 15:17:55','2026-04-24 15:17:55'),(370,12,'2026-10-17','06:09:26','attendance/497fc485-2445-4ecc-b0ef-763c40132b85.png','Izin','Doloribus tenetur ipsa consequatur consequuntur nulla ut.','journals/8a5a847e-7bf8-4192-8535-663b382ee0f5.png','-6.972953','107.627053',1,NULL,'2026-04-24 15:17:55','2026-04-24 15:17:55'),(371,12,'2026-10-18','11:12:39','attendance/268d241b-d53a-4af9-9017-b95a89eca5f8.png','Libur','Hic sapiente beatae deleniti odit dolores voluptatibus.','journals/898478c9-cddd-472c-8077-c4e727d4adcc.png','-7.530688','108.124751',1,NULL,'2026-04-24 15:17:55','2026-04-24 15:17:55'),(372,12,'2026-10-19','19:32:29','attendance/7e794360-2fd5-4da5-9351-3c4eed88d735.png','Sakit','Minima at voluptatum animi veniam.','journals/8c6ca5a3-e9ba-4392-b435-5acf06ef5c67.png','-8.163999','110.753275',1,NULL,'2026-04-24 15:17:55','2026-04-24 15:17:55'),(373,12,'2026-10-20','12:42:36','attendance/8f29e5e0-6377-4d38-9ea5-34f8246f3bbd.png','Hadir','In incidunt molestiae iure consequuntur natus adipisci quisquam.','journals/b2cc16e0-4430-45ad-8994-40d040150482.png','-6.727921','111.584797',1,NULL,'2026-04-24 15:17:55','2026-04-24 15:17:55'),(374,12,'2026-10-21','17:28:46','attendance/decbdff5-d3c0-4334-95aa-68a07e2e1e29.png','Hadir','Doloribus voluptas delectus dolores fugit occaecati porro ducimus.','journals/974ba5bf-e63c-4356-a58e-cb4cd4fc3ed8.png','-6.545468','106.737003',1,NULL,'2026-04-24 15:17:55','2026-04-24 15:17:55'),(375,12,'2026-10-22','07:45:51','attendance/f4db0783-ddef-4d27-b853-936bd31bbf50.png','Libur','Veritatis in enim dolorum modi eligendi.','journals/f644fecb-71fe-410d-9a51-738f47699f04.png','-7.193186','112.877048',1,NULL,'2026-04-24 15:17:55','2026-04-24 15:17:55'),(376,12,'2026-10-23','04:05:18','attendance/e24f76c6-0b3f-4dbd-b531-8999cc31b48d.png','Sakit','Inventore officiis ullam est veritatis.','journals/6c063103-b041-4b94-ad52-3b3da9fe9763.png','-6.420716','111.706391',1,NULL,'2026-04-24 15:17:55','2026-04-24 15:17:55'),(377,12,'2026-10-24','16:15:56','attendance/24c9b54f-8a39-4a99-8981-51bc2ed4bea6.png','Hadir','Minima odit similique magnam aliquam qui.','journals/f9c1c295-bf58-43d7-8d94-6473c784cab5.png','-7.344012','108.518324',1,NULL,'2026-04-24 15:17:55','2026-04-24 15:17:55'),(378,12,'2026-10-25','13:38:16','attendance/34eb9398-1970-4ede-92c8-935e490442a6.png','Izin','Exercitationem et et consequatur aut accusamus molestiae saepe.','journals/15d0f3ac-2fc2-47c9-bb9b-85d684fb112e.png','-7.54632','107.495549',1,NULL,'2026-04-24 15:17:55','2026-04-24 15:17:55'),(379,12,'2026-10-26','19:48:58','attendance/f0146401-854c-4dc2-85ed-1f436693a9c9.png','Izin','Culpa quo magni maxime maxime provident.','journals/a75ac98d-9740-4cf2-996f-7e526a593e24.png','-7.135981','110.30347',1,NULL,'2026-04-24 15:17:55','2026-04-24 15:17:55'),(380,12,'2026-10-27','10:45:09','attendance/7f723e31-5efc-4a0a-bace-35c423036cfb.png','Hadir','Officiis voluptatem aut adipisci voluptatem impedit incidunt.','journals/cdfe1499-646e-4bfa-93c4-aeb3b7825a08.png','-6.288668','108.603624',1,NULL,'2026-04-24 15:17:55','2026-04-24 15:17:55'),(381,12,'2026-10-28','03:13:26','attendance/a763680c-63ae-4938-907a-c0ff3ffeb774.png','Libur','Accusamus sed architecto iusto quia aliquid reiciendis voluptate.','journals/59c1186a-eff9-4a6f-8f34-587875f9d5d0.png','-7.32596','113.908786',1,NULL,'2026-04-24 15:17:55','2026-04-24 15:17:55'),(382,12,'2026-10-29','13:42:20','attendance/f0686075-ab40-44b6-8a03-bc976dbda1d1.png','Izin','Excepturi amet velit sit.','journals/55ef7b59-0515-4612-9d2a-3aee356ce30d.png','-7.934867','107.58906',1,NULL,'2026-04-24 15:17:55','2026-04-24 15:17:55'),(383,12,'2026-10-30','18:17:41','attendance/6b17d6ba-cb4d-4ab2-bdeb-387fb8c3b894.png','Sakit','Doloribus et delectus ut unde dolorem rerum mollitia.','journals/0d611cfa-8bfe-479f-a701-25a86782b3b9.png','-7.115827','113.886747',1,NULL,'2026-04-24 15:17:55','2026-04-24 15:17:55'),(384,12,'2026-10-31','14:09:05','attendance/e14e2b05-c800-455f-8fcd-9d222375725b.png','Izin','Itaque accusantium perferendis quis autem qui aut commodi.','journals/9a7db3bb-6dfc-4112-ad7f-ba87a2bdbaf0.png','-6.970411','111.572783',1,NULL,'2026-04-24 15:17:55','2026-04-24 15:17:55'),(385,12,'2026-11-01','13:36:11','attendance/0f299779-63fd-4b1c-9c18-de57db5372b9.png','Izin','Fugit officia voluptates est labore.','journals/4a8b73fa-2542-48e3-adb3-7e2aad1b38c3.png','-6.111672','113.347689',1,NULL,'2026-04-24 15:17:55','2026-04-24 15:17:55'),(386,12,'2026-11-02','14:52:33','attendance/fa20b6e9-a5b5-47b2-8e76-5511545284dc.png','Sakit','Minus dicta est minus hic.','journals/2e40c476-7d76-4893-a97f-a6f1a9c05f7c.png','-6.320147','113.015108',1,NULL,'2026-04-24 15:17:55','2026-04-24 15:17:55'),(387,12,'2026-11-03','15:29:33','attendance/e5017d6c-77e6-49fa-9934-64fbf684e995.png','Izin','Enim nemo molestias rerum sunt.','journals/ca820e67-f293-42a5-a390-2708d1088637.png','-6.517866','111.686979',1,NULL,'2026-04-24 15:17:55','2026-04-24 15:17:55'),(388,12,'2026-11-04','18:34:42','attendance/d3aea569-8331-461e-8ab9-05c38ae9e6b2.png','Sakit','Culpa adipisci quaerat voluptas excepturi molestias non molestiae necessitatibus.','journals/a521e889-0a1d-4b0a-be8e-3b1ed173bc39.png','-6.667114','114.207429',1,NULL,'2026-04-24 15:17:55','2026-04-24 15:17:55'),(389,12,'2026-11-05','16:37:56','attendance/5274f852-44b9-46c4-aee8-c8060c6442cd.png','Hadir','Neque exercitationem quibusdam incidunt sit et.','journals/1fad3106-fa4d-47d7-93ef-eb0f7d3d0a85.png','-7.287813','110.678996',1,NULL,'2026-04-24 15:17:55','2026-04-24 15:17:55'),(390,12,'2026-11-06','14:48:40','attendance/ca418adf-e981-45ce-b34a-cb1c0324aa4d.png','Libur','Nostrum aut neque officia beatae fuga nostrum.','journals/e4f58bff-1064-488d-9c34-2edbd14f10cc.png','-6.933307','112.994464',1,NULL,'2026-04-24 15:17:55','2026-04-24 15:17:55'),(391,12,'2026-11-07','06:08:29','attendance/9eebde4f-378f-4d71-9963-607513a9e4e2.png','Sakit','A impedit molestias quam quae doloribus a et.','journals/b33d634d-68a0-45bf-8863-206abedd6f4e.png','-7.836018','112.538695',1,NULL,'2026-04-24 15:17:55','2026-04-24 15:17:55'),(392,12,'2026-11-08','04:01:49','attendance/9d8edb94-d340-4120-94d8-f20bfbbe12b1.png','Izin','Qui dignissimos architecto exercitationem sunt culpa consequuntur.','journals/bad76092-e4a0-4bcb-804a-8202567f46f8.png','-7.472853','109.831562',1,NULL,'2026-04-24 15:17:55','2026-04-24 15:17:55'),(393,12,'2026-11-09','03:13:30','attendance/12539da3-e0ca-40e2-b92e-d8b86639a5b3.png','Libur','Repudiandae facilis quia quia suscipit labore voluptas magni.','journals/beac45db-8461-4776-b4fc-9c1d9a13a7d9.png','-7.217018','111.665567',1,NULL,'2026-04-24 15:17:55','2026-04-24 15:17:55'),(394,12,'2026-11-10','12:52:15','attendance/1e609223-8346-4cbd-8bc5-85c9f4f40fda.png','Libur','Sint minus et aspernatur mollitia esse.','journals/b9420c4c-9f1c-402a-b6d6-7b510ce468e9.png','-7.101618','107.252828',1,NULL,'2026-04-24 15:17:55','2026-04-24 15:17:55'),(395,12,'2026-11-11','02:47:03','attendance/b8925e6f-9e77-449a-a440-379b4d58f9bd.png','Libur','Quisquam non nostrum corrupti harum esse in sapiente itaque.','journals/f3aa1d08-f46e-43c0-9278-682e2d4c391e.png','-6.571528','112.451859',1,NULL,'2026-04-24 15:17:55','2026-04-24 15:17:55'),(396,12,'2026-11-12','08:58:05','attendance/95cf363f-d568-4e43-8b3d-fb4060b85180.png','Libur','Dolorem tempora et sit quidem et voluptatem fugiat.','journals/488708a3-72c4-4102-a973-033eb8bf89b4.png','-7.5896','112.363824',1,NULL,'2026-04-24 15:17:55','2026-04-24 15:17:55'),(397,12,'2026-11-13','05:17:09','attendance/57480d07-35d3-45da-be30-b987b2cdacc9.png','Izin','Ut numquam quo qui.','journals/38c4f08a-e0fe-4317-a877-72bce58cf730.png','-7.411381','108.380105',1,NULL,'2026-04-24 15:17:55','2026-04-24 15:17:55'),(398,12,'2026-11-14','21:45:12','attendance/8ebf7eeb-1cd3-4a0d-bc7b-54df922824e8.png','Hadir','Et autem odio molestiae vel nobis quasi quaerat.','journals/983e05e1-b4f0-4a19-a4a8-8b9f065818a5.png','-7.703825','107.767911',1,NULL,'2026-04-24 15:17:55','2026-04-24 15:17:55'),(399,12,'2026-11-15','17:21:05','attendance/f8fbc33d-72a6-4319-b61f-5f125d56f77a.png','Hadir','Cum tenetur et itaque omnis illo tempora.','journals/4a4a1cd4-b369-4905-95cc-3a50c286c7cc.png','-8.212432','109.840547',1,NULL,'2026-04-24 15:17:55','2026-04-24 15:17:55'),(400,12,'2026-11-16','21:20:41','attendance/45feba0c-0dab-4ecb-bd9d-c57ae9122e02.png','Sakit','Omnis assumenda commodi earum voluptatem quia sint exercitationem.','journals/8043bcc6-8944-47bc-be7c-cf6b4a91e95b.png','-7.203511','112.035701',1,NULL,'2026-04-24 15:17:55','2026-04-24 15:17:55'),(401,12,'2026-11-17','22:45:52','attendance/8bac772c-7aff-4b95-b183-dce26ed6ec14.png','Hadir','Repudiandae amet harum voluptatem rerum.','journals/5db08696-f410-4408-8faa-93f2e96746f4.png','-7.013262','107.4541',1,NULL,'2026-04-24 15:17:55','2026-04-24 15:17:55'),(402,12,'2026-11-18','04:01:26','attendance/cd2f67f8-cd85-4d88-b578-fa83267ca5aa.png','Libur','Fuga labore repudiandae ut nostrum.','journals/f0c872e8-e5b8-4394-9f44-4ac204e9852f.png','-6.902858','110.754184',1,NULL,'2026-04-24 15:17:55','2026-04-24 15:17:55'),(403,12,'2026-11-19','03:25:39','attendance/20348ebd-6561-4702-a3c9-01d161def478.png','Libur','Exercitationem aut placeat eos omnis fugit odio magnam.','journals/4bc09e5e-cd99-4a2d-82d5-5e66f2d0eed3.png','-6.960693','109.208865',1,NULL,'2026-04-24 15:17:55','2026-04-24 15:17:55'),(404,12,'2026-11-20','02:57:15','attendance/b85b95d7-b75d-408a-ba1f-0fdde72c48aa.png','Sakit','Et quaerat aut qui.','journals/7b916f74-ecbd-4760-80cd-15496a1e0678.png','-6.457376','113.866349',1,NULL,'2026-04-24 15:17:55','2026-04-24 15:17:55'),(405,12,'2026-11-21','08:50:17','attendance/5a5f1b46-b606-473a-b045-3dbe21777855.png','Sakit','Aut aliquam officia pariatur consequuntur esse minima earum.','journals/1867c865-6f62-45ad-a620-0c51f66b6df8.png','-6.516235','113.531329',1,NULL,'2026-04-24 15:17:55','2026-04-24 15:17:55'),(406,12,'2026-11-22','01:46:04','attendance/9485f014-fcec-4c1e-8050-22620888357d.png','Hadir','Qui voluptatem iste est nobis.','journals/f3c5e9b4-0da0-4ed3-855c-848bd05a398c.png','-6.943438','110.88323',1,NULL,'2026-04-24 15:17:55','2026-04-24 15:17:55'),(407,12,'2026-11-23','21:43:40','attendance/130119c3-55b2-4f8f-8553-6b13b2d6baab.png','Sakit','Dignissimos quibusdam ea quisquam.','journals/65aa8fba-a19e-4a73-976c-404539e39ffe.png','-7.248234','111.887846',1,NULL,'2026-04-24 15:17:56','2026-04-24 15:17:56'),(408,12,'2026-11-24','05:42:42','attendance/a38ea790-328e-4cc5-b996-21702424e3ab.png','Libur','Omnis laboriosam vero nulla harum iusto earum non.','journals/53b66e99-e1e1-4a05-9399-591302ee3155.png','-7.883927','113.289394',1,NULL,'2026-04-24 15:17:56','2026-04-24 15:17:56'),(409,12,'2026-11-25','08:42:00','attendance/6f928372-86d6-446e-8209-2f232669dbd0.png','Libur','Accusantium iste excepturi qui accusantium mollitia aut.','journals/e2c8101b-7b9f-41fc-a3c4-1c3544007237.png','-6.491838','108.48621',1,NULL,'2026-04-24 15:17:56','2026-04-24 15:17:56'),(410,12,'2026-11-26','19:35:12','attendance/60c72cb3-885a-4409-9cc6-7f68643c7e1c.png','Hadir','Temporibus doloremque repellendus quia eius sed nisi consequatur.','journals/97e4c7a4-dac2-420a-84f9-03937f499136.png','-6.624303','114.291519',1,NULL,'2026-04-24 15:17:56','2026-04-24 15:17:56'),(411,12,'2026-11-27','08:49:29','attendance/5d896794-ab1a-4fdb-aefa-177fbd9cb19d.png','Hadir','Qui non ipsam eos nulla sed hic exercitationem.','journals/d9e10257-f797-4c9c-bf29-09f71282b16a.png','-6.275352','107.279926',1,NULL,'2026-04-24 15:17:56','2026-04-24 15:17:56'),(412,12,'2026-11-28','02:30:53','attendance/e83bf98e-07af-4d42-b307-c0d8b15e3b15.png','Libur','Corporis molestias facilis illo blanditiis molestias.','journals/32cb9db9-b2b3-47da-9820-75912c6ffd3e.png','-7.7861','110.369145',1,NULL,'2026-04-24 15:17:56','2026-04-24 15:17:56'),(413,12,'2026-11-29','22:30:09','attendance/a6025ec4-c05a-4de3-997d-73f3287ef33e.png','Izin','In aut ullam est atque.','journals/522bf5e8-bd34-4127-802a-6294b1bdfd3a.png','-8.230982','113.012339',1,NULL,'2026-04-24 15:17:56','2026-04-24 15:17:56'),(414,12,'2026-11-30','03:53:39','attendance/789b24b5-e3a2-4077-9aa3-25f3f4a7b114.png','Hadir','Magni dolorem odit nobis ducimus provident illum consectetur dolor.','journals/22f7b094-a856-4143-8fe5-a8cdd6007d35.png','-7.136088','107.287609',1,NULL,'2026-04-24 15:17:56','2026-04-24 15:17:56'),(415,12,'2026-12-01','00:32:10','journals/attendance/01KQFAN1KKBSZJ2HDM8EGNF3E4.png','Hadir','Provident aperiam expedita et iste qui aut.','journals/01KQFAN1KSYXFAB8WAA60Q2ZWJ.jpg','-6.3045000','107.2868000',1,'foto kurang jelas','2026-04-24 15:17:56','2026-04-30 17:00:33'),(416,12,'2026-12-02','20:35:41','attendance/3fa58ff1-59eb-4a1e-8211-01f490e269ee.png','Izin','Ut sint vel iste odit et dicta necessitatibus.','journals/004a0cdf-ad5a-43cc-84f3-da052ef5e9f9.png','-6.811324','108.292282',1,NULL,'2026-04-24 15:17:56','2026-04-24 15:17:56'),(417,12,'2026-12-03','15:41:49','attendance/5a7702d9-18b4-4a0f-ba49-ef60d8b639be.png','Izin','Fugiat quisquam et ratione delectus qui quibusdam fugit est.','journals/ce3a3e92-dfad-44f7-9c5c-ac96612b68b3.png','-6.447377','109.520264',1,NULL,'2026-04-24 15:17:56','2026-04-24 15:17:56'),(418,12,'2026-12-04','12:32:05','attendance/5ef4ecf6-f88d-4f02-be1c-88284779d8d4.png','Sakit','Assumenda officia eligendi debitis.','journals/4aee7f3e-d327-4dbe-9e86-9346c4334cba.png','-6.258354','109.288211',1,NULL,'2026-04-24 15:17:56','2026-04-24 15:17:56'),(419,12,'2026-12-05','13:11:48','attendance/cdd02708-c95f-4470-8b9c-02ea1c0075ed.png','Sakit','Ut expedita velit ipsa.','journals/b2a0a2c3-b812-46a6-895d-50373a45affe.png','-7.82759','109.220392',1,NULL,'2026-04-24 15:17:56','2026-04-24 15:17:56'),(420,12,'2026-12-06','21:59:04','attendance/8192a051-a977-4c1e-a5ed-fe6e3c46dc26.png','Sakit','Nesciunt autem et autem distinctio sit.','journals/92adbc9e-86ff-432e-9f42-c923f65f344b.png','-8.130644','114.171471',1,NULL,'2026-04-24 15:17:56','2026-04-24 15:17:56'),(421,12,'2026-12-07','08:55:44','attendance/28fdbbfa-0c2a-4231-819c-ec5b9a53c6da.png','Sakit','Cum est natus quia autem.','journals/63bda552-9b53-4af7-bb3c-72e1e38b824e.png','-6.938115','108.552048',1,NULL,'2026-04-24 15:17:56','2026-04-24 15:17:56'),(422,12,'2026-12-08','17:28:01','attendance/4d03c88f-e1a3-4234-a065-dadf8d3151b1.png','Izin','Velit molestiae neque dolore molestias architecto voluptate.','journals/6fad01e7-38c0-4956-912b-4237da9ad51a.png','-7.402716','109.528579',1,NULL,'2026-04-24 15:17:56','2026-04-24 15:17:56'),(423,12,'2026-12-09','18:00:54','attendance/a286b151-7ea1-44c6-8f16-d7437a00f3e0.png','Hadir','Quos iure laborum illum deserunt.','journals/cc926111-9524-46c1-8bf3-a3bc5681319b.png','-6.082903','110.315963',1,NULL,'2026-04-24 15:17:56','2026-04-24 15:17:56'),(424,12,'2026-12-10','16:37:30','attendance/26b6c619-b0f5-4c98-a724-284e7b86449e.png','Sakit','Est praesentium molestias officia quis et sint.','journals/0e34a2b1-3a11-43dc-932b-dbfe951ae27e.png','-6.058167','112.683053',1,NULL,'2026-04-24 15:17:56','2026-04-24 15:17:56'),(425,12,'2026-12-11','00:33:44','attendance/97bb1118-3fd9-4a1c-94fb-6585d064ed27.png','Libur','Quo reprehenderit id doloribus laboriosam rerum odit dolor.','journals/fd0af788-cc2c-411f-808e-714495e92f15.png','-6.83597','111.490315',1,NULL,'2026-04-24 15:17:56','2026-04-24 15:17:56'),(426,12,'2026-12-12','18:02:54','attendance/cbf00247-d66c-463e-8cfb-efd7778d30c6.png','Sakit','Numquam vel dolorem et ex ut.','journals/e696b05c-718a-48b9-9413-741c1e13b56d.png','-7.531159','108.439264',1,NULL,'2026-04-24 15:17:56','2026-04-24 15:17:56'),(427,12,'2026-12-13','00:21:02','attendance/14c7cacb-a028-46d8-9d27-c2598378fd44.png','Izin','Velit eaque non esse reiciendis.','journals/47ac9039-9b63-4c1b-8c95-e5894a5c8b17.png','-6.495552','109.298387',1,NULL,'2026-04-24 15:17:56','2026-04-24 15:17:56'),(428,12,'2026-12-14','19:47:25','attendance/3e393d71-9a9c-4dad-b82c-e3e87f95e696.png','Hadir','Debitis temporibus earum assumenda in.','journals/6c0137c0-104e-4186-9efb-48561c41c783.png','-6.922271','113.901527',1,NULL,'2026-04-24 15:17:56','2026-04-24 15:17:56'),(429,12,'2026-12-15','18:20:37','attendance/a320c8f4-011b-4295-bde3-74a3e75898e4.png','Izin','Unde aut et consequatur dolorum rerum animi voluptatum.','journals/32073e0a-2aeb-40a5-9ba3-015477941d4b.png','-7.106494','109.81349',1,NULL,'2026-04-24 15:17:56','2026-04-24 15:17:56'),(430,12,'2026-12-16','19:09:37','attendance/80b58158-dbe8-4cd9-ab61-639b5e3417e2.png','Hadir','Animi nihil reprehenderit sint quasi eos natus quos.','journals/04dca522-c598-4e31-a7ca-c139439681a6.png','-6.671289','108.201059',1,NULL,'2026-04-24 15:17:56','2026-04-24 15:17:56'),(431,12,'2026-12-17','12:23:14','attendance/71dfced0-e483-4720-92e0-9992ba1f760f.png','Libur','Voluptatem sed sit iusto qui reiciendis dolores.','journals/ef9582fd-0127-452e-b26b-1d5d81e42d99.png','-7.31665','109.467983',1,NULL,'2026-04-24 15:17:56','2026-04-24 15:17:56'),(432,12,'2026-12-19','03:38:32','attendance/60e59c67-4f23-40bf-967d-0c78a0b72685.png','Sakit','Quisquam blanditiis perferendis distinctio atque.','journals/44035d6e-c4c7-44fc-a70b-b7b0a080efea.png','-7.63135','109.658945',1,NULL,'2026-04-24 15:17:56','2026-04-24 15:17:56'),(433,12,'2026-12-20','22:22:26','attendance/95a218b3-50cb-47ea-9949-0fcdeee071e9.png','Sakit','Saepe sit quasi sunt dolor ex.','journals/f3961c96-da10-45b1-bc9e-23c2349d8847.png','-6.799449','108.500607',1,NULL,'2026-04-24 15:17:56','2026-04-24 15:17:56'),(434,12,'2026-12-21','12:29:44','attendance/e09f27e0-4422-44ff-a3e6-3d132be0b025.png','Hadir','Voluptas beatae et est inventore impedit.','journals/5f590adc-9f70-45b5-9975-1ad23c5d2303.png','-7.646585','114.049335',1,NULL,'2026-04-24 15:17:56','2026-04-24 15:17:56'),(435,12,'2026-12-22','12:06:55','journals/attendance/4ed43745-83f3-4785-a104-4f60dc145d95.jpeg','Hadir','Cuci Mobil','journals/01648ae0-f04b-468b-acb9-f814a22b2bbd.jpeg','-8.2368791568253','114.35495138168',1,NULL,'2026-04-24 15:17:56','2026-05-11 12:00:42'),(436,13,'2026-06-22','19:25:16','attendance/4793ee5c-355b-4243-b8a9-bfd5bedb4711.png','Izin','Deserunt suscipit exercitationem mollitia laboriosam qui iste porro.','journals/b56bdc7d-ef2c-4a71-8a9a-5ee45e955b97.png','-7.97506','109.583918',1,NULL,'2026-04-24 15:17:56','2026-04-24 15:17:56'),(437,13,'2026-06-23','09:34:41','attendance/4fe2f469-f88d-4045-992d-623bde8e5d19.png','Sakit','Et et omnis tempora aspernatur.','journals/c1f335a8-4f49-4269-9984-b8c31feab696.png','-6.696911','110.618273',1,NULL,'2026-04-24 15:17:56','2026-04-24 15:17:56'),(438,13,'2026-06-24','16:53:45','attendance/bdb0018e-2917-42e1-bda2-3cb82b14c849.png','Libur','Minus cupiditate quia quo eius quo facere.','journals/1f14a22b-d0dc-4183-8ae7-6b9432d7858f.png','-6.66563','114.225713',1,NULL,'2026-04-24 15:17:56','2026-04-24 15:17:56'),(439,13,'2026-06-25','16:48:19','attendance/a01d7631-f76f-4a33-b5b0-f0c3253687b4.png','Sakit','Necessitatibus quos rerum voluptas dolor omnis et autem.','journals/eeb590c2-3d96-4231-9248-99bcdfe2dae4.png','-7.880324','113.936265',1,NULL,'2026-04-24 15:17:56','2026-04-24 15:17:56'),(440,13,'2026-06-26','15:27:34','attendance/3c47d5e3-9806-4e3c-af19-fea664590a8b.png','Izin','Dolor rerum eveniet qui dolores eius quasi.','journals/0981bb49-b727-47f6-9be1-87f9d21ccfd4.png','-7.963953','106.932951',1,NULL,'2026-04-24 15:17:56','2026-04-24 15:17:56'),(441,13,'2026-06-27','05:17:28','attendance/20a88b83-006a-42f2-aef5-ccac733c19eb.png','Libur','Amet corrupti non est dolorem aut aliquid.','journals/8f22cbda-bb46-4777-ae6b-636dd3197cf8.png','-6.762749','111.45894',1,NULL,'2026-04-24 15:17:56','2026-04-24 15:17:56'),(442,13,'2026-06-28','14:03:49','attendance/b3dae8bc-b057-48c4-9b96-34e845182e39.png','Sakit','Vel et quia reprehenderit sint.','journals/cd75936b-49bf-4625-bff4-d8a7bedfaaa4.png','-6.574782','109.653855',1,NULL,'2026-04-24 15:17:56','2026-04-24 15:17:56'),(443,13,'2026-06-30','10:25:07','attendance/2ef3622b-2889-4438-adfa-0c2164df8d28.png','Sakit','Nihil qui omnis labore dolores dolorum voluptatem.','journals/0d5007ee-b1fd-446d-9016-1a1c281c1d85.png','-7.085988','107.611496',1,NULL,'2026-04-24 15:17:56','2026-04-24 15:17:56'),(444,13,'2026-07-01','00:54:39','attendance/ed4bf521-8718-475f-9547-11b08c259649.png','Libur','Excepturi dolor totam commodi a consequatur occaecati.','journals/48373009-9dc5-486e-9bfd-8f994ff79653.png','-6.49958','113.21326',1,NULL,'2026-04-24 15:17:56','2026-04-24 15:17:56'),(445,13,'2026-07-02','02:15:50','attendance/f9b1f627-9ed3-490a-9661-bf2585f69e47.png','Sakit','Debitis quae praesentium sit aut quidem molestiae.','journals/42136ef7-555c-4b54-9df6-14549022744f.png','-7.722874','106.881604',1,NULL,'2026-04-24 15:17:56','2026-04-24 15:17:56'),(446,13,'2026-07-03','07:22:55','attendance/d487e300-98d7-42b7-af88-310e4ad377b8.png','Sakit','Numquam rem quo quis exercitationem laboriosam ipsa.','journals/2eaffbe6-afae-413f-a52d-daa4a3a2894a.png','-7.922932','109.313999',1,NULL,'2026-04-24 15:17:56','2026-04-24 15:17:56'),(447,13,'2026-07-04','09:13:53','attendance/225b08e3-1240-4816-a48b-fa09d68d343b.png','Libur','Accusantium unde voluptatem asperiores eum deleniti.','journals/dfd26068-e168-4edc-90b7-33af90e4c743.png','-6.817748','108.074305',1,NULL,'2026-04-24 15:17:56','2026-04-24 15:17:56'),(448,13,'2026-07-05','04:58:01','attendance/9ef3a149-77ab-410f-ab18-065f507dfd96.png','Sakit','Molestias molestias dolore mollitia est quaerat perspiciatis quod quasi.','journals/e4a0d007-91b9-4f84-b166-55516831596a.png','-8.118352','106.944422',1,NULL,'2026-04-24 15:17:56','2026-04-24 15:17:56'),(449,13,'2026-07-06','03:12:09','attendance/64ca7ca1-e8bb-4cda-9337-31a09a35983b.png','Hadir','Tenetur assumenda aliquid sint.','journals/cf8a2e8a-e884-4e79-bdfe-f10c3ed507da.png','-7.143223','113.803952',1,NULL,'2026-04-24 15:17:56','2026-04-24 15:17:56'),(450,13,'2026-07-07','11:55:47','attendance/9be6a25b-3c21-4cfe-b72d-830068f63192.png','Hadir','Vel architecto cumque qui id.','journals/7f164cd4-593a-44ec-8d86-ef268bcfe19e.png','-8.294532','108.032182',1,NULL,'2026-04-24 15:17:56','2026-04-24 15:17:56'),(451,13,'2026-07-08','13:56:01','attendance/4bde3b16-ac85-4e7b-9d93-38d12ebab6ce.png','Libur','Quidem repellat cum necessitatibus est dolorum impedit eum.','journals/bd01fbbd-5957-44f6-afd2-785d832e2e05.png','-6.540707','108.47376',1,NULL,'2026-04-24 15:17:56','2026-04-24 15:17:56'),(452,13,'2026-07-09','17:40:46','attendance/0f80d3c7-ffbc-4754-954f-d345a300f025.png','Izin','Minus delectus aperiam suscipit sed in.','journals/64c703f3-5e5b-4e3a-887a-0fa7f9bd9e52.png','-7.425383','109.20689',1,NULL,'2026-04-24 15:17:56','2026-04-24 15:17:56'),(453,13,'2026-07-10','11:02:15','attendance/6a43ba03-3246-473b-9254-2a5764fa5931.png','Izin','Quam dolorum aut ut magnam voluptatum qui voluptas.','journals/25e1ace7-efe8-4e05-80ce-f1fa9817572f.png','-7.615873','110.151429',1,NULL,'2026-04-24 15:17:56','2026-04-24 15:17:56'),(454,13,'2026-07-11','08:37:27','attendance/b873dca5-dc67-483a-b390-378131908157.png','Libur','Adipisci similique sunt laudantium quis.','journals/f49af70f-3902-4608-9dd3-f169a1df57fe.png','-7.318175','107.887117',1,NULL,'2026-04-24 15:17:56','2026-04-24 15:17:56'),(455,13,'2026-07-12','07:15:32','attendance/e22349e2-2a80-4e41-bf3e-461758f901f0.png','Izin','Soluta et facere eius a error maxime a eos.','journals/592a8fe3-a7ca-48df-96b1-5ace83392cb1.png','-7.529791','108.722474',1,NULL,'2026-04-24 15:17:56','2026-04-24 15:17:56'),(456,13,'2026-07-13','22:22:24','attendance/dbbf7868-38cb-4cb5-9e42-78c3d1217318.png','Libur','Id magnam minima non iure voluptatum quia.','journals/ee2f24c0-6c85-411f-ac00-b33ba2567895.png','-8.171191','113.952156',1,NULL,'2026-04-24 15:17:56','2026-04-24 15:17:56'),(457,13,'2026-07-14','21:50:20','attendance/c7a3d1a1-f40b-43d2-a464-dc6239f44d93.png','Libur','Fuga ut fuga dolor provident consequatur quia.','journals/b0930a5c-57cb-440e-960a-c37dac1f9e3a.png','-7.17368','110.610836',1,NULL,'2026-04-24 15:17:56','2026-04-24 15:17:56'),(458,13,'2026-07-15','14:52:13','attendance/dac44e0a-a295-4aaf-97ed-fc61925b94ca.png','Libur','Sit voluptas atque vel quo dolorum quisquam eius et.','journals/586c54dd-0fe8-41a8-89dd-326be9135404.png','-6.018747','110.672237',1,NULL,'2026-04-24 15:17:56','2026-04-24 15:17:56'),(459,13,'2026-07-16','06:18:17','attendance/421b1b80-6b80-48e0-8bb0-13d8e271e791.png','Libur','Soluta magni sed voluptatibus cumque possimus.','journals/7e70669c-9912-4404-a23f-8ae4a01eea5d.png','-7.399439','110.347297',1,NULL,'2026-04-24 15:17:56','2026-04-24 15:17:56'),(460,13,'2026-07-17','16:18:58','attendance/99bb3c8e-4e2f-4e42-8944-72248e440906.png','Hadir','Aliquam laborum necessitatibus voluptatem nobis doloribus suscipit aperiam.','journals/d087025e-0e15-42b0-829e-aaadb81ef04d.png','-6.644389','110.058794',1,NULL,'2026-04-24 15:17:56','2026-04-24 15:17:56'),(461,13,'2026-07-18','20:34:22','attendance/4d2e97f0-8b4e-4d5b-b4f5-c786d20b98d4.png','Libur','Necessitatibus non suscipit qui quia reiciendis.','journals/72ceda76-ac23-4772-85d4-00c0add1f20e.png','-7.028348','109.092475',1,NULL,'2026-04-24 15:17:56','2026-04-24 15:17:56'),(462,13,'2026-07-19','18:58:31','attendance/17589ee9-049e-40bb-9e59-e9cdac06dc75.png','Izin','Sint natus culpa ullam molestias aperiam quibusdam voluptatum.','journals/2116ff7b-b7bf-46d3-8322-80dae323364b.png','-7.07067','112.510851',1,NULL,'2026-04-24 15:17:56','2026-04-24 15:17:56'),(463,13,'2026-07-20','23:51:48','attendance/d36da896-7e51-4665-b0ef-05e9e2ddb615.png','Sakit','A est dolores vitae omnis quia.','journals/fd756e3b-d492-4fa8-a00e-2436cb42566e.png','-6.784561','110.287902',1,NULL,'2026-04-24 15:17:56','2026-04-24 15:17:56'),(464,13,'2026-07-21','15:36:31','attendance/94ddc1dc-4852-45a2-a22b-20d1fe56808d.png','Hadir','Aut maxime mollitia et est quae.','journals/d31e846b-3bb5-48f5-9607-a15930087d03.png','-7.06228','110.739719',1,NULL,'2026-04-24 15:17:56','2026-04-24 15:17:56'),(465,13,'2026-07-22','03:15:05','attendance/9960e8b3-bb8f-4015-9500-d14ddd5061d8.png','Izin','Dolor pariatur corporis quae error ab ducimus quia.','journals/1f4a24c0-5580-41b4-a844-c1f4d4e34e73.png','-7.358048','107.752752',1,NULL,'2026-04-24 15:17:56','2026-04-24 15:17:56'),(466,13,'2026-07-23','18:29:14','attendance/b4cf69a2-1062-4068-8630-473bf1043240.png','Hadir','Veniam impedit voluptate quae ducimus.','journals/9d842516-f701-4123-8604-5babc1ce89f6.png','-7.568041','107.269158',1,NULL,'2026-04-24 15:17:56','2026-04-24 15:17:56'),(467,13,'2026-07-24','12:11:42','attendance/58e2352f-4b85-467b-989d-4313aba2c5fb.png','Sakit','Quo nam molestiae velit asperiores ipsam repellat natus qui.','journals/8be89f6b-dda2-4478-b364-c17bd6aa8a43.png','-7.980088','111.08001',1,NULL,'2026-04-24 15:17:56','2026-04-24 15:17:56'),(468,13,'2026-07-25','04:56:54','attendance/b8cbf853-35f8-468f-8bfa-507bcf682d9e.png','Hadir','Delectus assumenda et in.','journals/2c3154eb-b1ee-43d4-8e15-dcfb2fb4197b.png','-7.323424','107.723572',1,NULL,'2026-04-24 15:17:56','2026-04-24 15:17:56'),(469,13,'2026-07-26','19:51:12','attendance/6c42aac4-a234-4ca7-be25-0ba3d077f168.png','Sakit','Rem ipsum perferendis qui earum quae quia et.','journals/ed41f52a-6a18-4c36-8061-e7d2306decfc.png','-6.528208','110.031609',1,NULL,'2026-04-24 15:17:56','2026-04-24 15:17:56'),(470,13,'2026-07-27','19:23:19','attendance/bede2e92-7f33-4fb7-a2c3-d97bbb4cc6fe.png','Sakit','Fuga ducimus sunt voluptas cum officia velit.','journals/94a4d9ba-7637-4209-9c8d-a31719bfb624.png','-7.391095','109.694217',1,NULL,'2026-04-24 15:17:56','2026-04-24 15:17:56'),(471,13,'2026-07-28','18:46:30','attendance/2843e7e7-9fca-454a-ab58-68ca1452258c.png','Libur','Facere sunt accusantium optio sed nihil aspernatur aspernatur soluta.','journals/a4bfd6d6-1a4f-4d84-be42-01af542ede7f.png','-7.073783','108.0168',1,NULL,'2026-04-24 15:17:56','2026-04-24 15:17:56'),(472,13,'2026-07-29','01:24:33','attendance/6d3a6701-cff8-41db-8d5b-b65c9379848e.png','Libur','Nesciunt ut qui itaque enim.','journals/c82bccd2-2599-490d-aaff-217306890425.png','-7.876316','111.161921',1,NULL,'2026-04-24 15:17:56','2026-04-24 15:17:56'),(473,13,'2026-07-30','16:57:20','attendance/b340f7a4-a0c4-4b0a-9fde-de2b09632d79.png','Sakit','Sed aut itaque qui eveniet qui unde.','journals/e0fa21bf-5f85-4ff9-8b47-d7954c8a09b8.png','-6.249177','108.743704',1,NULL,'2026-04-24 15:17:56','2026-04-24 15:17:56'),(474,13,'2026-07-31','03:04:02','attendance/bf4760e0-c714-4248-956a-4e40cf5fa2a3.png','Libur','Numquam qui rerum voluptas neque suscipit quibusdam.','journals/eabb2613-55af-48fc-abb7-25b63f30072e.png','-6.739178','111.546023',1,NULL,'2026-04-24 15:17:56','2026-04-24 15:17:56'),(475,13,'2026-08-01','13:30:44','attendance/2e7f400f-2474-456f-823c-2d12c15e9589.png','Sakit','Atque velit et earum voluptas tempora cupiditate.','journals/854a49e1-bff0-41d7-b82f-82a42b008513.png','-6.655639','114.054103',1,NULL,'2026-04-24 15:17:56','2026-04-24 15:17:56'),(476,13,'2026-08-02','08:26:02','attendance/4df8d530-b462-4221-a54f-2f0834c820fd.png','Sakit','Reprehenderit illo voluptatem consequuntur aut optio ad.','journals/5b83f516-cc75-4c07-8457-3a560f568932.png','-7.273086','114.198852',1,NULL,'2026-04-24 15:17:56','2026-04-24 15:17:56'),(477,13,'2026-08-03','10:18:47','attendance/9cabd36d-6c36-4119-b546-1eb53cf9cf54.png','Hadir','Esse et qui qui repellat consequuntur veniam.','journals/a6341675-65f1-4de9-ace5-4c367ec57a69.png','-6.907081','112.200302',1,NULL,'2026-04-24 15:17:56','2026-04-24 15:17:56'),(478,13,'2026-08-04','23:29:50','attendance/0f255b79-e791-497f-84bb-3977a702ef40.png','Sakit','Nulla molestias enim ut reprehenderit quae est velit nemo.','journals/192a40a7-f3d3-4ae4-889b-c007f1f4d153.png','-7.828104','113.791246',1,NULL,'2026-04-24 15:17:56','2026-04-24 15:17:56'),(479,13,'2026-08-05','01:15:58','attendance/b3675851-bd63-4448-ae3b-482a4773b45c.png','Sakit','Veniam deleniti eius dolor.','journals/e7068a50-a3aa-471e-b81f-865cb8c89a9b.png','-7.71091','109.909451',1,NULL,'2026-04-24 15:17:56','2026-04-24 15:17:56'),(480,13,'2026-08-06','08:52:30','attendance/d7f047e6-f18b-4b8a-a491-3a204edde27b.png','Libur','Ut vel enim enim.','journals/79a3aecb-8bfe-4b04-8df0-170a0428555e.png','-7.656654','113.972425',1,NULL,'2026-04-24 15:17:56','2026-04-24 15:17:56'),(481,13,'2026-08-07','00:16:25','attendance/fb565bc7-d594-46d5-8243-706d50d12073.png','Sakit','Consectetur iure eaque qui ut architecto sequi et.','journals/556ad417-94ea-4d3a-8f97-e61c586fea57.png','-7.105567','111.395721',1,NULL,'2026-04-24 15:17:56','2026-04-24 15:17:56'),(482,13,'2026-08-08','06:10:33','attendance/f59f366c-5321-4ebd-8467-8fad57f21c6e.png','Hadir','Velit error ut non nihil ducimus.','journals/ba33f3d7-3b7e-4002-8544-82aeed177898.png','-6.364923','107.501188',1,NULL,'2026-04-24 15:17:56','2026-04-24 15:17:56'),(483,13,'2026-08-09','07:30:37','attendance/96e5be65-4e1c-441e-a854-72e0bddde3c6.png','Hadir','Enim iste ad et.','journals/4a9ebb80-1f17-4617-a904-18cbbd2424fe.png','-7.467457','107.056023',1,NULL,'2026-04-24 15:17:56','2026-04-24 15:17:56'),(484,13,'2026-08-10','11:41:41','attendance/0295a1f7-b390-492a-9aaf-b36636cb3c3c.png','Izin','Omnis voluptates illum facere dolores rerum quae.','journals/38322b6e-8e55-48da-a69f-77d3d8905b24.png','-7.140398','108.551119',1,NULL,'2026-04-24 15:17:56','2026-04-24 15:17:56'),(485,13,'2026-08-11','19:20:47','attendance/4594884b-8ff6-43e8-82f1-849c94cf86cd.png','Hadir','Quidem earum magnam minima id sunt iure.','journals/b506b880-e9c0-4002-94b2-659c5d9b54b2.png','-7.411474','113.76227',1,NULL,'2026-04-24 15:17:56','2026-04-24 15:17:56'),(486,13,'2026-08-13','11:42:31','attendance/65a153a7-d080-4e57-9278-8f399b2436d2.png','Hadir','Possimus deleniti minus ut incidunt amet pariatur.','journals/5ffe9e69-598e-4a7f-a6dd-8d6414528020.png','-7.59723','110.58739',1,NULL,'2026-04-24 15:17:56','2026-04-24 15:17:56'),(487,13,'2026-08-14','20:40:12','attendance/b3c9f0a9-f5cc-4031-af9c-38efc6b309b7.png','Izin','Dolores occaecati qui sint quo sunt officiis.','journals/896048d1-ea97-41aa-9957-9315ab17e48c.png','-8.185418','107.25695',1,NULL,'2026-04-24 15:17:56','2026-04-24 15:17:56'),(488,13,'2026-08-15','20:45:21','attendance/5c00ab3d-78df-4bad-a38c-3298b79aa87f.png','Sakit','Ut ipsum rem rerum blanditiis voluptatem totam.','journals/4f956188-8c53-4ceb-bf14-6d62df0cdaf1.png','-6.699125','114.368353',1,NULL,'2026-04-24 15:17:56','2026-04-24 15:17:56'),(489,13,'2026-08-16','15:55:46','attendance/2e17015b-d9d6-414d-93bf-fb5d46d65675.png','Hadir','Impedit id ut reiciendis optio quas.','journals/fc622c67-3846-4004-8292-a6e8a2f2e50a.png','-7.389151','111.10543',1,NULL,'2026-04-24 15:17:56','2026-04-24 15:17:56'),(490,13,'2026-08-17','08:02:45','attendance/1f9af65a-3a6f-48e6-9c1c-40da1e934436.png','Libur','Quis mollitia laudantium tenetur eligendi repellat fugit.','journals/f5ee728e-cbd6-4662-80b2-9d83de07d3bf.png','-6.22392','109.210019',1,NULL,'2026-04-24 15:17:56','2026-04-24 15:17:56'),(491,13,'2026-08-18','15:41:35','attendance/16f1b800-e7c2-4b0e-bd16-c97b3bc73b31.png','Libur','Quis est ut et magni minima.','journals/f81981f8-e056-4e92-a9c9-ec00666f0412.png','-7.352064','110.715394',1,NULL,'2026-04-24 15:17:56','2026-04-24 15:17:56'),(492,13,'2026-08-19','17:55:09','attendance/71480e8b-4f18-41d7-a2b5-0dc4c757d9c0.png','Libur','Non eveniet ratione voluptate et.','journals/fc531d77-da52-4665-bca0-e17d00e76a14.png','-6.423604','112.94092',1,NULL,'2026-04-24 15:17:56','2026-04-24 15:17:56'),(493,13,'2026-08-20','20:33:27','attendance/47e87858-bafc-47e9-bd1b-400c6220740a.png','Izin','Voluptatem dolor quas incidunt quis.','journals/0f8fe3ae-9965-499d-a5b7-50430a01ec78.png','-6.08889','111.921547',1,NULL,'2026-04-24 15:17:56','2026-04-24 15:17:56'),(494,13,'2026-08-21','14:24:51','attendance/b683c7e2-ad14-489f-b5ce-d956dfa55098.png','Hadir','Ut atque neque sunt et.','journals/51a8032c-2b6f-4cee-bd6a-6b67b45f2c1d.png','-7.764658','113.468151',1,NULL,'2026-04-24 15:17:56','2026-04-24 15:17:56'),(495,13,'2026-08-22','04:46:55','attendance/1b041cb9-07f5-47a3-a7f7-b3774e79d177.png','Sakit','Laboriosam enim ut laborum voluptatem rem et.','journals/60b879d5-a37f-48f7-951b-918796098d30.png','-7.77166','111.611463',1,NULL,'2026-04-24 15:17:56','2026-04-24 15:17:56'),(496,13,'2026-08-23','02:54:23','attendance/0ed18a41-ad88-4e59-b2d4-0b9fba292b55.png','Hadir','A quibusdam omnis rem voluptatum recusandae.','journals/19703e61-4821-43b5-b6f0-08b11b1ad186.png','-8.17901','113.600682',1,NULL,'2026-04-24 15:17:56','2026-04-24 15:17:56'),(497,13,'2026-08-24','23:48:36','attendance/d2298581-6a0e-4dd7-95fa-63483b1d1e75.png','Hadir','Sunt accusantium soluta temporibus quod excepturi commodi vel.','journals/e3f61bca-ff24-4550-a87e-ab2d30b8e65a.png','-6.914709','107.508792',1,NULL,'2026-04-24 15:17:56','2026-04-24 15:17:56'),(498,13,'2026-08-25','15:46:20','attendance/427a71f4-ac3a-4e27-8f65-719a9642f84d.png','Sakit','Saepe et adipisci dolorum corrupti corporis alias.','journals/ab20ef4d-9dcf-4376-868f-bd04ea487399.png','-7.582531','109.31857',1,NULL,'2026-04-24 15:17:56','2026-04-24 15:17:56'),(499,13,'2026-08-26','11:43:10','attendance/1e976a19-8df3-44e5-87de-0df08d309ba5.png','Hadir','In voluptatum non est ut est.','journals/d6a46ce3-57f7-45f6-8fbc-1c93af1cac24.png','-7.688817','106.962217',1,NULL,'2026-04-24 15:17:56','2026-04-24 15:17:56'),(500,13,'2026-08-27','07:31:43','attendance/b1461a11-aa0e-4d41-a88f-a034981a1899.png','Hadir','Modi harum recusandae dolorem odio quas.','journals/62d9e1e1-740c-409f-9799-aea36e52f931.png','-8.035404','108.0021',1,NULL,'2026-04-24 15:17:56','2026-04-24 15:17:56'),(501,13,'2026-08-28','08:05:52','attendance/19db9450-3d6b-4989-ad30-2cc33493bfc7.png','Izin','Nostrum et at cupiditate ea sunt suscipit deserunt.','journals/9521896b-e533-4087-b7b4-d38d6cff5915.png','-6.405405','114.228848',1,NULL,'2026-04-24 15:17:56','2026-04-24 15:17:56'),(502,13,'2026-08-29','08:27:34','attendance/0b3909ee-a930-44a5-ba56-429a28e68127.png','Libur','Et necessitatibus maxime et sint architecto voluptatem cupiditate iure.','journals/9a299605-4735-4206-bdc3-a36b041b6eaf.png','-7.345595','112.707906',1,NULL,'2026-04-24 15:17:56','2026-04-24 15:17:56'),(503,13,'2026-08-30','08:44:00','attendance/977cb8e4-94ff-4d1c-b8e8-e77a0091844f.png','Izin','Aliquid sit possimus beatae modi fugiat.','journals/8e7084da-7b2a-4886-82e7-212e974eae78.png','-7.780634','112.166696',1,NULL,'2026-04-24 15:17:56','2026-04-24 15:17:56'),(504,13,'2026-08-31','05:56:47','attendance/8e016447-af88-4ba6-a1cd-60a8058a24fc.png','Libur','Suscipit iste ut non quisquam beatae.','journals/de855ccc-662f-41b7-aa96-04f07c07a850.png','-7.630735','109.385514',1,NULL,'2026-04-24 15:17:56','2026-04-24 15:17:56'),(505,13,'2026-09-01','05:29:07','attendance/30860e77-ceab-4345-a852-0705c5051227.png','Izin','Enim maxime fuga explicabo occaecati voluptas nostrum.','journals/b43dfb96-371f-4d57-9449-ce6e60067c5f.png','-6.690904','111.586402',1,NULL,'2026-04-24 15:17:56','2026-04-24 15:17:56'),(506,13,'2026-09-02','04:16:41','attendance/23fd8675-d08e-453b-a204-f57705b94c53.png','Libur','Eius nisi nobis eum aperiam.','journals/f5d68798-49e7-4307-9fa7-af37ec58cbd7.png','-7.25025','113.498623',1,NULL,'2026-04-24 15:17:56','2026-04-24 15:17:56'),(507,13,'2026-09-03','14:28:51','attendance/b4e9d480-86df-41af-973d-41ea43241169.png','Sakit','Similique harum veniam quidem dolor.','journals/45743bec-7e52-49ea-8a73-eba6bd9044b0.png','-6.179343','113.793119',1,NULL,'2026-04-24 15:17:56','2026-04-24 15:17:56'),(508,13,'2026-09-04','07:42:16','attendance/ccfeca1a-3aa7-47b3-b375-fdfc32e1be11.png','Izin','Impedit maiores architecto consequatur vel voluptates possimus dignissimos.','journals/9a01eda3-573e-4d02-8ce3-401508c2d19a.png','-6.60776','107.73122',1,NULL,'2026-04-24 15:17:56','2026-04-24 15:17:56'),(509,13,'2026-09-05','07:21:20','attendance/f9531d24-3ea4-4cb6-9fa0-632849937433.png','Hadir','Quo harum dolorem qui ut eum natus.','journals/a583167c-bb73-4889-8a0d-7565c633bf2e.png','-7.046462','113.87769',1,NULL,'2026-04-24 15:17:56','2026-04-24 15:17:56'),(510,13,'2026-09-06','07:38:27','attendance/76dde6cd-e192-444f-9159-4c4cf7acc0c6.png','Izin','Vel consequatur qui facere atque reprehenderit.','journals/01563579-0c2a-4c28-a7a4-61232334d19d.png','-6.863713','113.785382',1,NULL,'2026-04-24 15:17:56','2026-04-24 15:17:56'),(511,13,'2026-09-07','09:31:21','attendance/5e7abef1-13c2-456b-a4b2-36a9c9ce54f2.png','Sakit','Odio eos quis nobis soluta dignissimos laboriosam.','journals/13c1fab4-c58e-482f-a583-a0bcb9def0b8.png','-7.762879','113.269362',1,NULL,'2026-04-24 15:17:56','2026-04-24 15:17:56'),(512,13,'2026-09-08','11:49:59','attendance/e6aab41e-7e05-4c57-a5cd-b174a2f146bb.png','Sakit','Ea veritatis quo ut qui.','journals/e197b6e6-dd5c-4a00-a99a-6fb5ea446240.png','-7.991096','111.278467',1,NULL,'2026-04-24 15:17:56','2026-04-24 15:17:56'),(513,13,'2026-09-09','19:34:17','attendance/964fa718-d4ac-4656-a2c4-0b45b54dfc0c.png','Hadir','Dolor velit voluptas modi sunt dolor iusto.','journals/4c57e3d4-b921-401a-a51e-185a97e9a9ca.png','-8.297156','107.128711',1,NULL,'2026-04-24 15:17:56','2026-04-24 15:17:56'),(514,13,'2026-09-10','09:32:33','attendance/f4ef25c9-6cf4-45c9-a366-643f1c7691cc.png','Libur','Earum neque magni molestias vel.','journals/d3ff8837-60d7-4c9b-8902-c0a67ed5886b.png','-8.131324','110.812946',1,NULL,'2026-04-24 15:17:56','2026-04-24 15:17:56'),(515,13,'2026-09-11','21:06:46','attendance/71de4f4a-4736-4d72-aac0-fe533ba4b29b.png','Hadir','Est fugiat eveniet perspiciatis quia nesciunt.','journals/a727fc82-7ce2-48ec-89ab-79943786877c.png','-7.494667','111.587637',1,NULL,'2026-04-24 15:17:56','2026-04-24 15:17:56'),(516,13,'2026-09-12','14:30:57','attendance/9147a84b-3154-49d7-8ce1-3c8dbb62d180.png','Hadir','Eius sed at placeat occaecati blanditiis.','journals/aa40806e-50ca-497a-88f5-cadc6cec5c4d.png','-7.248506','108.738249',1,NULL,'2026-04-24 15:17:56','2026-04-24 15:17:56'),(517,13,'2026-09-13','04:14:16','attendance/ff9fd96e-74bb-40b6-bf0d-6fe6afc84e83.png','Izin','Inventore quis aut eius perspiciatis.','journals/16be3147-79c7-4d4c-b72d-4c550a0b4cc3.png','-7.668853','112.478851',1,NULL,'2026-04-24 15:17:56','2026-04-24 15:17:56'),(518,13,'2026-09-14','20:58:51','attendance/ce50bc6f-5df7-48ec-816b-71fe996479e9.png','Izin','Atque vitae at fugit rerum.','journals/4777ead5-cf3f-4821-9fe3-2d82507bb53d.png','-7.20421','112.907776',1,NULL,'2026-04-24 15:17:56','2026-04-24 15:17:56'),(519,13,'2026-09-15','22:22:11','attendance/a780f14f-a072-4af2-adbe-c9db94fed6a0.png','Libur','Explicabo voluptatem totam quo molestiae.','journals/301aeeaa-fb77-4d35-878c-88bf4f52e9c0.png','-6.335714','109.866535',1,NULL,'2026-04-24 15:17:56','2026-04-24 15:17:56'),(520,13,'2026-09-16','23:16:12','attendance/41129a2b-485a-489c-a4e1-cd7fefe33349.png','Sakit','Vel tempore perferendis aliquam ipsum.','journals/1a36be39-1b47-426e-b319-7fa75e3e3001.png','-7.111761','113.752138',1,NULL,'2026-04-24 15:17:56','2026-04-24 15:17:56'),(521,13,'2026-09-17','07:09:08','attendance/cf4833ee-92c7-4630-ac35-0eb1a7c52252.png','Sakit','Placeat dolor modi quas nihil et ea.','journals/a32fb38f-021a-4a0f-ac7a-ce1d6f493abd.png','-6.281099','113.486196',1,NULL,'2026-04-24 15:17:56','2026-04-24 15:17:56'),(522,13,'2026-09-18','17:29:29','attendance/e02312df-f742-4ea9-a73e-d548ded5abd1.png','Sakit','Ad ut incidunt animi a recusandae rem.','journals/8613acc7-1020-4559-802f-7d99c552403c.png','-8.04405','107.566291',1,NULL,'2026-04-24 15:17:56','2026-04-24 15:17:56'),(523,13,'2026-09-19','00:36:16','attendance/9d1b939c-059b-4881-b621-8a7c2a6fd9f6.png','Sakit','Qui omnis aliquam veniam.','journals/640601b2-025c-43b7-a63e-3188b3a8631a.png','-6.593365','107.109882',1,NULL,'2026-04-24 15:17:56','2026-04-24 15:17:56'),(524,13,'2026-09-20','20:29:01','attendance/2011691c-ceb8-48d9-82f4-421337148594.png','Izin','Tempora officiis consequatur veritatis voluptas non et.','journals/4f38b771-c83a-4f03-8e79-8f28f36f6d0e.png','-7.43074','113.793425',1,NULL,'2026-04-24 15:17:56','2026-04-24 15:17:56'),(525,13,'2026-09-21','18:20:59','attendance/a13628d5-2663-4c43-819b-4d52ce90922a.png','Libur','Ut laudantium provident nostrum voluptatibus et necessitatibus adipisci vel.','journals/8245806e-5358-459a-9443-0bcf526e0bfe.png','-6.330503','109.652626',1,NULL,'2026-04-24 15:17:56','2026-04-24 15:17:56'),(526,13,'2026-09-22','04:14:20','attendance/eaa11023-5fa1-42a2-a4a2-16d5c874ec46.png','Sakit','Voluptates veniam alias exercitationem tempora itaque ut ea.','journals/5f24effa-e7e8-494b-a07e-cf94af602a13.png','-6.648607','111.633755',1,NULL,'2026-04-24 15:17:56','2026-04-24 15:17:56'),(527,13,'2026-09-23','02:30:04','attendance/616e51d7-7d8f-4ebd-afef-16ccb1aaa402.png','Hadir','Est dolorem ut nobis molestiae ullam est non.','journals/c5a330fc-3912-428d-8108-1fd12fab45bf.png','-6.231705','108.155462',1,NULL,'2026-04-24 15:17:56','2026-04-24 15:17:56'),(528,13,'2026-09-24','10:48:33','attendance/c907d873-2da1-4140-888c-27447544f8d5.png','Hadir','Harum non vel est sint dolorem.','journals/5fac4d69-a25e-48b2-bffc-71f7d8080bd3.png','-7.775681','107.409547',1,NULL,'2026-04-24 15:17:56','2026-04-24 15:17:56'),(529,13,'2026-09-26','14:58:21','attendance/44258b30-c601-4975-a3e4-f44414cb6dcb.png','Hadir','Tempora reiciendis voluptates atque quo magni ut aut.','journals/c256c7fa-7a4f-4065-8081-f3b50dfc01f5.png','-6.434744','107.13389',1,NULL,'2026-04-24 15:17:56','2026-04-24 15:17:56'),(530,13,'2026-09-27','03:36:47','attendance/a63703df-1192-454f-9a3f-033d18afbe76.png','Izin','Magnam quasi praesentium in laudantium sed.','journals/402e17b1-b5ca-4654-89ba-f8b1854d81e3.png','-6.8594','113.143294',1,NULL,'2026-04-24 15:17:56','2026-04-24 15:17:56'),(531,13,'2026-09-28','03:45:47','attendance/545dbdd6-f84b-4260-b157-52076c988cc1.png','Libur','Consequuntur consectetur ut quod laborum itaque temporibus qui.','journals/754a3c40-0751-49ae-8271-1678f24fb642.png','-7.13212','114.164482',1,NULL,'2026-04-24 15:17:56','2026-04-24 15:17:56'),(532,13,'2026-09-29','08:36:36','attendance/b7fe03ae-e525-4cfc-b71c-c122e7a0ca69.png','Libur','Quis veniam voluptatem aut dolorum quia dolorem.','journals/01048fd5-e403-4127-b88e-dc3bdeaf2242.png','-7.731377','113.616431',1,NULL,'2026-04-24 15:17:56','2026-04-24 15:17:56'),(533,13,'2026-09-30','17:52:44','attendance/ceeee6e9-143d-4221-ac4f-fd56decc28ff.png','Sakit','Rerum id vitae et ducimus aut.','journals/163fddc5-9714-4807-9fa4-45c5a57705d3.png','-6.438877','112.94766',1,NULL,'2026-04-24 15:17:56','2026-04-24 15:17:56'),(534,13,'2026-10-01','10:57:40','attendance/d93374ba-f097-4599-aa33-396bb1c5ba73.png','Hadir','Non ipsa autem velit suscipit ipsa magni.','journals/678e6d56-2f9c-48b8-aa43-cc3d3b2e4fcb.png','-6.074559','110.132005',1,NULL,'2026-04-24 15:17:56','2026-04-24 15:17:56'),(535,13,'2026-10-02','13:50:36','attendance/5e1cbcd1-048b-471e-bb26-f50361efb540.png','Izin','Assumenda dolorem commodi dicta ut.','journals/ed7633a1-22be-493a-86ac-35e77f26820d.png','-8.256014','108.194781',1,NULL,'2026-04-24 15:17:56','2026-04-24 15:17:56'),(536,13,'2026-10-03','23:45:50','attendance/d73a1de6-b508-4277-a890-8548e15050b3.png','Hadir','Dolorem doloremque aut adipisci ratione expedita vitae voluptatem nulla.','journals/8ee9137b-fce4-4f75-b596-e74fdad32441.png','-7.85375','113.761306',1,NULL,'2026-04-24 15:17:56','2026-04-24 15:17:56'),(537,13,'2026-10-04','13:45:32','attendance/4d797878-87f5-4c6b-83ee-9989d4c23c99.png','Libur','Dignissimos rerum reiciendis autem id deleniti quis cupiditate.','journals/6af39f07-468a-48e9-aa24-a214b41065e1.png','-7.826229','107.259097',1,NULL,'2026-04-24 15:17:56','2026-04-24 15:17:56'),(538,13,'2026-10-05','02:35:02','attendance/2f666b1c-cc40-47a4-9ea7-5cbadcdad190.png','Sakit','Ipsam beatae qui perspiciatis temporibus eos aut.','journals/e42177b7-57e6-4ace-b10a-16ae8c533fee.png','-6.126019','113.84617',1,NULL,'2026-04-24 15:17:56','2026-04-24 15:17:56'),(539,13,'2026-10-06','22:48:44','attendance/8ccbb0b3-929f-4be1-83f8-5a61441f8c02.png','Izin','Tenetur ut explicabo laudantium ut ipsum enim debitis.','journals/783d3f0a-3392-45aa-b653-5a6567dff6bd.png','-6.34109','109.861237',1,NULL,'2026-04-24 15:17:56','2026-04-24 15:17:56'),(540,13,'2026-10-07','18:51:51','attendance/90d13cd2-8917-408d-b767-f8152d2ecd3c.png','Sakit','Magni aut nostrum voluptates fuga iusto natus rerum.','journals/8a660477-fa2f-4be0-b048-d0ea1fe72b19.png','-7.539185','108.556704',1,NULL,'2026-04-24 15:17:56','2026-04-24 15:17:56'),(541,13,'2026-10-08','23:35:47','attendance/2946f2a4-e9b8-4359-8f07-665218b587d9.png','Libur','Neque rem id omnis facere est dolor.','journals/f31279c0-9b03-4bec-ba2f-f4ebd79848a7.png','-7.490079','111.698873',1,NULL,'2026-04-24 15:17:56','2026-04-24 15:17:56'),(542,13,'2026-10-09','06:34:56','attendance/7d73e50b-bbf4-4bb7-9299-5788aaa65ba6.png','Hadir','Voluptatum voluptas placeat molestias doloribus et amet.','journals/7e1c734e-1c4c-46e9-8136-6a1d90338254.png','-8.102069','112.726112',1,NULL,'2026-04-24 15:17:56','2026-04-24 15:17:56'),(543,13,'2026-10-10','18:46:16','attendance/342e6671-7c11-40ff-9380-05001e4f6e09.png','Hadir','Ipsa sequi sit iusto laborum iste rerum.','journals/c18dd520-56e3-460c-9720-c533c1b5544e.png','-8.249498','108.848004',1,NULL,'2026-04-24 15:17:56','2026-04-24 15:17:56'),(544,13,'2026-10-11','05:56:29','attendance/c7d65249-078a-46cc-9910-da9b3bccf6a6.png','Izin','Adipisci omnis temporibus facilis alias.','journals/90caed77-9970-4669-b14a-0d80f6595b6b.png','-7.928929','112.162513',1,NULL,'2026-04-24 15:17:56','2026-04-24 15:17:56'),(545,13,'2026-10-12','13:09:29','attendance/f29f5701-765e-435c-9ac1-e774af8d0bfa.png','Izin','Dolorem labore et fugiat.','journals/4428b981-3f48-474c-8ac7-1f7bca17638d.png','-7.813978','113.367873',1,NULL,'2026-04-24 15:17:56','2026-04-24 15:17:56'),(546,13,'2026-10-13','01:35:44','attendance/56402dc9-ce6f-493c-aaa5-593a081ce56f.png','Izin','A molestiae aspernatur neque quisquam.','journals/65ccda3f-9e9b-4b40-87d9-16743a1149c7.png','-8.290458','109.630617',1,NULL,'2026-04-24 15:17:56','2026-04-24 15:17:56'),(547,13,'2026-10-14','05:04:48','attendance/11e70d90-85ba-4600-bf39-3109e702dee7.png','Izin','Similique nisi incidunt consectetur officiis eum.','journals/558f5e65-e669-44ad-b62e-6e18c2ab3d2e.png','-7.490482','111.187879',1,NULL,'2026-04-24 15:17:56','2026-04-24 15:17:56'),(548,13,'2026-10-15','12:23:59','attendance/068512a7-0a0a-44a3-a595-2e47ad8cf55c.png','Sakit','Sunt repellat harum nihil quis.','journals/0a157b20-f508-49db-9055-274591895ad1.png','-6.158965','109.297905',1,NULL,'2026-04-24 15:17:56','2026-04-24 15:17:56'),(549,13,'2026-10-16','01:53:58','attendance/844e27ae-1471-4efe-a747-0502068bb425.png','Hadir','Dolor aliquam cum perferendis.','journals/da06a268-a9d7-4fe6-99ed-08aab35b9135.png','-7.214521','114.209339',1,NULL,'2026-04-24 15:17:56','2026-04-24 15:17:56'),(550,13,'2026-10-18','15:46:49','attendance/398458c4-aaf0-4cc8-800a-5f2021bfdc11.png','Izin','Ea totam vel placeat omnis iste.','journals/b11dbbb9-dde6-44e7-ab17-f5dd27edac8b.png','-6.079369','107.252259',1,NULL,'2026-04-24 15:17:56','2026-04-24 15:17:56'),(551,13,'2026-10-19','05:30:24','attendance/8473bba4-a97d-4b78-aa85-0de9500ff9ab.png','Sakit','Quos vitae amet eum aliquid.','journals/caf1934e-b127-484f-b1b9-cc66232ff548.png','-6.847084','108.166994',1,NULL,'2026-04-24 15:17:56','2026-04-24 15:17:56'),(552,13,'2026-10-20','17:37:16','attendance/8b8646e8-c8c6-4d0e-b534-8d4bea6fdbdb.png','Sakit','Tempore cum voluptatem qui ut omnis.','journals/d640f110-5e89-4579-8f30-a5e94b4abdfd.png','-7.140371','110.279778',1,NULL,'2026-04-24 15:17:56','2026-04-24 15:17:56'),(553,13,'2026-10-21','18:59:05','attendance/ff9ece57-748a-49d0-bfe9-8481eaf5ee32.png','Hadir','Enim autem excepturi et ipsam nesciunt.','journals/b1bd6e91-21e6-4be1-a2ca-bae000408ff5.png','-7.398347','111.389136',1,NULL,'2026-04-24 15:17:56','2026-04-24 15:17:56'),(554,13,'2026-10-22','08:01:31','attendance/3dd15801-5dfb-4d13-82f6-43dcd7940824.png','Libur','Omnis modi non voluptatum aut.','journals/331cb6ff-3ec4-47d9-b4a2-ce54465a279a.png','-7.113192','108.105032',1,NULL,'2026-04-24 15:17:56','2026-04-24 15:17:56'),(555,13,'2026-10-23','04:51:58','attendance/6d149dfe-d417-454a-b47e-3de98833ee11.png','Hadir','Eum necessitatibus eveniet quia et qui.','journals/86928e53-c762-4c7a-a09a-2656fe074a2b.png','-7.154478','109.917422',1,NULL,'2026-04-24 15:17:56','2026-04-24 15:17:56'),(556,13,'2026-10-24','22:30:50','attendance/a74ca553-d028-4004-aace-46ba31b03552.png','Hadir','Neque voluptate dolorum nemo molestiae sint.','journals/84106d5d-a1a0-4321-8233-c63ba9f45a84.png','-7.014049','109.657592',1,NULL,'2026-04-24 15:17:56','2026-04-24 15:17:56'),(557,13,'2026-10-25','11:59:45','attendance/1e5d394e-3891-4d41-95d6-923ce19696fd.png','Izin','Eligendi qui sit molestiae aliquid mollitia nihil provident.','journals/2a077679-534e-4213-b6c4-59d89ba19edb.png','-7.000637','112.221939',1,NULL,'2026-04-24 15:17:56','2026-04-24 15:17:56'),(558,13,'2026-10-26','07:40:43','attendance/de181387-3b4e-4ea3-9f73-6af6f8184955.png','Izin','Voluptatem aut minus qui beatae et.','journals/8eceeb11-051c-47c2-9cc0-b5f5651398f2.png','-6.92579','107.988974',1,NULL,'2026-04-24 15:17:56','2026-04-24 15:17:56'),(559,13,'2026-10-27','06:51:42','attendance/babaa347-b7b5-4027-9384-b1aec937c630.png','Izin','Et illum autem totam nostrum omnis laboriosam.','journals/ffe8a44d-4d64-40c2-b300-5dd265af681b.png','-7.227747','111.159932',1,NULL,'2026-04-24 15:17:56','2026-04-24 15:17:56'),(560,13,'2026-10-28','12:47:25','attendance/ea7b94be-dbaa-4fab-a20c-20d0700e7762.png','Hadir','Nisi ex est consequatur quo.','journals/734f1724-7745-474f-b9b6-06f09021357c.png','-6.544696','114.328165',1,NULL,'2026-04-24 15:17:56','2026-04-24 15:17:56'),(561,13,'2026-10-29','05:28:09','attendance/dfa19f8b-0a7c-4344-b006-2ffdd9333a6b.png','Libur','Quaerat maxime tenetur dolores quis qui aliquam.','journals/74163e90-51e7-4520-85d8-80d5f69dcce4.png','-7.59425','111.816575',1,NULL,'2026-04-24 15:17:56','2026-04-24 15:17:56'),(562,13,'2026-10-30','17:25:08','attendance/6cdbb70f-b27e-4110-b40b-e66424e22b46.png','Libur','Ducimus vel perspiciatis nam porro cum.','journals/77a14b5c-d6de-4e1f-8f73-81a3493d8222.png','-6.519796','108.725772',1,NULL,'2026-04-24 15:17:56','2026-04-24 15:17:56'),(563,13,'2026-10-31','06:49:14','attendance/224c50b3-62ea-4e32-8d2c-e74089d0a0ed.png','Libur','Possimus rerum accusantium consequatur eos voluptatem porro architecto.','journals/5570adf7-6a6b-4be3-b2ef-089899f449db.png','-7.205824','111.18965',1,NULL,'2026-04-24 15:17:56','2026-04-24 15:17:56'),(564,13,'2026-11-01','21:23:55','attendance/a9c4971b-0a3c-4a70-8ac8-de34f2026417.png','Hadir','Quia fugiat dignissimos porro sapiente velit distinctio voluptatibus sint.','journals/81daafc7-6759-40a7-af8a-46bd8854aac7.png','-7.742279','107.404328',1,NULL,'2026-04-24 15:17:56','2026-04-24 15:17:56'),(565,13,'2026-11-02','18:38:11','attendance/fc10791f-f2de-4a38-8a32-9d3c38199ede.png','Libur','Natus dolor magni omnis non.','journals/b28c9067-f31b-4349-8e5f-f0ad58b5fd00.png','-7.120147','114.051083',1,NULL,'2026-04-24 15:17:56','2026-04-24 15:17:56'),(566,13,'2026-11-03','11:41:08','attendance/a3714824-7a68-48b8-b51e-2d44a22b43ed.png','Izin','Quia quo consequatur tenetur dolorem et qui et.','journals/843b5b0d-9500-444c-a07e-39a7a585cbef.png','-7.859856','109.381145',1,NULL,'2026-04-24 15:17:56','2026-04-24 15:17:56'),(567,13,'2026-11-04','17:23:52','attendance/5e3d357b-abee-448d-9ea8-98fced763e7c.png','Libur','Dolor consequuntur velit rerum ducimus.','journals/f5a7e849-f6e2-425f-8f63-3968f7926ec6.png','-6.574108','108.042501',1,NULL,'2026-04-24 15:17:56','2026-04-24 15:17:56'),(568,13,'2026-11-05','11:15:57','attendance/66adcb5b-45f5-4a86-9c85-bb5624750b60.png','Izin','Minima id in sit molestias.','journals/c039a84c-087e-48d5-b4c4-20ca80e7fe04.png','-6.759494','111.943788',1,NULL,'2026-04-24 15:17:56','2026-04-24 15:17:56'),(569,13,'2026-11-06','10:12:45','attendance/b593bcd8-e381-489d-bc75-0970a980cbf7.png','Sakit','Nemo qui quis consequatur eius alias eum recusandae.','journals/1d1860ff-45f7-4104-b858-44383bd7ca5c.png','-8.139634','111.0714',1,NULL,'2026-04-24 15:17:56','2026-04-24 15:17:56'),(570,13,'2026-11-07','05:04:15','attendance/6bb060b3-6726-446f-914e-434b676f32d8.png','Sakit','Eum recusandae sapiente rerum incidunt qui.','journals/e74368c5-cbed-4362-92d9-b0c2c7b7e243.png','-6.261977','111.565613',1,NULL,'2026-04-24 15:17:56','2026-04-24 15:17:56'),(571,13,'2026-11-08','12:13:42','attendance/5e74d72c-0e12-4638-8d46-f1cb03e5d368.png','Sakit','Qui quam sint nulla ut soluta nemo.','journals/7d3307fd-0bfe-4ebe-9742-080f2f370342.png','-7.955766','110.336295',1,NULL,'2026-04-24 15:17:56','2026-04-24 15:17:56'),(572,13,'2026-11-09','20:15:23','attendance/f8106dd4-dad3-4a9c-ac36-0a39e1fc68a2.png','Sakit','Dolores harum dignissimos aliquam.','journals/e7b178db-cadc-48b0-8de0-53bc29cfde94.png','-6.751628','110.254636',1,NULL,'2026-04-24 15:17:56','2026-04-24 15:17:56'),(573,13,'2026-11-10','18:54:36','attendance/38214710-4644-46f0-afea-b2b5bbe5215b.png','Libur','Nihil aut dolorum placeat maiores sit labore veritatis corporis.','journals/cd56a5f0-c0b9-4718-843c-d70c6473c3a3.png','-7.113022','109.901122',1,NULL,'2026-04-24 15:17:56','2026-04-24 15:17:56'),(574,13,'2026-11-11','23:09:29','attendance/34918471-6796-4405-8658-f6c7e522078b.png','Sakit','Minima dicta voluptatem deleniti ut itaque repellendus.','journals/cb27ac64-ee66-4327-b98d-b0ef6bce1760.png','-8.006666','107.9191',1,NULL,'2026-04-24 15:17:56','2026-04-24 15:17:56'),(575,13,'2026-11-13','23:42:58','attendance/40f6fea8-73a1-4016-b58e-c58206522144.png','Libur','Sed qui facilis repellendus eos dolorem.','journals/8f4ecd36-0e72-4266-942a-510b33daeeba.png','-6.755443','109.498391',1,NULL,'2026-04-24 15:17:56','2026-04-24 15:17:56'),(576,13,'2026-11-14','10:41:18','attendance/cad9282b-3537-48f0-baa5-1db01bcc209d.png','Hadir','Expedita non voluptas labore fuga dolorum ut qui.','journals/c8c9f6bc-2e5b-474d-b321-69421dbb2f2e.png','-7.612309','108.646219',1,NULL,'2026-04-24 15:17:56','2026-04-24 15:17:56'),(577,13,'2026-11-15','11:51:57','attendance/ddb69dd4-c88c-4a89-9c1a-e848bb7e606d.png','Libur','Explicabo tempore facere impedit ipsum commodi quo hic.','journals/c314a050-3c17-40ac-98ab-a88fcfc8a781.png','-7.474068','111.87447',1,NULL,'2026-04-24 15:17:56','2026-04-24 15:17:56'),(578,13,'2026-11-16','19:25:34','attendance/51ee709c-a19b-4f59-8e1d-42567accef0e.png','Izin','Cumque quae dolorum repellat est nemo.','journals/2e0b3e47-9dd8-48ba-919f-e39f2c280c32.png','-6.475577','110.356109',1,NULL,'2026-04-24 15:17:56','2026-04-24 15:17:56'),(579,13,'2026-11-17','13:15:27','attendance/0c4a9fc6-2847-4e37-94c2-2b20ffe96e63.png','Sakit','Sit qui dignissimos quia in.','journals/3aaf2eff-8d70-4ec9-a3cd-90ac901086bc.png','-8.059347','108.006334',1,NULL,'2026-04-24 15:17:56','2026-04-24 15:17:56'),(580,13,'2026-11-18','11:16:33','attendance/16a6ac53-e539-4d33-9e7a-a570b031fed1.png','Hadir','Sit ut quia itaque facere quos quisquam.','journals/3191962b-c950-4ef8-8e09-f767331bc42e.png','-7.142493','110.067547',1,NULL,'2026-04-24 15:17:56','2026-04-24 15:17:56'),(581,13,'2026-11-19','17:20:29','attendance/a76b9938-bfd5-44a9-9418-82c63cb7b295.png','Hadir','Sit animi quos modi reprehenderit cumque.','journals/6000b01a-df5a-4109-90f7-c2e80beb7a5d.png','-7.950447','112.376168',1,NULL,'2026-04-24 15:17:56','2026-04-24 15:17:56'),(582,13,'2026-11-20','06:40:13','attendance/f9881254-4f02-41d2-94b4-5c2d39c87202.png','Sakit','Totam in consectetur est architecto odit aut possimus.','journals/0a780d62-e2db-4cc9-8177-020ca35c0464.png','-7.016578','112.294863',1,NULL,'2026-04-24 15:17:56','2026-04-24 15:17:56'),(583,13,'2026-11-21','13:28:01','attendance/8e8cc58d-f77c-425f-9be2-28b321cc910b.png','Hadir','Cupiditate quidem et et nesciunt velit dolorum eaque.','journals/edc74d1a-79e0-4805-8ba8-618ac6d4cdef.png','-6.810069','109.832538',1,NULL,'2026-04-24 15:17:56','2026-04-24 15:17:56'),(584,13,'2026-11-22','13:12:08','attendance/41f96e92-30a9-476c-9e3f-9bfa62805610.png','Hadir','Quia nemo commodi ex est.','journals/9aeef02d-a8c5-4a1a-a410-184c2b54d8e3.png','-8.073707','111.027137',1,NULL,'2026-04-24 15:17:56','2026-04-24 15:17:56'),(585,13,'2026-11-23','16:32:02','attendance/ec34707d-d5f4-428e-8fe2-fabeb6a0fdf9.png','Izin','Iste nihil saepe error et voluptatem officiis sint qui.','journals/bbe78521-af5f-40a5-8fd3-14c34d266760.png','-7.052386','107.187829',1,NULL,'2026-04-24 15:17:56','2026-04-24 15:17:56'),(586,13,'2026-11-24','00:19:42','attendance/f52ae3a2-78e9-4ade-b94f-a29af0a269e8.png','Sakit','Aspernatur nostrum hic commodi nulla.','journals/3993912c-4802-4773-ba11-c18097ba9ad6.png','-6.770062','109.055143',1,NULL,'2026-04-24 15:17:56','2026-04-24 15:17:56'),(587,13,'2026-11-25','01:08:18','attendance/f3dcd0e2-17c1-40ed-b5f2-6f16cd937f07.png','Izin','Non id non distinctio aut dolores.','journals/2f44e74e-3339-4239-9f2c-f9b3c49276a8.png','-6.933708','108.993099',1,NULL,'2026-04-24 15:17:56','2026-04-24 15:17:56'),(588,13,'2026-11-26','15:14:47','attendance/7f654777-ed2c-4fd1-ab8a-c0d78f58dfef.png','Hadir','Saepe architecto soluta tenetur quam debitis soluta.','journals/7a333fd7-f30d-4d7d-9808-f45d3f887e97.png','-7.066773','107.014995',1,NULL,'2026-04-24 15:17:56','2026-04-24 15:17:56'),(589,13,'2026-11-27','13:04:19','attendance/b9c38cf3-992c-4a7b-8a77-221e60b68c99.png','Hadir','Iure minus iusto quo recusandae ut sit aut et.','journals/d7d028ce-a462-45ac-945c-e95ce6507388.png','-6.990685','110.16371',1,NULL,'2026-04-24 15:17:56','2026-04-24 15:17:56'),(590,13,'2026-11-28','17:19:50','attendance/66c24271-1af2-4513-9b84-180d5abac241.png','Izin','Saepe quia sapiente repellendus voluptas eveniet incidunt necessitatibus.','journals/37591498-247c-46cf-b702-a77ab0b68033.png','-6.046542','114.36818',1,NULL,'2026-04-24 15:17:56','2026-04-24 15:17:56'),(591,13,'2026-11-29','19:18:05','attendance/2bd6adff-d87d-473b-b493-f6f246a5f3a0.png','Izin','Aperiam corrupti dolor nihil esse.','journals/2ba1dcda-487a-46e7-a701-25d065f02951.png','-7.956085','113.723655',1,NULL,'2026-04-24 15:17:56','2026-04-24 15:17:56'),(592,13,'2026-11-30','00:27:22','attendance/841df70d-c1a8-4d26-8228-105930cb2ee7.png','Hadir','Blanditiis et placeat enim consectetur deserunt corrupti excepturi.','journals/2d8f3366-f78c-4b4a-97c2-518f1a0111ba.png','-6.925979','108.214672',1,NULL,'2026-04-24 15:17:56','2026-04-24 15:17:56'),(593,13,'2026-12-01','11:00:55','attendance/e2becd5c-99a2-49ff-957c-f2b56ae00b95.png','Hadir','Veritatis sint molestias in.','journals/7a284f21-a58f-4f74-bf0f-8a7f2dda7f41.png','-7.128961','109.666243',1,NULL,'2026-04-24 15:17:56','2026-04-24 15:17:56'),(594,13,'2026-12-02','14:44:11','attendance/93c4acb1-1c3f-44e1-8aec-fa110c362e27.png','Izin','Nihil ea debitis dignissimos corporis aut eligendi.','journals/43f8d737-329b-4dc5-983e-c856ca694b07.png','-6.035376','112.795571',1,NULL,'2026-04-24 15:17:56','2026-04-24 15:17:56'),(595,13,'2026-12-03','20:52:12','attendance/8aab8fbc-6f06-495d-a09f-acda196510e2.png','Izin','Quis quod beatae itaque voluptatem laborum nihil ipsum.','journals/0a8661a8-6aac-4c6c-88dd-fdf2882b0597.png','-8.100725','109.276835',1,NULL,'2026-04-24 15:17:56','2026-04-24 15:17:56'),(596,13,'2026-12-04','19:28:03','attendance/358102cc-8974-4ae8-b5da-64b864034009.png','Izin','Nemo modi nam fuga consequatur nisi.','journals/2f3b5860-6902-43e6-9dfa-30059842c5a2.png','-8.092157','112.232897',1,NULL,'2026-04-24 15:17:56','2026-04-24 15:17:56'),(597,13,'2026-12-05','14:49:17','attendance/201d9962-4511-4af0-8948-75803ce00247.png','Libur','Nemo molestias laborum mollitia excepturi sit dolor.','journals/fe3f3fbd-e178-4dd2-9333-bbb8ac79a53a.png','-7.299253','107.898556',1,NULL,'2026-04-24 15:17:56','2026-04-24 15:17:56'),(598,13,'2026-12-06','13:41:07','attendance/12b82f05-d78b-46fe-8391-a4e96e07518c.png','Libur','Eum sint eligendi sed eum.','journals/53c1c320-3d12-423d-af69-95e388cb2976.png','-6.406698','111.012864',1,NULL,'2026-04-24 15:17:56','2026-04-24 15:17:56'),(599,13,'2026-12-07','17:06:12','attendance/c5d62b03-44f6-449e-92ec-b5b9d07754ba.png','Izin','Facere nostrum delectus quibusdam.','journals/09f7b69f-c40a-4863-95e0-cc96afcee57f.png','-7.187152','111.566127',1,NULL,'2026-04-24 15:17:56','2026-04-24 15:17:56'),(600,13,'2026-12-08','22:53:13','attendance/fec94b8c-adaf-4429-946b-27a8ea6d295c.png','Sakit','Autem minus minima magnam.','journals/49e7b14d-14ae-4b50-8dad-5c3fcf2198e2.png','-7.242246','109.397695',1,NULL,'2026-04-24 15:17:56','2026-04-24 15:17:56'),(601,13,'2026-12-09','21:30:12','attendance/3276d6c4-8be1-4a6b-a201-cbfc7c52b482.png','Izin','Non inventore minima ipsum est vel ut.','journals/fa79abdc-4f09-4edf-8d22-0bfe32d54527.png','-8.148662','110.721619',1,NULL,'2026-04-24 15:17:56','2026-04-24 15:17:56'),(602,13,'2026-12-10','06:02:59','attendance/8b060c3f-64dd-4d9c-a8e8-c64f657edf1a.png','Izin','Excepturi ut quidem excepturi id ratione.','journals/5fe334bf-f70b-4822-a063-2b71045ba585.png','-7.115292','114.378304',1,NULL,'2026-04-24 15:17:56','2026-04-24 15:17:56'),(603,13,'2026-12-11','19:22:48','attendance/0a2b7b36-7da0-4b90-a1d2-6f6fc0a055ef.png','Izin','Magnam quibusdam quas error doloribus.','journals/ce459095-87ff-41c9-b81a-29ea4d32f0df.png','-7.025588','111.421068',1,NULL,'2026-04-24 15:17:56','2026-04-24 15:17:56'),(604,13,'2026-12-12','20:38:55','attendance/f5ea3d5b-a768-4383-bc57-68702e426fdf.png','Libur','Aliquid error cum non repudiandae mollitia voluptatum qui labore.','journals/3a9be003-533b-4ad0-a85b-5c6f74cb9b25.png','-6.145772','109.500923',1,NULL,'2026-04-24 15:17:56','2026-04-24 15:17:56'),(605,13,'2026-12-13','21:30:53','attendance/ae99215e-c895-427e-991f-fe71bc8191cc.png','Libur','Dolorem reprehenderit adipisci est neque.','journals/41334a67-e9af-496a-8e62-fb1a445d266f.png','-8.089489','111.364584',1,NULL,'2026-04-24 15:17:56','2026-04-24 15:17:56'),(606,13,'2026-12-14','18:08:04','attendance/a39fed2b-cdbc-4dc5-bf3e-8b57a4812a67.png','Sakit','Tempora non hic aliquam molestias voluptatem eum nesciunt.','journals/bf4af6d9-7adf-4696-b2f2-ecd558a30b40.png','-6.02744','111.323193',1,NULL,'2026-04-24 15:17:56','2026-04-24 15:17:56'),(607,13,'2026-12-15','05:19:09','attendance/59feb372-2cc7-4cbf-9ac2-42f0b511e6c7.png','Libur','Consequatur eligendi est sunt mollitia excepturi sint esse.','journals/6c91d619-ca24-4cf4-bb14-ddefbfe45a98.png','-7.921607','113.410008',1,NULL,'2026-04-24 15:17:56','2026-04-24 15:17:56'),(608,13,'2026-12-16','20:48:38','attendance/990de472-6b96-43b2-aa37-5da6e98d1526.png','Izin','Consequuntur assumenda sunt ratione quis voluptatem et architecto.','journals/3edb922e-7556-4045-ae5c-612d8f913156.png','-8.045699','108.79646',1,NULL,'2026-04-24 15:17:56','2026-04-24 15:17:56'),(609,13,'2026-12-17','11:48:25','attendance/1b6d2456-aca2-47ac-a8a8-709eb5e3552c.png','Libur','Sed similique voluptates cumque maiores porro.','journals/f9f97499-4081-4ad2-8fdd-60c0ab4c34fd.png','-6.780113','111.445692',1,NULL,'2026-04-24 15:17:56','2026-04-24 15:17:56'),(610,13,'2026-12-18','18:55:49','attendance/5163f2f0-421f-44f4-aabc-4eb7b64f6449.png','Izin','Non a eum voluptatibus dolore aut quod.','journals/4c6a6d08-fe4c-4ce6-8ed5-1f534c549eb9.png','-6.524319','109.838235',1,NULL,'2026-04-24 15:17:56','2026-04-24 15:17:56'),(611,13,'2026-12-19','21:43:45','attendance/a4366000-91af-4376-b77d-25e455cda8da.png','Hadir','Ea vel dolore maxime mollitia labore eos repellat.','journals/9ba9b0ce-49e0-4252-9118-8af49b855da2.png','-6.159714','106.785005',1,NULL,'2026-04-24 15:17:56','2026-04-24 15:17:56'),(612,13,'2026-12-20','08:51:44','attendance/bbfd6bf1-5a9f-455f-ba9c-dbe15dd2e6e6.png','Sakit','Exercitationem sunt molestiae facilis distinctio.','journals/97835135-0324-4890-b588-e4191e89c354.png','-6.638524','110.436244',1,NULL,'2026-04-24 15:17:56','2026-04-24 15:17:56'),(613,13,'2026-12-21','21:52:48','attendance/b20f661b-b535-4ed7-a55f-a9d20cd7de62.png','Libur','Repellendus tenetur maiores aliquid qui omnis soluta rerum.','journals/913a0c36-a4e1-4552-adfd-b213a6a2e3ed.png','-7.749657','113.407545',1,NULL,'2026-04-24 15:17:57','2026-04-24 15:17:57'),(614,13,'2026-12-22','12:21:37','attendance/6853d222-18cb-41f6-80a9-26853a5507c5.png','Izin','Ducimus doloribus vel tempora voluptatem nam tempora voluptatibus.','journals/02eda687-f580-4f3a-be88-602fa42ea2e9.png','-6.56743','113.912909',1,NULL,'2026-04-24 15:17:57','2026-04-24 15:17:57'),(615,14,'2026-06-22','06:03:33','attendance/30d1c625-1c1c-40db-bbd2-ddcee479a612.png','Izin','Nostrum et sed iure earum autem necessitatibus asperiores.','journals/d6bec8a4-49c6-4b36-96fe-2082461c5048.png','-6.156177','109.530894',1,NULL,'2026-04-24 15:17:57','2026-04-24 15:17:57'),(616,14,'2026-06-23','20:43:35','attendance/3d969dc4-e72a-453d-8766-34a420cf1191.png','Hadir','Minima ipsum aut vel omnis iure.','journals/6da7b771-773c-4cbd-bc00-81d03cbcee40.png','-7.176353','108.813221',1,NULL,'2026-04-24 15:17:57','2026-04-24 15:17:57'),(617,14,'2026-06-24','08:18:45','attendance/d6085fef-ab6c-42c4-aea4-89e09f5c00d5.png','Libur','Voluptatem enim aliquid sequi voluptatem quos et quia exercitationem.','journals/32d55406-0f82-482c-bf32-2049ff982ae9.png','-8.101577','110.80002',1,NULL,'2026-04-24 15:17:57','2026-04-24 15:17:57'),(618,14,'2026-06-25','21:49:37','attendance/ac0fec66-cfc0-49f2-acf8-aaf6d0deee5b.png','Izin','Autem quis soluta et fugiat sint.','journals/2e3ac435-3ad0-4f0b-b66e-597be46e5981.png','-6.469299','112.869388',1,NULL,'2026-04-24 15:17:57','2026-04-24 15:17:57'),(619,14,'2026-06-26','21:03:26','attendance/f761ca54-51c5-428a-856b-dd5f922fd921.png','Hadir','Et debitis reprehenderit eius sunt molestiae natus modi.','journals/f34ee31c-3423-4b45-9262-2b32b7995961.png','-8.220223','109.487261',1,NULL,'2026-04-24 15:17:57','2026-04-24 15:17:57'),(620,14,'2026-06-27','18:09:14','attendance/f5773305-a5bb-4358-9665-1a5ebdb94755.png','Izin','Non iste accusantium voluptatum.','journals/efcaf24f-30a7-4fd9-955c-10b2aa3858b8.png','-7.032093','113.99538',1,NULL,'2026-04-24 15:17:57','2026-04-24 15:17:57'),(621,14,'2026-06-28','13:48:56','attendance/955d65f9-528a-412c-af81-c92608e23d77.png','Sakit','Id aut et nihil saepe.','journals/cfc8a2fb-311b-477c-bae7-6668fe284aaf.png','-6.800106','107.525455',1,NULL,'2026-04-24 15:17:57','2026-04-24 15:17:57'),(622,14,'2026-06-29','07:14:06','attendance/2b418ffa-a457-4583-a4be-b166b5bbce5d.png','Hadir','Dolorem voluptatem accusamus provident nobis quis pariatur.','journals/150c51b1-b3f2-424a-9e02-e120fc983919.png','-8.247708','110.268099',1,NULL,'2026-04-24 15:17:57','2026-04-24 15:17:57'),(623,14,'2026-06-30','21:27:05','attendance/0b80c37b-c514-49a9-8c64-4c25d5bfe2bb.png','Libur','Eos porro quam hic voluptatem reiciendis rerum voluptatum saepe.','journals/aebfc83b-8b39-4293-940a-2ecccec5209b.png','-7.732381','110.120501',1,NULL,'2026-04-24 15:17:57','2026-04-24 15:17:57'),(624,14,'2026-07-01','19:34:11','attendance/5e7b51b9-b330-40b6-940b-9d463c6ad20d.png','Sakit','Ducimus doloremque vel ex qui iste eum autem.','journals/f432fbde-554a-4331-9637-2a873e9e7e6a.png','-7.14188','112.327359',1,NULL,'2026-04-24 15:17:57','2026-04-24 15:17:57'),(625,14,'2026-07-02','05:18:01','attendance/76323d3e-e6e2-4a2e-b42c-2f82a7958b21.png','Hadir','In aperiam accusantium sit voluptatum voluptatum.','journals/5f3c88f0-4c20-409e-bb29-6c9e70572a3c.png','-7.653639','112.251205',1,NULL,'2026-04-24 15:17:57','2026-04-24 15:17:57'),(626,14,'2026-07-03','05:40:33','attendance/d811e715-d990-47d5-b6df-b6a8d6ff31b9.png','Libur','Exercitationem quibusdam sit mollitia aut consequatur amet.','journals/966fe7e5-3acb-421d-aa4b-58d3c576ffbc.png','-7.88383','109.692606',1,NULL,'2026-04-24 15:17:57','2026-04-24 15:17:57'),(627,14,'2026-07-04','08:36:01','attendance/dd8ed14a-c21e-434b-bb7e-0e9a15ac0f2d.png','Izin','Non commodi dicta amet rem nobis odit ratione accusamus.','journals/df0dc040-7163-4db8-b298-a5b500928bc2.png','-6.841894','107.25925',1,NULL,'2026-04-24 15:17:57','2026-04-24 15:17:57'),(628,14,'2026-07-05','12:39:47','attendance/2a5a24b6-83d0-4c15-92f0-43219ad4cb8a.png','Libur','Illum id iusto et sed nam.','journals/f6843904-7473-4d7e-a26d-8d8185ef457e.png','-7.148458','108.002657',1,NULL,'2026-04-24 15:17:57','2026-04-24 15:17:57'),(629,14,'2026-07-06','16:45:40','attendance/2f8d5af5-ec10-4e89-8291-b2148486fabe.png','Izin','Necessitatibus itaque nesciunt esse ipsum rerum.','journals/e95819de-c48b-4552-87d5-90651c364e98.png','-8.278188','112.672728',1,NULL,'2026-04-24 15:17:57','2026-04-24 15:17:57'),(630,14,'2026-07-07','17:47:44','attendance/0e07fe00-e04a-4dfc-aa4a-48a0a1e44e1e.png','Hadir','Iure ut est voluptatem itaque at.','journals/89d0264e-a2ec-448f-abd0-915eba318aef.png','-6.872281','113.1468',1,NULL,'2026-04-24 15:17:57','2026-04-24 15:17:57'),(631,14,'2026-07-08','00:46:50','attendance/0863f8f4-d734-44dc-bc58-9479a2f797f8.png','Libur','Cum laboriosam voluptatem ab.','journals/0e696b70-6e47-4180-bfbe-0a0bb2d4d5ca.png','-6.904027','113.842923',1,NULL,'2026-04-24 15:17:57','2026-04-24 15:17:57'),(632,14,'2026-07-09','12:12:16','attendance/747f1249-b967-45d2-9ae2-45e3a1944de1.png','Sakit','Sed non impedit sed nihil recusandae.','journals/8b977d61-5c81-4b04-b7f2-a3d038c26ffe.png','-7.190672','111.071887',1,NULL,'2026-04-24 15:17:57','2026-04-24 15:17:57'),(633,14,'2026-07-10','10:24:11','attendance/05c5047b-c5b7-48bc-ab2d-92721c37a100.png','Sakit','Veniam cumque ad quas similique qui asperiores velit.','journals/5f8c974d-bee1-4f91-a91b-eb665c2656db.png','-7.65236','108.627051',1,NULL,'2026-04-24 15:17:57','2026-04-24 15:17:57'),(634,14,'2026-07-11','08:34:24','attendance/b5f23884-360b-4925-8ba8-86592423f596.png','Izin','Perspiciatis perspiciatis qui voluptatem voluptate est.','journals/978dda83-893e-4c6b-a843-9584b5610141.png','-8.114393','113.705201',1,NULL,'2026-04-24 15:17:57','2026-04-24 15:17:57'),(635,14,'2026-07-12','17:12:59','attendance/de0dda74-b7f7-4e2d-bc98-dc4f01908485.png','Izin','Sunt tempora adipisci non ducimus.','journals/d3d81a26-6066-4a23-896d-86bb584846ab.png','-8.166429','112.326185',1,NULL,'2026-04-24 15:17:57','2026-04-24 15:17:57'),(636,14,'2026-07-13','05:25:51','attendance/65489328-18de-4ba4-929c-320cd31788fa.png','Libur','Eos ipsam accusamus sed.','journals/2c6f57f7-5b90-4e36-bb0f-aa058dc4c0a9.png','-7.792219','113.452956',1,NULL,'2026-04-24 15:17:57','2026-04-24 15:17:57'),(637,14,'2026-07-14','08:43:58','attendance/8667e2b0-5685-4636-a35e-8b2f4b39eebc.png','Hadir','Exercitationem ut voluptatibus alias vel.','journals/d0484054-75b3-42cd-a0d7-1234328fc8c8.png','-7.426647','107.035601',1,NULL,'2026-04-24 15:17:57','2026-04-24 15:17:57'),(638,14,'2026-07-15','00:05:28','attendance/e3f398d0-7ffa-4dab-90cb-e7d57049ae9a.png','Sakit','Aut vero voluptas unde repudiandae nostrum voluptatem.','journals/af77e3c0-58f7-4dff-8c02-e2b5d9524d47.png','-6.400145','108.698183',1,NULL,'2026-04-24 15:17:57','2026-04-24 15:17:57'),(639,14,'2026-07-16','15:00:37','attendance/94c4fc7d-cdee-4b60-9699-c76eee11f44e.png','Hadir','Dignissimos deleniti sit doloremque qui.','journals/a335fc30-dc75-40fd-b024-6d9d18df4b05.png','-7.44089','108.456957',1,NULL,'2026-04-24 15:17:57','2026-04-24 15:17:57'),(640,14,'2026-07-17','21:18:58','attendance/95a261ed-dca3-4929-af4d-4ae719f06c76.png','Sakit','Modi est voluptates ea iste.','journals/27ac44e4-9734-4641-b5cb-fe2c5c0d7dc1.png','-6.195909','110.828333',1,NULL,'2026-04-24 15:17:57','2026-04-24 15:17:57'),(641,14,'2026-07-18','14:56:22','attendance/98018e16-2f36-4f66-b4af-c2496fc9828c.png','Izin','Magni eaque est qui consequatur molestiae non voluptas.','journals/7744bd5f-73ab-452a-881f-5e03d0cdacab.png','-8.287516','109.996089',1,NULL,'2026-04-24 15:17:57','2026-04-24 15:17:57'),(642,14,'2026-07-19','22:34:19','attendance/c518bf11-923b-4b36-98b7-acfc7cf8600a.png','Libur','Quae velit saepe sunt ab.','journals/5f182f30-3de0-45a0-b146-1cb404761d5e.png','-7.259825','109.904218',1,NULL,'2026-04-24 15:17:57','2026-04-24 15:17:57'),(643,14,'2026-07-20','08:43:50','attendance/56607e59-1250-4e77-ace3-55d4926f4240.png','Izin','Vero tempora perspiciatis sed est consequatur.','journals/14e9270a-711b-4ae0-abbb-942020400b63.png','-7.594391','110.215264',1,NULL,'2026-04-24 15:17:57','2026-04-24 15:17:57'),(644,14,'2026-07-21','01:42:00','attendance/0cb859ba-b8e5-4835-a5ba-2594ee3e6607.png','Hadir','Sed commodi autem ea.','journals/aaad0821-aaea-4457-8e45-1014aa336cef.png','-7.518218','109.461687',1,NULL,'2026-04-24 15:17:57','2026-04-24 15:17:57'),(645,14,'2026-07-22','15:50:16','attendance/40a68cd9-c5ee-4180-8319-2babba69ddc0.png','Hadir','Est deserunt sit qui sint nihil aperiam laborum.','journals/9388d4c3-e369-4e5e-a2d9-c8edcb39ccc8.png','-6.993101','107.55847',1,NULL,'2026-04-24 15:17:57','2026-04-24 15:17:57'),(646,14,'2026-07-23','21:35:39','attendance/194f3d6b-30fd-4000-9145-2387e4cf4f0f.png','Izin','Reprehenderit dolorem earum inventore quisquam reprehenderit officia.','journals/873c3894-d814-4f8e-9c22-6d4db5eb22f2.png','-6.848671','111.972856',1,NULL,'2026-04-24 15:17:57','2026-04-24 15:17:57'),(647,14,'2026-07-24','00:41:10','attendance/7d0d3b86-85c7-4f0a-aa8c-d5e34762e9a0.png','Izin','Aut odit aut cupiditate.','journals/b9bf717d-6b6a-4157-a960-83fcc357dcb4.png','-7.980356','108.729758',1,NULL,'2026-04-24 15:17:57','2026-04-24 15:17:57'),(648,14,'2026-07-25','12:38:30','attendance/9133c965-79da-40be-b769-9301e0472c29.png','Izin','Omnis odio laborum doloribus nisi ipsum aperiam.','journals/d9aceaba-fe7d-4db4-b434-e275b1428da1.png','-6.455963','109.269842',1,NULL,'2026-04-24 15:17:57','2026-04-24 15:17:57'),(649,14,'2026-07-26','00:39:56','attendance/71b8219d-e223-4ac2-a3a3-90ec484506f9.png','Sakit','Eligendi quod nulla enim in consequatur.','journals/67594877-7b87-49da-b797-ec2be5a775ca.png','-6.23832','111.820132',1,NULL,'2026-04-24 15:17:57','2026-04-24 15:17:57'),(650,14,'2026-07-27','09:59:40','attendance/172c24ba-c054-4151-9381-ae8c46088edd.png','Hadir','Laudantium consequatur vel vitae architecto maxime eum impedit.','journals/0f9367e0-4d00-4578-bfa1-16d7b0f913f6.png','-6.850419','110.328435',1,NULL,'2026-04-24 15:17:57','2026-04-24 15:17:57'),(651,14,'2026-07-28','18:14:18','attendance/b1bcf0ef-f111-4243-ad2c-897bddce92bb.png','Sakit','Consequatur doloremque saepe qui iste vel laudantium minus.','journals/80231a4e-4e6c-4363-8a64-994c0b93cbb1.png','-7.964468','110.913131',1,NULL,'2026-04-24 15:17:57','2026-04-24 15:17:57'),(652,14,'2026-07-29','21:08:42','attendance/25804c11-e427-424f-aaf5-0cb4271a6f55.png','Izin','Soluta at eveniet sapiente voluptas doloribus natus esse nam.','journals/c2ca63ec-7181-4a8a-87b7-0fe49a029408.png','-7.111285','110.036137',1,NULL,'2026-04-24 15:17:57','2026-04-24 15:17:57'),(653,14,'2026-07-30','10:08:48','attendance/3a4cf481-5209-48a5-abd9-07ef7fed4b2d.png','Sakit','Possimus aperiam cumque corrupti nisi ea.','journals/8aa64dbd-0106-4aae-b580-6314c8818c0e.png','-8.175672','107.174278',1,NULL,'2026-04-24 15:17:57','2026-04-24 15:17:57'),(654,14,'2026-07-31','14:56:50','attendance/ce4aa31c-cc81-447e-a267-427be4df9f5f.png','Hadir','Voluptatem aut dolorum id dignissimos dolor aperiam.','journals/b463d3f0-2bb0-4331-995a-1e81ec4ec1a8.png','-8.250023','110.677655',1,NULL,'2026-04-24 15:17:57','2026-04-24 15:17:57'),(655,14,'2026-08-01','20:22:46','attendance/9d5c4288-537a-4670-81c8-86bc2fdf2644.png','Hadir','Beatae inventore perspiciatis nulla eius.','journals/6c13d2c3-46b5-4250-8316-992dd868c9b3.png','-6.395773','107.402752',1,NULL,'2026-04-24 15:17:57','2026-04-24 15:17:57'),(656,14,'2026-08-02','10:25:54','attendance/d7888060-5051-4ff2-ac0c-953341febe45.png','Libur','Reiciendis quos officia ut eius ipsam ratione.','journals/64fd6af2-f567-47c1-923d-e9c5c9d41a89.png','-7.234728','113.865757',1,NULL,'2026-04-24 15:17:57','2026-04-24 15:17:57'),(657,14,'2026-08-03','15:21:44','attendance/6ab370c9-8487-403a-acb9-340ebe05f241.png','Sakit','Aut sequi illo cum nostrum dicta ducimus quam.','journals/e439a3bc-84c6-4f76-9bb7-160328b816d8.png','-7.938818','109.861893',1,NULL,'2026-04-24 15:17:57','2026-04-24 15:17:57'),(658,14,'2026-08-04','14:00:52','attendance/5b70502c-84c3-41cb-ae13-995f10f3ce08.png','Hadir','Qui vel consectetur dolores non voluptate dolorem aut fugiat.','journals/ea81da49-6d86-4259-a0eb-0df651a0a322.png','-7.153966','107.145053',1,NULL,'2026-04-24 15:17:57','2026-04-24 15:17:57'),(659,14,'2026-08-05','20:57:06','attendance/01c29100-ec4a-422d-b9a8-aafbb931273f.png','Hadir','Tempore aut expedita quos delectus nisi vel veniam.','journals/ba47cbf6-aecd-470d-8364-cbdd92b4027a.png','-8.263752','112.567821',1,NULL,'2026-04-24 15:17:57','2026-04-24 15:17:57'),(660,14,'2026-08-06','01:04:32','attendance/d4520bdc-0e23-43c5-973b-9778718b3195.png','Hadir','Temporibus voluptatem porro quia quo accusamus nobis.','journals/9b318dd8-6b4f-4f45-82ba-a4178c725e5c.png','-7.299888','114.012091',1,NULL,'2026-04-24 15:17:57','2026-04-24 15:17:57'),(661,14,'2026-08-07','18:50:57','attendance/39d0df87-f42f-4f1d-be02-8d7b7484741f.png','Hadir','Suscipit vel velit quibusdam et.','journals/0ab1173f-2ccc-453c-83b2-062944209e2d.png','-8.256217','109.501992',1,NULL,'2026-04-24 15:17:57','2026-04-24 15:17:57'),(662,14,'2026-08-08','17:40:23','attendance/19ca4184-c909-4ba0-9297-a203b3b51a1d.png','Hadir','Dolore error architecto nulla.','journals/2daa8c9e-f709-42d1-9b8c-8da90b5cd9a9.png','-7.464379','112.844822',1,NULL,'2026-04-24 15:17:57','2026-04-24 15:17:57'),(663,14,'2026-08-09','17:50:15','attendance/c4144e92-6206-4bf7-a488-678d5cad53f9.png','Hadir','Rerum ducimus aut excepturi non eos officia.','journals/777e7c35-4dfb-4147-bfcd-ab4d22c3e6f8.png','-7.244129','108.50145',1,NULL,'2026-04-24 15:17:57','2026-04-24 15:17:57'),(664,14,'2026-08-10','06:17:25','attendance/55bdfa1e-8836-4621-9e03-7c09e9599d04.png','Libur','Iste assumenda atque qui soluta commodi.','journals/daefcfbe-a523-4d07-b67b-a1307eb05ab8.png','-6.444814','111.162645',1,NULL,'2026-04-24 15:17:57','2026-04-24 15:17:57'),(665,14,'2026-08-11','22:39:14','attendance/e2c84c5d-c5e1-4837-ace1-7ed999097a72.png','Sakit','Velit expedita nulla delectus ut consequuntur reiciendis vel.','journals/1368b40a-f712-472b-a79a-5bb7caf76c33.png','-6.728939','109.585444',1,NULL,'2026-04-24 15:17:57','2026-04-24 15:17:57'),(666,14,'2026-08-12','04:56:09','attendance/867bc28f-223d-4408-9376-e0eab96f53d1.png','Sakit','Provident assumenda ad dolorum.','journals/0ee4345a-f73f-4a79-a166-a07f0b7328ac.png','-6.759928','112.530811',1,NULL,'2026-04-24 15:17:57','2026-04-24 15:17:57'),(667,14,'2026-08-13','05:01:03','attendance/3263e78e-55d1-4b97-8a90-735a101a99e8.png','Izin','Suscipit molestias tempore dolore voluptatem doloribus quo.','journals/c7137bf0-139f-4d30-811f-6ab8d8c1766f.png','-6.877225','108.360943',1,NULL,'2026-04-24 15:17:57','2026-04-24 15:17:57'),(668,14,'2026-08-14','20:39:54','attendance/7ef024d6-7eaf-416c-ba52-1857ceace8c1.png','Libur','Dolorem corrupti repellat corrupti harum eveniet est repudiandae.','journals/b0e18269-810c-48f9-877b-335ba19c59cb.png','-7.475622','111.659348',1,NULL,'2026-04-24 15:17:57','2026-04-24 15:17:57'),(669,14,'2026-08-15','15:50:31','attendance/102f6ea6-4c1c-480a-ac31-8df6f6efde7b.png','Sakit','Incidunt enim velit cumque illum laboriosam.','journals/031c0609-2686-4f67-a8b4-f413d8d02c70.png','-6.036481','113.946451',1,NULL,'2026-04-24 15:17:57','2026-04-24 15:17:57'),(670,14,'2026-08-16','08:33:02','attendance/fd57091d-7e0a-4aaa-934c-fbb246e841ca.png','Hadir','Incidunt ea aliquid mollitia et sunt.','journals/0b1edd3c-1d72-48cc-8dd4-ba386aa358b5.png','-6.859354','109.101149',1,NULL,'2026-04-24 15:17:57','2026-04-24 15:17:57'),(671,14,'2026-08-17','18:10:29','attendance/9a63e88b-bd3f-4534-b8c2-b762dd2766fa.png','Hadir','Magni asperiores architecto voluptatem quia.','journals/2737ec98-38cc-4037-9fbb-22498737b796.png','-6.647696','111.800428',1,NULL,'2026-04-24 15:17:57','2026-04-24 15:17:57'),(672,14,'2026-08-18','05:23:39','attendance/127a8583-d94b-4dd3-adde-a705cfc4f997.png','Sakit','At placeat ut eaque nam omnis.','journals/697bf863-ea58-40a5-9969-04522459b531.png','-6.722321','107.340458',1,NULL,'2026-04-24 15:17:57','2026-04-24 15:17:57'),(673,14,'2026-08-19','03:31:47','attendance/0016b04b-233f-49fc-93d6-c8f28f8e6a90.png','Hadir','Nostrum reprehenderit provident qui impedit accusantium ut porro.','journals/0509266e-1a9d-4bad-ab24-71314fae6974.png','-6.564222','111.019385',1,NULL,'2026-04-24 15:17:57','2026-04-24 15:17:57'),(674,14,'2026-08-20','01:09:21','attendance/be721cfe-9427-4c43-b631-116d27460581.png','Libur','Exercitationem quos itaque occaecati aut laboriosam est dolorum.','journals/9fe7f088-e108-42ac-968b-ac851ff4bbff.png','-7.706099','109.92573',1,NULL,'2026-04-24 15:17:57','2026-04-24 15:17:57'),(675,14,'2026-08-21','00:31:21','attendance/32d73464-91a9-472f-87dc-3114a242c614.png','Sakit','Doloribus nam ut et aut harum.','journals/dfe948bd-32e3-4f37-9a8e-639cad261c13.png','-7.046652','112.754279',1,NULL,'2026-04-24 15:17:57','2026-04-24 15:17:57'),(676,14,'2026-08-22','04:56:24','attendance/68918c2c-c0c9-4c99-a00e-819c0b2c33a3.png','Hadir','Veniam quibusdam impedit odit quasi aut dolore ipsum.','journals/e11c8673-aa9f-46c6-94ec-ce60dfb04983.png','-7.36824','112.728688',1,NULL,'2026-04-24 15:17:57','2026-04-24 15:17:57'),(677,14,'2026-08-23','04:25:19','attendance/6a6a6002-d59e-4c6a-91e1-f1c29090760b.png','Hadir','Facere voluptatem consequuntur quos provident et.','journals/9524ec09-d812-41f9-9b2d-c015bec1558e.png','-6.796859','112.210581',1,NULL,'2026-04-24 15:17:57','2026-04-24 15:17:57'),(678,14,'2026-08-24','06:47:22','attendance/bb9a6394-ec01-414c-a899-6ae30d6535de.png','Libur','Perferendis quibusdam sit enim dolorem pariatur quas non.','journals/1b2927f9-13b8-4a09-928c-65c3fdab3262.png','-7.915556','112.198346',1,NULL,'2026-04-24 15:17:57','2026-04-24 15:17:57'),(679,14,'2026-08-25','12:50:01','attendance/11852007-d187-43d1-a2b8-aa5f3d7eef23.png','Izin','Aut tenetur omnis vero accusantium natus autem in.','journals/d64145dd-9186-4ee8-9366-a3a4c3ff4840.png','-7.751003','108.750329',1,NULL,'2026-04-24 15:17:57','2026-04-24 15:17:57'),(680,14,'2026-08-26','01:45:10','attendance/29fe0b46-37e3-4272-983c-5eef2e7cbebd.png','Hadir','Saepe deleniti est qui velit sint sed et.','journals/b61e44b3-11bb-4368-8051-1171ca0caeaf.png','-6.279263','112.397155',1,NULL,'2026-04-24 15:17:57','2026-04-24 15:17:57'),(681,14,'2026-08-27','13:53:05','attendance/ac2ace3c-9ab1-4cf1-90ba-c60462e60f31.png','Hadir','Magnam laudantium quia enim ea magni natus.','journals/fbc1009c-4230-4928-ba71-34beebbed527.png','-6.427253','110.100164',1,NULL,'2026-04-24 15:17:57','2026-04-24 15:17:57'),(682,14,'2026-08-28','01:13:06','attendance/1dc5fba3-34ce-4e2c-888a-e26cd881aa7f.png','Sakit','Earum aliquam delectus accusantium quia velit ullam.','journals/678a08bd-7ec5-4ea0-b23e-c6efc5ccaf37.png','-7.220211','113.172828',1,NULL,'2026-04-24 15:17:57','2026-04-24 15:17:57'),(683,14,'2026-08-29','04:50:02','attendance/ef11d4e3-42dd-4a16-b090-5e1a25d76be2.png','Hadir','Quo nemo iste quos quis sequi veritatis.','journals/7cce8517-9ab5-4ef1-9c45-b8ebcd495086.png','-6.554191','114.293665',1,NULL,'2026-04-24 15:17:57','2026-04-24 15:17:57'),(684,14,'2026-08-30','15:53:04','attendance/6e4855b1-5441-4941-82de-b1d77c338f08.png','Libur','Commodi inventore quia quos.','journals/ad51f122-25d2-4a4b-a8ee-ab87a7d73adf.png','-6.294518','113.955079',1,NULL,'2026-04-24 15:17:57','2026-04-24 15:17:57'),(685,14,'2026-08-31','12:30:35','attendance/8186b35d-1aaa-441c-a3d2-8ce4b208c30e.png','Izin','Quia molestiae velit eius temporibus ut.','journals/7b3d48f3-4aeb-4b0c-a5ac-a263b095a684.png','-7.37203','112.472646',1,NULL,'2026-04-24 15:17:57','2026-04-24 15:17:57'),(686,14,'2026-09-01','08:38:22','attendance/b335ebb3-1ecc-4aeb-be08-d5fc59c95e64.png','Izin','Sit unde dolorem fugiat rem tempore.','journals/a3be7257-002e-441c-b0f4-c2afc1276e79.png','-6.000206','113.301471',1,NULL,'2026-04-24 15:17:57','2026-04-24 15:17:57'),(687,14,'2026-09-02','16:47:21','attendance/803049b8-4ca3-4d34-b2d8-0dd51cde3e7c.png','Izin','Voluptate quia ut hic eius molestias quia aut.','journals/03c1137b-b17e-4936-b444-259ab66e8d08.png','-6.021807','109.365653',1,NULL,'2026-04-24 15:17:57','2026-04-24 15:17:57'),(688,14,'2026-09-03','21:10:57','attendance/26c5c705-41f1-408d-a60c-2627407e8a24.png','Libur','Ut est sapiente ea et ex est ut.','journals/91e58124-d5bb-4339-aa4d-a39d82103b42.png','-8.226977','108.308639',1,NULL,'2026-04-24 15:17:57','2026-04-24 15:17:57'),(689,14,'2026-09-04','06:20:05','attendance/66e79eb6-1159-4bad-ab25-5699864ca287.png','Hadir','Unde consequatur sit adipisci consequuntur dicta repellat cumque eaque.','journals/b3aaff81-917d-4db4-81ab-f11dfe27ef11.png','-6.780664','108.074522',1,NULL,'2026-04-24 15:17:57','2026-04-24 15:17:57'),(690,14,'2026-09-05','11:18:11','attendance/0f5b2120-e507-4e6b-994f-1ae07bfd7021.png','Sakit','Dolores saepe soluta possimus itaque fugit quod.','journals/ae0c9c83-3776-4de8-bd58-ec9bac8324f8.png','-6.798411','112.999071',1,NULL,'2026-04-24 15:17:57','2026-04-24 15:17:57'),(691,14,'2026-09-06','10:41:23','attendance/1949a6cb-23d4-4795-892d-68c14f0c07bd.png','Sakit','Aperiam omnis expedita ipsa.','journals/32ca3b86-191c-4fa3-b1c1-a54de131faaf.png','-6.421121','109.517634',1,NULL,'2026-04-24 15:17:57','2026-04-24 15:17:57'),(692,14,'2026-09-07','05:00:28','attendance/a64331f5-82c0-4316-85b9-4f19c6f9eb90.png','Hadir','Exercitationem ut voluptas laborum ipsam voluptatem.','journals/503be290-dc10-4f85-8320-911221b1982b.png','-7.633623','111.419004',1,NULL,'2026-04-24 15:17:57','2026-04-24 15:17:57'),(693,14,'2026-09-08','08:00:17','attendance/6387d28f-21e2-4834-b036-07dd90ba83d6.png','Hadir','Maiores porro consequatur vel vel commodi dolores nemo.','journals/eb27474c-15ba-4f92-a908-86e37752dd05.png','-7.244559','108.442961',1,NULL,'2026-04-24 15:17:57','2026-04-24 15:17:57'),(694,14,'2026-09-09','20:55:59','attendance/9622a902-605b-46f9-9aab-96c5e8bf0abe.png','Sakit','Iusto est consequatur et itaque quo consequatur exercitationem.','journals/4c04e254-e6db-4cdc-8d91-05ba9e8f5ae4.png','-6.183577','111.170182',1,NULL,'2026-04-24 15:17:57','2026-04-24 15:17:57'),(695,14,'2026-09-10','16:22:12','attendance/bb3a6895-f81a-4a07-b138-81e3e51db8c2.png','Libur','Reiciendis voluptates fuga quod provident qui.','journals/7d9fe135-a6a8-4e04-b1db-a13941c3f4dd.png','-6.801871','107.539819',1,NULL,'2026-04-24 15:17:57','2026-04-24 15:17:57'),(696,14,'2026-09-11','15:05:45','attendance/80ff6143-8812-4b29-ad44-defbcd091ae3.png','Izin','Et maxime nam earum consequatur sunt dolorum.','journals/0e755d3b-bff6-4a77-b155-63d3fa39f5ff.png','-6.338553','113.033483',1,NULL,'2026-04-24 15:17:57','2026-04-24 15:17:57'),(697,14,'2026-09-12','08:36:28','attendance/bd8aea46-a7f2-472f-b741-80ca17cbb012.png','Sakit','Sed recusandae autem non aut qui beatae voluptatibus.','journals/ecd76b71-2671-461e-bd34-e7d9e8f909dc.png','-7.658799','109.555394',1,NULL,'2026-04-24 15:17:57','2026-04-24 15:17:57'),(698,14,'2026-09-13','02:47:47','attendance/0b931943-f2d0-476e-ba6a-b6d6ada5d84d.png','Hadir','Aliquam vitae et eveniet vero.','journals/772d56ef-3258-4fcf-bbe3-9e785e0320cb.png','-8.174572','113.888003',1,NULL,'2026-04-24 15:17:57','2026-04-24 15:17:57'),(699,14,'2026-09-14','16:10:04','attendance/54b41b94-6465-47a3-b447-d700303efe09.png','Libur','Accusantium rerum beatae rerum dolorem iste voluptatem.','journals/e21e48b5-d173-45f7-9fcc-4cb94da15eaf.png','-7.464881','107.676833',1,NULL,'2026-04-24 15:17:57','2026-04-24 15:17:57'),(700,14,'2026-09-15','16:23:46','attendance/7d8f808f-46b1-4386-a2dd-452634a736e7.png','Izin','Est laborum ipsam sunt deleniti animi aperiam eos cupiditate.','journals/99a25612-4eca-43c5-be57-088d62ad6b6a.png','-7.299907','107.700543',1,NULL,'2026-04-24 15:17:57','2026-04-24 15:17:57'),(701,14,'2026-09-16','11:30:24','attendance/f66b2665-4114-4bb2-9930-ca357af07c21.png','Libur','Amet nesciunt id consequatur numquam voluptas.','journals/5caa364e-af0d-488a-a92d-265f3d338215.png','-7.037802','112.339497',1,NULL,'2026-04-24 15:17:57','2026-04-24 15:17:57'),(702,14,'2026-09-17','18:08:21','attendance/164723dc-6469-4238-b149-874a2b057fd9.png','Sakit','Doloribus non labore quam.','journals/2c6fa976-263a-4573-9f84-4d09e951b7df.png','-6.37134','111.955608',1,NULL,'2026-04-24 15:17:57','2026-04-24 15:17:57'),(703,14,'2026-09-18','13:14:47','attendance/9afe9187-8c08-4c00-af44-f59426213681.png','Libur','Omnis numquam nesciunt quibusdam eum ut commodi sunt porro.','journals/f819576d-9bd2-43d9-89de-3b6dc75c51dc.png','-7.205881','112.895269',1,NULL,'2026-04-24 15:17:57','2026-04-24 15:17:57'),(704,14,'2026-09-19','23:11:25','attendance/62d23fcf-924b-471c-931e-c9ef05f1e3c3.png','Libur','Tempore quia deserunt ut.','journals/00bcbfc3-d797-454c-93d1-d4de3c01ca04.png','-8.297248','113.650845',1,NULL,'2026-04-24 15:17:57','2026-04-24 15:17:57'),(705,14,'2026-09-20','08:06:18','attendance/9cc760c5-4079-45ef-95fb-b15d128512c3.png','Libur','Voluptatem vero totam neque dolor expedita.','journals/9823493a-1db0-4185-9641-78bacee9f72f.png','-6.5351','109.119758',1,NULL,'2026-04-24 15:17:57','2026-04-24 15:17:57'),(706,14,'2026-09-21','05:28:13','attendance/f0fddca1-9433-473e-92c8-598a46b5c858.png','Libur','Temporibus dolor laboriosam libero quam similique.','journals/7bfe1cc4-9ffe-4481-ac11-00279998d495.png','-6.928989','109.294014',1,NULL,'2026-04-24 15:17:57','2026-04-24 15:17:57'),(707,14,'2026-09-22','09:40:57','attendance/1801378d-175d-40dd-8927-f5859e15a646.png','Sakit','Molestias quia neque nostrum tempora soluta.','journals/8d24011c-1962-41f2-ba92-7c715f965077.png','-8.055458','112.318564',1,NULL,'2026-04-24 15:17:57','2026-04-24 15:17:57'),(708,14,'2026-09-23','00:12:47','attendance/95a467af-c2e5-4a51-af9c-ef142baf98e4.png','Sakit','Sapiente reiciendis consequatur rerum aperiam eligendi qui dolorem.','journals/6c60a250-ec2a-4724-85c8-884582cf2dd0.png','-6.002957','114.246876',1,NULL,'2026-04-24 15:17:57','2026-04-24 15:17:57'),(709,14,'2026-09-24','00:20:31','attendance/2e6b077f-9fca-4535-aee8-c1bafad6e5a2.png','Sakit','Corrupti incidunt saepe numquam eum ut.','journals/8dd97bab-0d38-4507-a60e-e86b1e61f5ef.png','-8.163228','114.320966',1,NULL,'2026-04-24 15:17:57','2026-04-24 15:17:57'),(710,14,'2026-09-25','08:11:10','attendance/e555911f-e0a8-4d88-9f1d-779a72a5a79b.png','Sakit','Minima laborum ab sed corporis autem distinctio.','journals/4662d9c7-8470-44de-835f-ba051d768ff6.png','-6.904436','111.861945',1,NULL,'2026-04-24 15:17:57','2026-04-24 15:17:57'),(711,14,'2026-09-26','12:40:17','attendance/0bcf7680-acbc-4b11-b23e-ab8c5783e8d0.png','Libur','Provident aut ut alias.','journals/25b99bd9-0ab5-40f3-b25e-88135a1aef29.png','-8.187012','107.401166',1,NULL,'2026-04-24 15:17:57','2026-04-24 15:17:57'),(712,14,'2026-09-27','05:06:58','attendance/c0f8005b-c408-426a-83fd-c02999c7196a.png','Izin','Ea non porro itaque voluptas voluptatem necessitatibus ipsam eum.','journals/0831e05b-a697-454c-a072-09740e7e51d9.png','-6.226143','108.659897',1,NULL,'2026-04-24 15:17:57','2026-04-24 15:17:57'),(713,14,'2026-09-28','08:18:37','attendance/ea91e251-9a0c-4c19-a05a-28cbc7f8546a.png','Hadir','Expedita esse saepe ut voluptatem repellendus quasi velit.','journals/8431d435-5d97-43e8-b9d8-3619b03fcbcb.png','-6.52976','107.683102',1,NULL,'2026-04-24 15:17:57','2026-04-24 15:17:57'),(714,14,'2026-09-29','03:24:15','attendance/a717e246-cb00-4d89-b309-9332eae6e573.png','Libur','Quos at non tenetur explicabo sit quo.','journals/f012b69a-f8f8-4e81-9595-f4be3d8aadcd.png','-6.283529','111.250419',1,NULL,'2026-04-24 15:17:57','2026-04-24 15:17:57'),(715,14,'2026-09-30','00:09:48','attendance/22c15b97-05b2-458e-9b00-feeeec9e60f2.png','Libur','Sint dolores eius facere autem impedit temporibus.','journals/fb41a1b1-8467-4122-ab85-f8218dbbcf10.png','-6.277244','111.463471',1,NULL,'2026-04-24 15:17:57','2026-04-24 15:17:57'),(716,14,'2026-10-01','20:02:26','attendance/1ce7b602-3e2d-414d-b431-529c290de6a4.png','Hadir','Quo perspiciatis quis voluptas accusamus rerum quia.','journals/4747c7f6-8d7c-4d53-9f6e-244bf4217d48.png','-7.125093','107.374976',1,NULL,'2026-04-24 15:17:57','2026-04-24 15:17:57'),(717,14,'2026-10-02','00:42:29','attendance/0f89c519-0e57-4b6d-9f49-75b964c341f7.png','Hadir','Aperiam aspernatur nam qui et.','journals/e31d2cd2-138f-4a0f-8773-544d410654ad.png','-7.449328','111.748886',1,NULL,'2026-04-24 15:17:57','2026-04-24 15:17:57'),(718,14,'2026-10-03','10:08:46','attendance/28f7d990-7fca-481e-818b-d6cdf6ca3903.png','Sakit','Alias aliquid dolores cum.','journals/bcaa9a00-fd82-438a-8c49-857a5dbb5ee6.png','-7.484248','106.953266',1,NULL,'2026-04-24 15:17:57','2026-04-24 15:17:57'),(719,14,'2026-10-04','06:28:22','attendance/72f5af72-77fa-4915-aef6-f5703712994e.png','Hadir','Quod alias quia rerum quasi.','journals/3bdbf8cf-cb29-4149-99f4-6c2b47c6ef1a.png','-6.811196','110.751041',1,NULL,'2026-04-24 15:17:57','2026-04-24 15:17:57'),(720,14,'2026-10-05','09:44:38','attendance/bc16ea2f-eae4-4a44-8b91-77d229b7b994.png','Izin','Nostrum fugiat libero aut doloribus autem fugiat.','journals/5fbcddac-9571-41ac-b6c7-a04d6f9ac100.png','-7.621204','114.39883',1,NULL,'2026-04-24 15:17:57','2026-04-24 15:17:57'),(721,14,'2026-10-06','12:27:20','attendance/cb822234-9e4f-4bc2-b1f0-30c5ec71c13a.png','Sakit','Necessitatibus pariatur ipsa perspiciatis nobis aut.','journals/d2f38a10-84e6-4282-b05e-f2a479dc5838.png','-7.346824','108.90123',1,NULL,'2026-04-24 15:17:57','2026-04-24 15:17:57'),(722,14,'2026-10-07','13:32:23','attendance/b1f4938b-ca29-4fed-aa3c-d6bb880667f4.png','Sakit','Debitis quidem nihil commodi eligendi impedit aliquid.','journals/114fd011-3898-438d-926a-7ae5dac1740b.png','-7.269693','113.38445',1,NULL,'2026-04-24 15:17:57','2026-04-24 15:17:57'),(723,14,'2026-10-08','00:59:00','attendance/37aa1f5e-baec-40a6-ad8f-b93303f4e668.png','Libur','Qui placeat corporis et et sunt magnam sint.','journals/63a5c6ce-8316-484c-87ab-4d91e058d680.png','-8.19002','108.621597',1,NULL,'2026-04-24 15:17:57','2026-04-24 15:17:57'),(724,14,'2026-10-09','11:54:33','attendance/7887cee8-5364-4e9c-a1e1-308a688af560.png','Sakit','Facere aut odit et et.','journals/143fc660-8e0c-4442-aa9a-3af4b6486f33.png','-7.529952','107.836787',1,NULL,'2026-04-24 15:17:57','2026-04-24 15:17:57'),(725,14,'2026-10-11','11:21:38','attendance/3593c59f-2244-4c05-96a7-3dfc6595cd38.png','Izin','Aliquam sit aut est excepturi fugiat ad omnis.','journals/ae6ddbd3-bbe5-4456-932d-4760a23d5e0e.png','-7.43278','110.913065',1,NULL,'2026-04-24 15:17:57','2026-04-24 15:17:57'),(726,14,'2026-10-12','13:39:13','attendance/dbfb57a4-34c6-479a-9fce-96eb4cac5f49.png','Hadir','Est dolorem aut animi aliquam repudiandae et.','journals/b5246fb8-935b-49c8-bee0-e52db767ba10.png','-6.920538','111.415347',1,NULL,'2026-04-24 15:17:57','2026-04-24 15:17:57'),(727,14,'2026-10-13','05:17:06','attendance/c1215c27-19c6-41a0-9688-f12fe3820f07.png','Hadir','Eligendi a aspernatur doloribus aut sapiente non sit id.','journals/5929b8b9-28c5-42ea-863f-482984e14fb8.png','-6.307709','109.36692',1,NULL,'2026-04-24 15:17:57','2026-04-24 15:17:57'),(728,14,'2026-10-14','02:51:53','attendance/ffb99242-0aba-4d67-acb0-b48e98ccd06a.png','Sakit','Provident nemo corrupti non nihil esse consequatur sint.','journals/a358b395-f8b4-423e-8854-4a66866be4e4.png','-7.872183','113.776731',1,NULL,'2026-04-24 15:17:57','2026-04-24 15:17:57'),(729,14,'2026-10-15','04:13:32','attendance/f57daacd-c6e6-4d16-b541-bee3f5b729e2.png','Izin','Voluptates facilis dolore non omnis voluptatem eligendi voluptatem.','journals/6019a20f-a067-464d-b3a5-6f9be5ac140c.png','-7.743353','107.446489',1,NULL,'2026-04-24 15:17:57','2026-04-24 15:17:57'),(730,14,'2026-10-16','17:58:19','attendance/abf360ca-9ff2-4752-8dc4-02cb73ff15c4.png','Hadir','Inventore maiores aut vero blanditiis quia fuga cumque.','journals/e8bcea1d-ef16-4e6d-9216-e3c35e9cc5d1.png','-7.529278','109.465294',1,NULL,'2026-04-24 15:17:57','2026-04-24 15:17:57'),(731,14,'2026-10-17','02:47:12','attendance/7104ba75-faa9-49db-af7c-885732a14d89.png','Hadir','Debitis non voluptatum ut quia laboriosam libero.','journals/d5ce52d8-f7b9-436d-9dc5-26a2033021b6.png','-8.167426','108.090345',1,NULL,'2026-04-24 15:17:57','2026-04-24 15:17:57'),(732,14,'2026-10-18','17:25:54','attendance/2666b82e-262e-482e-85ec-987339fb8b47.png','Izin','Consequatur laboriosam quas neque.','journals/ac711426-a5ae-4333-9d0a-c6446aa4245a.png','-6.517448','111.416363',1,NULL,'2026-04-24 15:17:57','2026-04-24 15:17:57'),(733,14,'2026-10-19','03:18:23','attendance/62607343-8080-498d-b1c8-fece9af278c8.png','Hadir','Inventore corporis eum asperiores hic.','journals/39d5e0eb-f1ef-4bb0-a597-c2007b476157.png','-7.276788','110.002069',1,NULL,'2026-04-24 15:17:57','2026-04-24 15:17:57'),(734,14,'2026-10-20','12:12:29','attendance/5d493f3c-53f5-4f11-bf52-1bd1e0dd3e3e.png','Hadir','Asperiores totam sit perferendis voluptatem id nemo.','journals/2a0cb7c4-30c8-40f6-8b89-703f17c301e4.png','-6.345715','108.441052',1,NULL,'2026-04-24 15:17:57','2026-04-24 15:17:57'),(735,14,'2026-10-21','06:45:55','attendance/21c7c888-bc2e-43f9-9c7a-4a298bdfab84.png','Izin','Odit quis et facilis.','journals/b8531771-83ed-4c54-8a24-d3bc750686c3.png','-6.434367','110.432603',1,NULL,'2026-04-24 15:17:57','2026-04-24 15:17:57'),(736,14,'2026-10-22','21:23:52','attendance/fd3d67bc-ab93-4fee-b77a-f929d7169654.png','Libur','Ut alias ut quaerat consectetur.','journals/d428a92c-776c-437c-a75e-9c019eac739a.png','-7.491158','110.317739',1,NULL,'2026-04-24 15:17:57','2026-04-24 15:17:57'),(737,14,'2026-10-23','15:59:11','attendance/fffd4c52-b446-4b33-b64a-efab29290cf4.png','Izin','Provident consequatur quisquam earum necessitatibus laborum.','journals/c942c8d1-515d-4f34-84f1-51b69af0c041.png','-7.48585','110.119465',1,NULL,'2026-04-24 15:17:57','2026-04-24 15:17:57'),(738,14,'2026-10-24','00:38:59','attendance/e66dc4c1-56e0-489b-8975-b5bd4a0172e4.png','Izin','Est beatae dolores minus laboriosam id.','journals/0ae73aee-9c76-407d-9fce-c295e34da83c.png','-8.259727','113.925157',1,NULL,'2026-04-24 15:17:57','2026-04-24 15:17:57'),(739,14,'2026-10-25','16:51:48','attendance/aabe3a16-6578-41a4-a617-9a5db8a55543.png','Sakit','Pariatur veniam porro eos ea iure dicta et.','journals/741a881a-ad5f-466d-bac8-4881b86f0ee8.png','-7.277814','108.236858',1,NULL,'2026-04-24 15:17:57','2026-04-24 15:17:57'),(740,14,'2026-10-26','16:46:21','attendance/53174656-45ba-4376-96b4-f19105ad8d92.png','Libur','Ab natus sunt aut reprehenderit repellat consequatur.','journals/57c66561-28a8-45a0-9581-e1db1cb98f7a.png','-8.148162','110.569069',1,NULL,'2026-04-24 15:17:57','2026-04-24 15:17:57'),(741,14,'2026-10-27','06:13:12','attendance/cbc20f0d-855f-45b5-8f8e-59fae2e62262.png','Hadir','Voluptate quis illum magnam.','journals/94d74242-9d7d-4293-bb5b-c76a06231845.png','-7.775365','107.094425',1,NULL,'2026-04-24 15:17:57','2026-04-24 15:17:57'),(742,14,'2026-10-28','03:17:52','attendance/3130a490-7404-4ec3-9bd5-f9e024b792bc.png','Izin','Occaecati fugit voluptatem quos et iure qui cupiditate.','journals/2cba055f-0add-422e-aa2f-5097a389d1bd.png','-6.360321','110.140132',1,NULL,'2026-04-24 15:17:57','2026-04-24 15:17:57'),(743,14,'2026-10-29','13:55:10','attendance/1219ae6a-f396-4104-b146-acd14669fc08.png','Izin','Quia enim nemo aspernatur possimus animi quaerat eos.','journals/f89d7647-71fa-44e9-b4bb-b2fcd780ec16.png','-7.247426','111.540033',1,NULL,'2026-04-24 15:17:57','2026-04-24 15:17:57'),(744,14,'2026-10-31','21:09:41','attendance/dfbdf11c-0c48-4706-9468-777c550c24f1.png','Sakit','Aut earum dignissimos non incidunt et.','journals/114dc4bd-7107-4d6c-8bd9-67b7a6881c8c.png','-8.294638','112.578226',1,NULL,'2026-04-24 15:17:57','2026-04-24 15:17:57'),(745,14,'2026-11-01','22:33:10','attendance/7d2f7fbf-87f0-4c8a-bb2c-b039803c5028.png','Sakit','Et et illum sed necessitatibus laborum.','journals/3faa404d-1a82-42e0-ac76-ae3a0f1f3250.png','-6.861213','109.123864',1,NULL,'2026-04-24 15:17:57','2026-04-24 15:17:57'),(746,14,'2026-11-02','22:07:47','attendance/4ba88630-93bd-44e7-9b9f-305c6cddb62e.png','Izin','Unde at aperiam voluptas officia unde quia.','journals/cafad885-89f0-4323-a4ba-e884bd1cd812.png','-6.779682','113.50145',1,NULL,'2026-04-24 15:17:57','2026-04-24 15:17:57'),(747,14,'2026-11-03','18:17:04','attendance/7acddc67-0dc2-4528-9c2e-12ad130d1f0e.png','Sakit','Aspernatur sed sint laboriosam ullam fugiat.','journals/56d68c18-c7ff-427f-b4fe-2824aca9f319.png','-8.161554','111.363411',1,NULL,'2026-04-24 15:17:57','2026-04-24 15:17:57'),(748,14,'2026-11-05','11:08:46','attendance/7f758f48-4c8d-456b-8c8c-c5f17a24c85a.png','Izin','Ut non repellendus molestiae rem voluptatem hic qui.','journals/0b86d770-95df-48da-bee3-e558c46a6d21.png','-6.486252','114.24687',1,NULL,'2026-04-24 15:17:57','2026-04-24 15:17:57'),(749,14,'2026-11-06','07:28:48','attendance/71a18691-82d2-4abd-812b-face81a9f564.png','Izin','Suscipit corrupti ut sit eum accusantium.','journals/7fe97188-bc10-4ddb-bb53-ad3e1686ff00.png','-8.134464','110.906754',1,NULL,'2026-04-24 15:17:57','2026-04-24 15:17:57'),(750,14,'2026-11-07','11:54:19','attendance/a5c4a82b-03fb-4930-99cd-ef954a0a308e.png','Hadir','Fugit cumque consequatur qui amet quos totam.','journals/17433a7a-63de-492e-8eca-2ef84164c401.png','-6.997556','109.324691',1,NULL,'2026-04-24 15:17:57','2026-04-24 15:17:57'),(751,14,'2026-11-08','02:14:35','attendance/3453fc50-ed42-4b75-86ac-52648b23baa9.png','Izin','Ad quia at blanditiis aut.','journals/84932684-6eb8-4bf1-b389-4a12c02dc02b.png','-6.843985','109.648645',1,NULL,'2026-04-24 15:17:57','2026-04-24 15:17:57'),(752,14,'2026-11-09','18:46:06','attendance/4335c929-a9ce-4486-bb37-f3700d940efe.png','Sakit','Eos repellendus et pariatur est ut dicta esse.','journals/6f941955-238f-4909-83b0-67ccf11f4d57.png','-7.177342','109.597367',1,NULL,'2026-04-24 15:17:57','2026-04-24 15:17:57'),(753,14,'2026-11-10','16:37:27','attendance/0ca9b598-44d0-4759-ab9b-c9c10b63fcbd.png','Hadir','Quod tempore hic quia.','journals/18bd2822-0fb8-4141-94d1-940f704abd5d.png','-7.728467','109.418119',1,NULL,'2026-04-24 15:17:57','2026-04-24 15:17:57'),(754,14,'2026-11-11','14:53:07','attendance/8e8a3401-75de-4afe-ba7a-c59fb9965615.png','Sakit','Qui aut nihil veritatis sed ratione.','journals/e146f58c-80c5-4bcf-ad43-c23914f05e75.png','-6.689155','109.761679',1,NULL,'2026-04-24 15:17:57','2026-04-24 15:17:57'),(755,14,'2026-11-12','03:48:43','attendance/d1dbab5b-6c87-4157-998c-96a7676b0ad3.png','Hadir','Soluta ratione necessitatibus quae quasi ratione numquam.','journals/af11bd62-1170-4340-af85-f2c8856247f8.png','-7.042644','110.452375',1,NULL,'2026-04-24 15:17:57','2026-04-24 15:17:57'),(756,14,'2026-11-13','00:39:01','attendance/9ce29240-f93b-44c0-83e3-7d7e516b8e15.png','Izin','Natus laboriosam magni eos ea sequi ipsum et.','journals/d3393f1c-7b2e-42f2-a769-a0be0027cb22.png','-8.00575','108.190584',1,NULL,'2026-04-24 15:17:57','2026-04-24 15:17:57'),(757,14,'2026-11-14','22:37:25','attendance/0d83719b-14e9-49d8-ac84-75c235735b54.png','Izin','Amet vel distinctio reiciendis minima a.','journals/16d52a43-c601-4437-b64f-6b3b2131b214.png','-7.543087','111.194831',1,NULL,'2026-04-24 15:17:57','2026-04-24 15:17:57'),(758,14,'2026-11-15','05:05:00','attendance/12ba3e0d-fa1b-4326-afc0-5d8dca7e1cb5.png','Izin','Recusandae adipisci corporis asperiores non sit.','journals/a02ab277-7b29-4e66-b672-fb5cefdd29ad.png','-6.802216','109.083391',1,NULL,'2026-04-24 15:17:57','2026-04-24 15:17:57'),(759,14,'2026-11-16','04:09:42','attendance/70f39184-3bb8-440c-ba1c-2e86fa9becb0.png','Sakit','Omnis aut quia rerum velit.','journals/275942ac-a376-4716-96c5-87c26499696b.png','-6.980412','109.89177',1,NULL,'2026-04-24 15:17:57','2026-04-24 15:17:57'),(760,14,'2026-11-17','19:13:14','attendance/626e5421-4827-4864-9ede-5c69a52fc9c4.png','Sakit','Commodi cupiditate harum molestiae maiores.','journals/65ececbb-6bf1-4adb-b08c-83bf0f70774e.png','-6.481732','111.763462',1,NULL,'2026-04-24 15:17:57','2026-04-24 15:17:57'),(761,14,'2026-11-20','19:43:55','attendance/96e0bc0d-19a3-496d-b7f0-1a95bd7bdccc.png','Hadir','In impedit error laudantium impedit ipsa veritatis.','journals/5dae4324-3f8b-4ada-883d-b4ae9ae11eec.png','-7.477505','111.134685',1,NULL,'2026-04-24 15:17:57','2026-04-24 15:17:57'),(762,14,'2026-11-21','17:09:35','attendance/fbd770de-c85d-4935-b158-8cc4c6866081.png','Libur','Aut sint enim est minus sequi.','journals/a7d4d127-6bfc-4f5d-839c-e7df0e30c8cc.png','-6.175175','112.296605',1,NULL,'2026-04-24 15:17:57','2026-04-24 15:17:57'),(763,14,'2026-11-22','13:06:56','attendance/08437573-505f-45a9-9ad6-c459de2d7838.png','Izin','Fuga corrupti ex explicabo facilis nemo deserunt ad.','journals/9fc7c1b5-d7e7-4ae0-bc89-1a1438afc12f.png','-6.604214','108.015364',1,NULL,'2026-04-24 15:17:57','2026-04-24 15:17:57'),(764,14,'2026-11-23','02:19:39','attendance/639f41a4-c401-49c9-9649-d74ed1a4e750.png','Hadir','Sunt quidem rerum delectus ea.','journals/9f930cb2-ac65-46c4-8395-6061c60555e5.png','-7.723314','107.235747',1,NULL,'2026-04-24 15:17:57','2026-04-24 15:17:57'),(765,14,'2026-11-24','05:10:22','attendance/6fcd64ee-5bf5-40b8-a281-0799b1da47fb.png','Libur','Quae expedita officia autem et impedit rerum et sapiente.','journals/d701c9f6-7a0c-401b-bd19-c4e4c3e3b3f0.png','-7.038617','108.103552',1,NULL,'2026-04-24 15:17:57','2026-04-24 15:17:57'),(766,14,'2026-11-25','07:02:59','attendance/ea04fd1a-290f-4403-8803-8c57eae55994.png','Libur','Error nesciunt distinctio magnam accusantium vitae enim.','journals/c301dda9-2dbd-4ed0-98be-6417512b10a4.png','-6.279095','110.909746',1,NULL,'2026-04-24 15:17:57','2026-04-24 15:17:57'),(767,14,'2026-11-26','20:11:22','attendance/ce0cce6a-9a1d-4ed8-b90b-e5f33e0f863d.png','Izin','Dicta officia qui eos in doloremque.','journals/e1996be2-8afe-499a-bf4d-39f7afa05526.png','-6.842979','110.056634',1,NULL,'2026-04-24 15:17:57','2026-04-24 15:17:57'),(768,14,'2026-11-27','04:27:31','attendance/12bdffcc-986e-4b28-9b6d-ff8b2e3c1c16.png','Sakit','Quia et alias enim quia sed.','journals/202d783b-c512-4870-970a-6c98006fef6f.png','-6.475293','114.205814',1,NULL,'2026-04-24 15:17:57','2026-04-24 15:17:57'),(769,14,'2026-11-28','08:41:59','attendance/8f688591-d23c-41cb-839d-b2e303e823e7.png','Libur','Soluta ex sit omnis quam fugiat.','journals/604e444d-6962-4b02-bb19-b2e537574320.png','-7.885887','114.261176',1,NULL,'2026-04-24 15:17:57','2026-04-24 15:17:57'),(770,14,'2026-11-29','11:19:15','attendance/a100c6d0-43d7-42a9-a3e8-e71cd5700cea.png','Libur','Asperiores cupiditate et reprehenderit vitae architecto.','journals/8cb8b4b6-db06-469f-8c11-b13d5db477a0.png','-7.558894','113.11583',1,NULL,'2026-04-24 15:17:57','2026-04-24 15:17:57'),(771,14,'2026-11-30','16:25:36','attendance/60fd7976-9169-4baf-a3d4-a19ad00cbf16.png','Izin','Dolorum reiciendis culpa a sit mollitia ut.','journals/ab497ba1-5a09-48b9-8355-970bd01eb446.png','-6.686278','107.726849',1,NULL,'2026-04-24 15:17:57','2026-04-24 15:17:57'),(772,14,'2026-12-01','22:32:36','attendance/d958e365-b760-4ffa-8dd6-85908ab4ab54.png','Hadir','Quia tempora sunt mollitia ut maiores.','journals/f781f0cd-e2f4-4805-8663-f126a75d7b33.png','-6.960496','113.983986',1,NULL,'2026-04-24 15:17:57','2026-04-24 15:17:57'),(773,14,'2026-12-02','17:42:40','attendance/af671c28-2761-4efe-8b37-7940eb1d15d4.png','Izin','Atque iusto repellat eos voluptas qui ut ea.','journals/d0d180e3-1da1-4f05-8729-aebae86f1838.png','-6.865254','109.650983',1,NULL,'2026-04-24 15:17:57','2026-04-24 15:17:57'),(774,14,'2026-12-03','21:53:11','attendance/b1827b71-9c69-4ec3-ae2b-30e56a74f4b7.png','Izin','Ipsum et ut corrupti sed aliquid consequatur.','journals/bc6dcbe9-34d6-4287-8cf9-2ab6cf1309f7.png','-8.186814','113.286279',1,NULL,'2026-04-24 15:17:57','2026-04-24 15:17:57'),(775,14,'2026-12-04','12:43:50','attendance/5287827c-dc8b-448a-b3fd-4beaf22d696e.png','Libur','Recusandae ad accusamus excepturi ipsum delectus est exercitationem exercitationem.','journals/8b88eb7c-8744-46cf-ae9e-a07f9a43145d.png','-8.059964','111.678577',1,NULL,'2026-04-24 15:17:57','2026-04-24 15:17:57'),(776,14,'2026-12-05','02:51:30','attendance/f6ddb29f-41dd-49ce-b317-c793f70047ee.png','Hadir','Odit maxime qui possimus.','journals/11001ed7-b74e-46b6-a9c3-6453db94735a.png','-6.109706','110.642768',1,NULL,'2026-04-24 15:17:57','2026-04-24 15:17:57'),(777,14,'2026-12-06','12:32:59','attendance/16ca693e-4576-403f-983d-794e226c8c2f.png','Hadir','Sapiente rem ex aspernatur ut accusantium fuga impedit.','journals/430f8c0c-dde2-43a6-9900-4d5a671e1e83.png','-6.834832','112.641746',1,NULL,'2026-04-24 15:17:57','2026-04-24 15:17:57'),(778,14,'2026-12-07','13:52:43','attendance/87a346c5-93b8-4e00-8b42-977ce22efb7d.png','Izin','Vel repudiandae doloremque odio saepe odio rerum voluptatem.','journals/d57e03e5-aedc-4a7d-9223-8c3c49fb4c5e.png','-6.79405','113.185497',1,NULL,'2026-04-24 15:17:57','2026-04-24 15:17:57'),(779,14,'2026-12-08','19:13:19','attendance/fa806217-cf90-45ce-b974-2035d0c5d2ad.png','Hadir','Qui quisquam recusandae officia laboriosam consectetur natus vel.','journals/751ebb12-3329-4e5b-9848-1a7a60c54ce5.png','-7.957372','108.71995',1,NULL,'2026-04-24 15:17:57','2026-04-24 15:17:57'),(780,14,'2026-12-09','04:17:02','attendance/6520d846-065c-4326-8cd6-b2fc1d09d17f.png','Libur','Consectetur fugit deleniti optio.','journals/e7cd0c20-423e-4352-bae7-76b1578ff1ae.png','-6.509278','112.033749',1,NULL,'2026-04-24 15:17:57','2026-04-24 15:17:57'),(781,14,'2026-12-10','16:22:51','attendance/1792d1ab-64bb-4239-b10a-91ec1c56f37a.png','Libur','Assumenda qui neque quibusdam qui voluptatem sed repellendus ut.','journals/e67642a1-3fe1-42f0-846c-8c46c947e7aa.png','-8.239592','110.327563',1,NULL,'2026-04-24 15:17:57','2026-04-24 15:17:57'),(782,14,'2026-12-11','08:03:46','attendance/24d22b88-e89a-464e-8c35-8754f907144b.png','Sakit','Qui enim dicta ut.','journals/a846e4a0-ded3-4b92-a0dc-a8b94079cbc0.png','-6.378084','108.332535',1,NULL,'2026-04-24 15:17:57','2026-04-24 15:17:57'),(783,14,'2026-12-12','20:55:41','attendance/8b7e914b-bdfe-4356-a7c5-22b5936ac112.png','Sakit','Voluptatem minima praesentium hic beatae.','journals/505e8eb6-7f0c-4795-86cc-17fe7af1d063.png','-6.480225','108.684836',1,NULL,'2026-04-24 15:17:57','2026-04-24 15:17:57'),(784,14,'2026-12-13','17:49:17','attendance/f105ad5a-e3b9-430f-8d06-fae7830e4d20.png','Sakit','Ea nulla fugiat libero tempore qui at.','journals/37f612ee-22d5-42b6-b84c-c2222f5feabb.png','-6.94259','112.818133',1,NULL,'2026-04-24 15:17:57','2026-04-24 15:17:57'),(785,14,'2026-12-14','19:09:00','attendance/8e75f70d-fa1b-4a72-a9a7-faa6d841a4d7.png','Izin','Illum ut fugiat quia officia qui.','journals/08118eb0-e61c-4e18-82e1-90be546b666d.png','-6.347566','112.856941',1,NULL,'2026-04-24 15:17:57','2026-04-24 15:17:57'),(786,14,'2026-12-15','01:19:08','attendance/8e8eddfb-b817-43fe-806f-f8fa10dad4b0.png','Libur','Tempora ullam quaerat qui cum quidem debitis.','journals/dd8a3267-5307-4fa4-ba0d-356bdcd33c7e.png','-6.999095','106.843684',1,NULL,'2026-04-24 15:17:57','2026-04-24 15:17:57'),(787,14,'2026-12-16','17:32:20','attendance/3ebe4c57-7894-4a79-a64a-4f792f3506ca.png','Izin','Ipsam eos eum libero modi.','journals/ad81d425-fd2a-4bfd-b122-00d91cabdee5.png','-7.706416','106.790262',1,NULL,'2026-04-24 15:17:57','2026-04-24 15:17:57'),(788,14,'2026-12-17','03:02:10','attendance/74e5046a-ddde-48c2-a42a-f75f90e5c932.png','Sakit','Distinctio veritatis aut fugit officia cumque autem voluptatum.','journals/63161ad0-adc6-4450-b880-c5faf8f026c0.png','-8.14809','112.778435',1,NULL,'2026-04-24 15:17:57','2026-04-24 15:17:57'),(789,14,'2026-12-18','00:19:57','attendance/a656b0ec-e50a-43fa-9341-4de77b55a8a1.png','Sakit','Sit esse tempore ea excepturi sunt hic.','journals/45127f37-d27f-4a80-ab86-163d1ce85b19.png','-7.392462','112.452395',1,NULL,'2026-04-24 15:17:57','2026-04-24 15:17:57'),(790,14,'2026-12-19','17:55:56','attendance/20e7eba9-0722-4416-9f65-5cddfdc6c332.png','Hadir','Tenetur error velit vel aliquid facilis.','journals/42b1d168-46e1-42a1-8794-5c5395674656.png','-7.57691','109.291448',1,NULL,'2026-04-24 15:17:57','2026-04-24 15:17:57'),(791,14,'2026-12-20','21:25:49','attendance/5f6180a0-fdcc-4534-8524-47cb63079daf.png','Hadir','Modi aspernatur consequatur et voluptate facilis.','journals/d3ec8878-4800-4e58-8a5a-d581c1bc6d9e.png','-6.470476','110.010504',1,NULL,'2026-04-24 15:17:57','2026-04-24 15:17:57'),(792,14,'2026-12-21','07:27:13','attendance/9ecdb782-54ae-4ba7-9f99-20c5093071ff.png','Izin','Dolorum sit perspiciatis totam officia.','journals/8ae65b92-2bf5-4b63-87ce-16c4a49cc732.png','-6.703618','108.36022',1,NULL,'2026-04-24 15:17:57','2026-04-24 15:17:57'),(793,14,'2026-12-22','13:41:35','attendance/10c2b5c4-6fe5-45d6-9f7a-08067f21f4fe.png','Libur','Voluptatem vitae quas harum nam consequatur quaerat.','journals/b5b8cc1f-7820-41fa-95a4-51b820d68202.png','-6.858998','109.35469',1,NULL,'2026-04-24 15:17:57','2026-04-24 15:17:57'),(795,12,'2026-05-06','00:08:59','attendance/223a39ba-2cf8-4be7-8c83-536670d50be0.jpeg','Hadir','mengerikan ya memang','journal_photos/Fq1p3YzAs86fFovKPYotiUbE9r4yK79WpzxVs0oK.jpg','-8.2368791568253','114.35046941042',1,NULL,'2026-05-05 17:08:59','2026-05-05 17:09:27'),(796,20,'2026-05-06','22:45:47','attendance/3f797149-9daa-4182-811a-dabee21cef56.jpeg','Hadir','service kendaraan berat kalau di angkat ya','journal_photos/eu1UeXAQWwQ7630tEsOgYK4XctWKFmcN7Odjp8io.jpg','-8.2152706123983','114.35495138168',1,NULL,'2026-05-06 15:45:47','2026-05-07 16:12:58'),(797,20,'2026-05-05','00:07:41','journals/attendance/01KQZ46ZSC9JB1AQAXF1WNX5MR.jpeg','Sakit','Sakit','journals/01KQZ46ZT13B2N21A175KSAFHD.jpg','-6.1677000','106.7389000',1,NULL,'2026-05-06 17:08:49','2026-05-06 17:08:49'),(798,20,'2026-05-04','09:14:56','journals/attendance/01KQZ4C9NMFCTC50CJV2GJQFC0.png','Izin','keluar kota','journals/01KQZ4C9NQ84YXHXDJZB55NHSP.jpg','-6.1677000','106.7389000',1,NULL,'2026-05-06 17:11:43','2026-05-06 17:11:43'),(799,20,'2026-05-03','04:19:16',NULL,'Libur','Libur',NULL,'-6.1677000','106.7389000',1,NULL,'2026-05-06 17:21:38','2026-05-06 17:21:38'),(805,20,'2026-05-08','23:17:31',NULL,'Libur','Libur / Tanggal Merah',NULL,NULL,NULL,1,NULL,'2026-05-08 16:17:31','2026-05-11 17:05:34'),(806,12,'2026-05-09','22:40:54','attendance/b940a744-16fe-4ac5-88c6-e490f4d04c39.jpeg','Hadir','panen cabe','journal_photos/7TfRdJVATxBAbbQwfdyAXDMlpeJEDNugBF8qerX3.webp','-8.2368791568253','114.35046941042',1,NULL,'2026-05-09 15:40:54','2026-05-09 15:41:15'),(808,12,'2026-05-11','18:55:43','journals/attendance/31c9ac7c-fa60-4b25-94fc-692255ae730a.jpeg','Hadir','Jalan jalan','journals/4e4869f9-b797-48db-b359-2fd28e08e4c6.webp','-6.2259','106.8503',1,NULL,'2026-05-11 11:55:43','2026-05-11 12:08:27'),(811,20,'2026-05-11','23:29:39','journals/attendance/e5d9264f-48df-4d54-a733-40c57681938a.jpeg','Hadir','Cuci Mobil lagi','journals/de4a0236-5622-4095-8292-3287982a9128.jpeg','-6.1901','106.9061',1,NULL,'2026-05-11 16:29:39','2026-05-11 16:29:55'),(814,20,'2026-05-13','21:10:58','journals/attendance/2ad539fc-290c-419b-9d03-d45a02d866a1.jpeg','Hadir','',NULL,'-8.2367336195223','114.35053705544',1,NULL,'2026-05-13 14:10:58','2026-05-13 14:10:58'),(823,20,'2026-05-14','09:46:05','journals/attendance/c4990ddd-4eda-4ba5-9491-70acfc6c5005.jpeg','Hadir','Rasyaad nih bosque','journals/65c93b67-2497-4c89-b36f-e98f49e3e12d.jpg','-8.2368933967687','114.35050612311',0,'woke sip bro','2026-05-14 02:46:05','2026-05-14 03:53:57'),(824,26,'2026-05-14','15:41:32','journals/attendance/dafada9c-7ea2-4bd7-9165-b6b8cc306575.jpeg','Hadir','Okeoke bro','journals/ba153514-2ef0-484b-bcb1-e4a0708f56e8.png','0','0',1,NULL,'2026-05-14 08:41:32','2026-05-14 08:42:10');
/*!40000 ALTER TABLE `journals` ENABLE KEYS */;
UNLOCK TABLES;

--
-- Table structure for table `majors`
--

DROP TABLE IF EXISTS `majors`;
/*!40101 SET @saved_cs_client     = @@character_set_client */;
/*!50503 SET character_set_client = utf8mb4 */;
CREATE TABLE `majors` (
  `id` bigint unsigned NOT NULL AUTO_INCREMENT,
  `name` varchar(255) CHARACTER SET utf8mb4 COLLATE utf8mb4_unicode_ci NOT NULL,
  `program_keahlian` varchar(255) CHARACTER SET utf8mb4 COLLATE utf8mb4_unicode_ci DEFAULT NULL,
  `abbreviation` varchar(255) CHARACTER SET utf8mb4 COLLATE utf8mb4_unicode_ci DEFAULT NULL,
  `created_at` timestamp NULL DEFAULT NULL,
  `updated_at` timestamp NULL DEFAULT NULL,
  PRIMARY KEY (`id`)
) ENGINE=InnoDB AUTO_INCREMENT=4 DEFAULT CHARSET=utf8mb4 COLLATE=utf8mb4_unicode_ci;
/*!40101 SET character_set_client = @saved_cs_client */;

--
-- Dumping data for table `majors`
--

LOCK TABLES `majors` WRITE;
/*!40000 ALTER TABLE `majors` DISABLE KEYS */;
INSERT INTO `majors` VALUES (1,'Teknik Komputer Jaringan','Teknik Jaringan Komputer dan Telekomunikasi','TKJ','2026-04-16 15:20:38','2026-04-16 16:04:19'),(2,'Perhotelan','Pariwisata','PH','2026-04-16 15:20:48','2026-04-16 16:04:36');
/*!40000 ALTER TABLE `majors` ENABLE KEYS */;
UNLOCK TABLES;

--
-- Table structure for table `migrations`
--

DROP TABLE IF EXISTS `migrations`;
/*!40101 SET @saved_cs_client     = @@character_set_client */;
/*!50503 SET character_set_client = utf8mb4 */;
CREATE TABLE `migrations` (
  `id` int unsigned NOT NULL AUTO_INCREMENT,
  `migration` varchar(255) CHARACTER SET utf8mb4 COLLATE utf8mb4_unicode_ci NOT NULL,
  `batch` int NOT NULL,
  PRIMARY KEY (`id`)
) ENGINE=InnoDB AUTO_INCREMENT=56 DEFAULT CHARSET=utf8mb4 COLLATE=utf8mb4_unicode_ci;
/*!40101 SET character_set_client = @saved_cs_client */;

--
-- Dumping data for table `migrations`
--

LOCK TABLES `migrations` WRITE;
/*!40000 ALTER TABLE `migrations` DISABLE KEYS */;
INSERT INTO `migrations` VALUES (1,'0001_01_01_000000_create_users_table',1),(2,'0001_01_01_000001_create_cache_table',1),(3,'0001_01_01_000002_create_jobs_table',1),(4,'2026_04_14_145050_create_permission_tables',1),(5,'2026_04_14_155211_add_is_locked_to_users_table',1),(6,'2026_04_14_155216_create_academic_years_table',1),(7,'2026_04_14_155219_create_majors_table',1),(8,'2026_04_14_155221_create_student_classes_table',1),(9,'2026_04_14_155223_create_dudikas_table',1),(10,'2026_04_14_155225_create_teachers_table',1),(11,'2026_04_14_155227_create_students_table',1),(12,'2026_04_14_155228_create_pkl_placements_table',1),(13,'2026_04_14_155230_create_journals_table',1),(14,'2026_04_14_155410_create_monitorings_table',1),(15,'2026_04_16_015124_create_imports_table',1),(16,'2026_04_16_015125_create_exports_table',1),(17,'2026_04_16_015126_create_failed_import_rows_table',1),(18,'2026_04_16_024637_add_user_id_to_dudikas_table',1),(19,'2026_04_16_032328_create_notifications_table',1),(20,'2026_04_16_230051_add_nisn_to_students_table',2),(21,'2026_04_16_230053_add_program_keahlian_to_majors_table',2),(22,'2026_04_16_230936_add_name_to_teachers_table',3),(23,'2026_04_16_232127_add_title_to_teachers_table',4),(24,'2026_04_16_234310_change_signature_to_longtext_in_teachers',5),(25,'2026_04_17_175931_add_academic_year_id_to_students_table',6),(26,'2026_04_17_181249_add_name_to_students_table',7),(27,'2026_04_17_182735_add_phone_to_students_table',7),(28,'2026_04_17_215157_add_is_active_to_students_table',8),(29,'2026_04_17_231810_add_location_and_year_to_pkl_placements_table',9),(30,'2026_04_18_005852_create_school_profiles_table',10),(31,'2026_04_18_190803_add_location_to_dudikas_table',10),(32,'2026_04_19_220239_add_detail_fields_to_school_profiles_table',11),(33,'2026_04_19_232357_add_location_to_journals_table',12),(34,'2026_04_19_232433_add_radius_setting_to_school_profiles_table',12),(35,'2026_04_21_154232_add_attendance_photo_to_journals_table',13),(36,'2026_04_21_205929_change_attend_status_enum_in_journals_table',14),(37,'2026_04_21_215613_create_monitoring_schedules_table',15),(38,'2026_04_21_215649_add_schedule_id_to_monitorings_table',15),(39,'2026_04_21_221949_alter_monitorings_table_for_placement_id',16),(40,'2026_04_21_225414_create_assessment_elements_table',17),(41,'2026_04_21_225415_create_assessment_indicators_table',17),(42,'2026_04_21_225417_create_pkl_assessments_table',17),(43,'2026_04_21_225421_create_pkl_assessment_scores_table',17),(44,'2026_04_23_030812_create_assessment_schemes_table',18),(45,'2026_04_23_030814_alter_assessment_indicators_for_scheme',18),(46,'2026_04_23_030817_add_scheme_id_to_pkl_placements_table',18),(47,'2026_04_25_224306_add_kop_and_headmaster_to_school_profiles',19),(48,'2026_04_28_234910_add_cover_to_school_profiles_table',20),(49,'2026_05_01_122416_add_file_laporan_path_to_pkl_placements_table',21),(50,'2026_05_02_095437_add_is_teacher_signature_enabled_to_school_profiles_table',22),(51,'2026_05_02_233515_create_activity_log_table',23),(52,'2026_05_03_235307_create_announcements_table',24),(53,'2026_05_06_211428_add_avatar_to_students_table',25),(54,'2026_05_06_214303_add_app_logo_to_school_profiles_table',26),(55,'2026_05_13_001903_add_fcm_token_to_users_table',27);
/*!40000 ALTER TABLE `migrations` ENABLE KEYS */;
UNLOCK TABLES;

--
-- Table structure for table `model_has_permissions`
--

DROP TABLE IF EXISTS `model_has_permissions`;
/*!40101 SET @saved_cs_client     = @@character_set_client */;
/*!50503 SET character_set_client = utf8mb4 */;
CREATE TABLE `model_has_permissions` (
  `permission_id` bigint unsigned NOT NULL,
  `model_type` varchar(255) CHARACTER SET utf8mb4 COLLATE utf8mb4_unicode_ci NOT NULL,
  `model_id` bigint unsigned NOT NULL,
  PRIMARY KEY (`permission_id`,`model_id`,`model_type`),
  KEY `model_has_permissions_model_id_model_type_index` (`model_id`,`model_type`),
  CONSTRAINT `model_has_permissions_permission_id_foreign` FOREIGN KEY (`permission_id`) REFERENCES `permissions` (`id`) ON DELETE CASCADE
) ENGINE=InnoDB DEFAULT CHARSET=utf8mb4 COLLATE=utf8mb4_unicode_ci;
/*!40101 SET character_set_client = @saved_cs_client */;

--
-- Dumping data for table `model_has_permissions`
--

LOCK TABLES `model_has_permissions` WRITE;
/*!40000 ALTER TABLE `model_has_permissions` DISABLE KEYS */;
/*!40000 ALTER TABLE `model_has_permissions` ENABLE KEYS */;
UNLOCK TABLES;

--
-- Table structure for table `model_has_roles`
--

DROP TABLE IF EXISTS `model_has_roles`;
/*!40101 SET @saved_cs_client     = @@character_set_client */;
/*!50503 SET character_set_client = utf8mb4 */;
CREATE TABLE `model_has_roles` (
  `role_id` bigint unsigned NOT NULL,
  `model_type` varchar(255) CHARACTER SET utf8mb4 COLLATE utf8mb4_unicode_ci NOT NULL,
  `model_id` bigint unsigned NOT NULL,
  PRIMARY KEY (`role_id`,`model_id`,`model_type`),
  KEY `model_has_roles_model_id_model_type_index` (`model_id`,`model_type`),
  CONSTRAINT `model_has_roles_role_id_foreign` FOREIGN KEY (`role_id`) REFERENCES `roles` (`id`) ON DELETE CASCADE
) ENGINE=InnoDB DEFAULT CHARSET=utf8mb4 COLLATE=utf8mb4_unicode_ci;
/*!40101 SET character_set_client = @saved_cs_client */;

--
-- Dumping data for table `model_has_roles`
--

LOCK TABLES `model_has_roles` WRITE;
/*!40000 ALTER TABLE `model_has_roles` DISABLE KEYS */;
INSERT INTO `model_has_roles` VALUES (1,'App\\Models\\User',1),(2,'App\\Models\\User',35),(2,'App\\Models\\User',36),(2,'App\\Models\\User',37),(2,'App\\Models\\User',38),(2,'App\\Models\\User',39),(2,'App\\Models\\User',40),(2,'App\\Models\\User',41),(2,'App\\Models\\User',42),(2,'App\\Models\\User',43),(2,'App\\Models\\User',44),(2,'App\\Models\\User',45),(2,'App\\Models\\User',46),(2,'App\\Models\\User',49),(2,'App\\Models\\User',50),(2,'App\\Models\\User',51),(2,'App\\Models\\User',52),(2,'App\\Models\\User',53),(2,'App\\Models\\User',54),(2,'App\\Models\\User',55),(2,'App\\Models\\User',56),(2,'App\\Models\\User',57),(2,'App\\Models\\User',58),(2,'App\\Models\\User',59),(2,'App\\Models\\User',60),(2,'App\\Models\\User',61),(2,'App\\Models\\User',62),(2,'App\\Models\\User',63),(2,'App\\Models\\User',64),(2,'App\\Models\\User',65),(2,'App\\Models\\User',66),(2,'App\\Models\\User',67),(2,'App\\Models\\User',68),(2,'App\\Models\\User',69),(2,'App\\Models\\User',70),(2,'App\\Models\\User',71),(2,'App\\Models\\User',72),(2,'App\\Models\\User',73),(2,'App\\Models\\User',74),(2,'App\\Models\\User',75),(2,'App\\Models\\User',76),(2,'App\\Models\\User',77),(2,'App\\Models\\User',78),(2,'App\\Models\\User',79),(2,'App\\Models\\User',80),(2,'App\\Models\\User',81),(2,'App\\Models\\User',82),(2,'App\\Models\\User',83),(2,'App\\Models\\User',84),(2,'App\\Models\\User',85),(2,'App\\Models\\User',86),(2,'App\\Models\\User',87),(2,'App\\Models\\User',88),(2,'App\\Models\\User',89),(2,'App\\Models\\User',90),(2,'App\\Models\\User',91),(2,'App\\Models\\User',92),(2,'App\\Models\\User',93),(2,'App\\Models\\User',94),(2,'App\\Models\\User',95),(2,'App\\Models\\User',96),(2,'App\\Models\\User',97),(2,'App\\Models\\User',98),(2,'App\\Models\\User',99),(2,'App\\Models\\User',100),(2,'App\\Models\\User',101),(2,'App\\Models\\User',102),(2,'App\\Models\\User',103),(2,'App\\Models\\User',104),(2,'App\\Models\\User',105),(2,'App\\Models\\User',106),(2,'App\\Models\\User',107),(2,'App\\Models\\User',108),(2,'App\\Models\\User',109),(2,'App\\Models\\User',110),(2,'App\\Models\\User',111),(2,'App\\Models\\User',112),(2,'App\\Models\\User',113),(2,'App\\Models\\User',114),(3,'App\\Models\\User',133),(3,'App\\Models\\User',134),(3,'App\\Models\\User',135),(3,'App\\Models\\User',136),(3,'App\\Models\\User',137),(3,'App\\Models\\User',138),(3,'App\\Models\\User',139),(3,'App\\Models\\User',140),(3,'App\\Models\\User',141),(3,'App\\Models\\User',142),(3,'App\\Models\\User',143),(3,'App\\Models\\User',144),(3,'App\\Models\\User',145),(3,'App\\Models\\User',146),(3,'App\\Models\\User',147),(3,'App\\Models\\User',148),(3,'App\\Models\\User',149),(3,'App\\Models\\User',150),(3,'App\\Models\\User',151),(3,'App\\Models\\User',152),(3,'App\\Models\\User',153),(3,'App\\Models\\User',154),(3,'App\\Models\\User',155),(3,'App\\Models\\User',156),(4,'App\\Models\\User',185),(4,'App\\Models\\User',186),(4,'App\\Models\\User',187),(4,'App\\Models\\User',188),(4,'App\\Models\\User',189),(4,'App\\Models\\User',190),(4,'App\\Models\\User',191),(4,'App\\Models\\User',192),(4,'App\\Models\\User',193),(4,'App\\Models\\User',194),(4,'App\\Models\\User',195),(4,'App\\Models\\User',196),(4,'App\\Models\\User',197),(4,'App\\Models\\User',198),(4,'App\\Models\\User',199),(4,'App\\Models\\User',200),(4,'App\\Models\\User',201),(4,'App\\Models\\User',202),(4,'App\\Models\\User',203),(4,'App\\Models\\User',204),(4,'App\\Models\\User',205),(4,'App\\Models\\User',206),(4,'App\\Models\\User',207),(4,'App\\Models\\User',208),(4,'App\\Models\\User',209),(4,'App\\Models\\User',210),(4,'App\\Models\\User',211),(4,'App\\Models\\User',212),(4,'App\\Models\\User',213),(4,'App\\Models\\User',214),(4,'App\\Models\\User',215),(4,'App\\Models\\User',216),(2,'App\\Models\\User',217),(2,'App\\Models\\User',218),(2,'App\\Models\\User',219),(4,'App\\Models\\User',220),(4,'App\\Models\\User',221),(4,'App\\Models\\User',222),(4,'App\\Models\\User',223),(4,'App\\Models\\User',224),(4,'App\\Models\\User',225),(4,'App\\Models\\User',226),(4,'App\\Models\\User',227),(4,'App\\Models\\User',228),(4,'App\\Models\\User',229),(4,'App\\Models\\User',230),(4,'App\\Models\\User',231),(4,'App\\Models\\User',232),(4,'App\\Models\\User',233),(4,'App\\Models\\User',234),(4,'App\\Models\\User',235),(4,'App\\Models\\User',236),(4,'App\\Models\\User',237),(4,'App\\Models\\User',238),(4,'App\\Models\\User',239),(2,'App\\Models\\User',241);
/*!40000 ALTER TABLE `model_has_roles` ENABLE KEYS */;
UNLOCK TABLES;

--
-- Table structure for table `monitoring_schedules`
--

DROP TABLE IF EXISTS `monitoring_schedules`;
/*!40101 SET @saved_cs_client     = @@character_set_client */;
/*!50503 SET character_set_client = utf8mb4 */;
CREATE TABLE `monitoring_schedules` (
  `id` bigint unsigned NOT NULL AUTO_INCREMENT,
  `name` varchar(255) CHARACTER SET utf8mb4 COLLATE utf8mb4_unicode_ci NOT NULL,
  `start_date` date NOT NULL,
  `end_date` date NOT NULL,
  `is_active` tinyint(1) NOT NULL DEFAULT '1',
  `created_at` timestamp NULL DEFAULT NULL,
  `updated_at` timestamp NULL DEFAULT NULL,
  PRIMARY KEY (`id`)
) ENGINE=InnoDB AUTO_INCREMENT=9 DEFAULT CHARSET=utf8mb4 COLLATE=utf8mb4_unicode_ci;
/*!40101 SET character_set_client = @saved_cs_client */;

--
-- Dumping data for table `monitoring_schedules`
--

LOCK TABLES `monitoring_schedules` WRITE;
/*!40000 ALTER TABLE `monitoring_schedules` DISABLE KEYS */;
INSERT INTO `monitoring_schedules` VALUES (1,'Pengantaran Siswa PKL','2026-05-11','2026-05-15',1,'2026-04-21 15:30:20','2026-05-14 03:57:54'),(2,'Monitoring ke 1 Siswa PKL','2026-04-30','2026-04-30',0,'2026-04-30 15:31:24','2026-05-10 07:06:31'),(3,'Monitoring ke 2 Siswa PKL','2026-05-01','2026-05-04',0,'2026-04-30 15:31:59','2026-05-12 16:33:48'),(4,'Monitoring ke 3 Siswa PKL','2026-05-05','2026-05-05',0,'2026-04-30 15:32:19','2026-05-10 07:06:30'),(5,'Monitoring ke 4 Siswa PKL','2026-05-06','2026-05-07',0,'2026-04-30 15:32:34','2026-05-10 16:46:49'),(6,'Penarikan Siswa PKL','2026-05-10','2026-05-10',0,'2026-04-30 15:32:50','2026-05-11 10:54:54');
/*!40000 ALTER TABLE `monitoring_schedules` ENABLE KEYS */;
UNLOCK TABLES;

--
-- Table structure for table `monitorings`
--

DROP TABLE IF EXISTS `monitorings`;
/*!40101 SET @saved_cs_client     = @@character_set_client */;
/*!50503 SET character_set_client = utf8mb4 */;
CREATE TABLE `monitorings` (
  `id` bigint unsigned NOT NULL AUTO_INCREMENT,
  `monitoring_schedule_id` bigint unsigned DEFAULT NULL,
  `pkl_placement_id` bigint unsigned NOT NULL,
  `date` date NOT NULL,
  `time` time NOT NULL,
  `activity` text CHARACTER SET utf8mb4 COLLATE utf8mb4_unicode_ci NOT NULL,
  `photo_path` varchar(255) CHARACTER SET utf8mb4 COLLATE utf8mb4_unicode_ci DEFAULT NULL,
  `created_at` timestamp NULL DEFAULT NULL,
  `updated_at` timestamp NULL DEFAULT NULL,
  PRIMARY KEY (`id`),
  KEY `monitorings_monitoring_schedule_id_foreign` (`monitoring_schedule_id`),
  KEY `monitorings_pkl_placement_id_foreign` (`pkl_placement_id`),
  CONSTRAINT `monitorings_monitoring_schedule_id_foreign` FOREIGN KEY (`monitoring_schedule_id`) REFERENCES `monitoring_schedules` (`id`) ON DELETE CASCADE,
  CONSTRAINT `monitorings_pkl_placement_id_foreign` FOREIGN KEY (`pkl_placement_id`) REFERENCES `pkl_placements` (`id`) ON DELETE CASCADE
) ENGINE=InnoDB AUTO_INCREMENT=89 DEFAULT CHARSET=utf8mb4 COLLATE=utf8mb4_unicode_ci;
/*!40101 SET character_set_client = @saved_cs_client */;

--
-- Dumping data for table `monitorings`
--

LOCK TABLES `monitorings` WRITE;
/*!40000 ALTER TABLE `monitorings` DISABLE KEYS */;
INSERT INTO `monitorings` VALUES (39,1,15,'2026-05-02','13:13:03','Pengantaran Siswa PKL','monitorings/01KQKN42238SY8HR04F6HVVKR6.jpg','2026-05-02 06:13:26','2026-05-02 06:13:26'),(40,1,16,'2026-05-02','13:13:03','Pengantaran Siswa PKL','monitorings/01KQKN42238SY8HR04F6HVVKR6.jpg','2026-05-02 06:13:26','2026-05-02 06:13:26'),(41,1,17,'2026-05-02','13:13:03','Pengantaran Siswa PKL','monitorings/01KQKN42238SY8HR04F6HVVKR6.jpg','2026-05-02 06:13:26','2026-05-02 06:13:26'),(42,2,15,'2026-05-03','13:20:20','Monitoring ke 1 Siswa PKL','monitorings/01KQKNHNWZCGNW699Z66SQ39GB.jpg','2026-05-02 06:20:52','2026-05-02 06:20:52'),(43,2,16,'2026-05-03','13:20:20','Monitoring ke 1 Siswa PKL','monitorings/01KQKNHNWZCGNW699Z66SQ39GB.jpg','2026-05-02 06:20:52','2026-05-02 06:20:52'),(44,2,17,'2026-05-03','13:20:20','Monitoring ke 1 Siswa PKL','monitorings/01KQKNHNWZCGNW699Z66SQ39GB.jpg','2026-05-02 06:20:52','2026-05-02 06:20:52'),(45,1,12,'2026-05-02','13:22:21','Pengantaran Siswa PKL','monitorings/01KQKNN51B3F1GEZM1BFJW6HXG.png','2026-05-02 06:22:46','2026-05-02 06:22:46'),(46,1,13,'2026-05-02','13:22:21','Pengantaran Siswa PKL','monitorings/01KQKNN51B3F1GEZM1BFJW6HXG.png','2026-05-02 06:22:46','2026-05-02 06:22:46'),(47,1,14,'2026-05-02','13:22:21','Pengantaran Siswa PKL','monitorings/01KQKNN51B3F1GEZM1BFJW6HXG.png','2026-05-02 06:22:46','2026-05-02 06:22:46'),(48,2,12,'2026-05-03','13:23:13','Monitoring ke 1 Siswa PKL','monitorings/01KQKNPT9V7F6393BHX7C3HV47.jpg','2026-05-02 06:23:40','2026-05-02 06:23:40'),(49,2,13,'2026-05-03','13:23:13','Monitoring ke 1 Siswa PKL','monitorings/01KQKNPT9V7F6393BHX7C3HV47.jpg','2026-05-02 06:23:40','2026-05-02 06:23:40'),(50,2,14,'2026-05-03','13:23:13','Monitoring ke 1 Siswa PKL','monitorings/01KQKNPT9V7F6393BHX7C3HV47.jpg','2026-05-02 06:23:40','2026-05-02 06:23:40'),(51,4,12,'2026-05-02','13:23:57','Monitoring ke 3 Siswa PKL','monitorings/01KQKNQY0P3WBN1G8NBMX93FXN.jpg','2026-05-02 06:24:17','2026-05-02 06:24:17'),(52,4,13,'2026-05-02','13:23:57','Monitoring ke 3 Siswa PKL','monitorings/01KQKNQY0P3WBN1G8NBMX93FXN.jpg','2026-05-02 06:24:17','2026-05-02 06:24:17'),(53,4,14,'2026-05-02','13:23:57','Monitoring ke 3 Siswa PKL','monitorings/01KQKNQY0P3WBN1G8NBMX93FXN.jpg','2026-05-02 06:24:17','2026-05-02 06:24:17'),(54,3,12,'2026-05-04','13:26:39','Monitoring ke 2 Siswa PKL','monitorings/01KQKNXC5Y51027D2EZKJVJJK3.jpg','2026-05-02 06:27:15','2026-05-02 06:27:15'),(55,3,13,'2026-05-04','13:26:39','Monitoring ke 2 Siswa PKL','monitorings/01KQKNXC5Y51027D2EZKJVJJK3.jpg','2026-05-02 06:27:15','2026-05-02 06:27:15'),(56,3,14,'2026-05-04','13:26:39','Monitoring ke 2 Siswa PKL','monitorings/01KQKNXC5Y51027D2EZKJVJJK3.jpg','2026-05-02 06:27:15','2026-05-02 06:27:15'),(57,5,12,'2026-06-06','13:27:15','Monitoring ke 4 Siswa PKL','monitorings/01KQKP06475NT2WNGTJTKFY5GS.jpg','2026-05-02 06:28:47','2026-05-11 11:33:48'),(58,5,13,'2026-06-06','13:27:15','Monitoring ke 4 Siswa PKL','monitorings/01KQKP06475NT2WNGTJTKFY5GS.jpg','2026-05-02 06:28:47','2026-05-11 11:33:48'),(59,5,14,'2026-06-06','13:27:15','Monitoring ke 4 Siswa PKL','monitorings/01KQKP06475NT2WNGTJTKFY5GS.jpg','2026-05-02 06:28:47','2026-05-11 11:33:48'),(71,2,23,'2026-05-03','23:27:51','Monitoring ke 1 Siswa PKL','monitorings/01KQQAPNAAT8RZ5Z4YSSX6Q818.png','2026-05-03 16:28:19','2026-05-03 16:28:19'),(72,2,24,'2026-05-03','23:27:51','Monitoring ke 1 Siswa PKL','monitorings/01KQQAPNAAT8RZ5Z4YSSX6Q818.png','2026-05-03 16:28:19','2026-05-03 16:28:19'),(73,3,18,'2026-05-03','23:38:33','Monitoring ke 2 Siswa PKL','monitorings/gzH2tqzZBkLN37WGjlY0wEUJjd8NKTax04JusqX8.jpg','2026-05-03 16:38:54','2026-05-12 16:32:52'),(74,3,19,'2026-05-03','23:38:33','Monitoring ke 2 Siswa PKL','monitorings/gzH2tqzZBkLN37WGjlY0wEUJjd8NKTax04JusqX8.jpg','2026-05-03 16:38:54','2026-05-12 16:32:52'),(75,3,20,'2026-05-03','23:38:33','Monitoring ke 2 Siswa PKL','monitorings/gzH2tqzZBkLN37WGjlY0wEUJjd8NKTax04JusqX8.jpg','2026-05-03 16:38:54','2026-05-12 16:32:52'),(86,1,18,'2026-05-14','11:11:03','Pengantaran Siswa PKL','monitorings/sSOtgEHr4dy4uMapZGxkvOIiwg0qexBMs9fR3GvX.jpg','2026-05-14 04:11:03','2026-05-14 04:11:03'),(87,1,19,'2026-05-14','11:11:03','Pengantaran Siswa PKL','monitorings/sSOtgEHr4dy4uMapZGxkvOIiwg0qexBMs9fR3GvX.jpg','2026-05-14 04:11:03','2026-05-14 04:11:03'),(88,1,20,'2026-05-14','11:11:03','Pengantaran Siswa PKL','monitorings/sSOtgEHr4dy4uMapZGxkvOIiwg0qexBMs9fR3GvX.jpg','2026-05-14 04:11:03','2026-05-14 04:11:03');
/*!40000 ALTER TABLE `monitorings` ENABLE KEYS */;
UNLOCK TABLES;

--
-- Table structure for table `notifications`
--

DROP TABLE IF EXISTS `notifications`;
/*!40101 SET @saved_cs_client     = @@character_set_client */;
/*!50503 SET character_set_client = utf8mb4 */;
CREATE TABLE `notifications` (
  `id` char(36) CHARACTER SET utf8mb4 COLLATE utf8mb4_unicode_ci NOT NULL,
  `type` varchar(255) CHARACTER SET utf8mb4 COLLATE utf8mb4_unicode_ci NOT NULL,
  `notifiable_type` varchar(255) CHARACTER SET utf8mb4 COLLATE utf8mb4_unicode_ci NOT NULL,
  `notifiable_id` bigint unsigned NOT NULL,
  `data` text CHARACTER SET utf8mb4 COLLATE utf8mb4_unicode_ci NOT NULL,
  `read_at` timestamp NULL DEFAULT NULL,
  `created_at` timestamp NULL DEFAULT NULL,
  `updated_at` timestamp NULL DEFAULT NULL,
  PRIMARY KEY (`id`),
  KEY `notifications_notifiable_type_notifiable_id_index` (`notifiable_type`,`notifiable_id`)
) ENGINE=InnoDB DEFAULT CHARSET=utf8mb4 COLLATE=utf8mb4_unicode_ci;
/*!40101 SET character_set_client = @saved_cs_client */;

--
-- Dumping data for table `notifications`
--

LOCK TABLES `notifications` WRITE;
/*!40000 ALTER TABLE `notifications` DISABLE KEYS */;
INSERT INTO `notifications` VALUES ('08b7777f-c259-4197-8b3a-85bc9a52ed2b','Filament\\Notifications\\DatabaseNotification','App\\Models\\User',135,'{\"actions\":[],\"body\":\"Laporan PKL atas nama Fairuz Annafi sudah siap diunduh.\",\"color\":null,\"duration\":\"persistent\",\"icon\":\"heroicon-o-check-circle\",\"iconColor\":\"success\",\"status\":\"success\",\"title\":\"Generate Laporan Selesai!\",\"view\":null,\"viewData\":[],\"format\":\"filament\"}',NULL,'2026-05-11 15:57:11','2026-05-11 15:57:11'),('1da5de18-72a0-4f4c-9040-f846c7f84743','Filament\\Notifications\\DatabaseNotification','App\\Models\\User',152,'{\"actions\":[],\"body\":\"Laporan PKL atas nama M. Agista Cahyani Putri sudah siap diunduh.\",\"color\":null,\"duration\":\"persistent\",\"icon\":\"heroicon-o-check-circle\",\"iconColor\":\"success\",\"status\":\"success\",\"title\":\"Generate Laporan Selesai!\",\"view\":null,\"viewData\":[],\"format\":\"filament\"}',NULL,'2026-05-14 03:01:34','2026-05-14 03:01:34'),('215ddd5e-c10d-4089-a9ce-83c9595aa373','Filament\\Notifications\\DatabaseNotification','App\\Models\\User',135,'{\"actions\":[],\"body\":\"Laporan PKL atas nama Fairuz Annafi sudah siap diunduh.\",\"color\":null,\"duration\":\"persistent\",\"icon\":\"heroicon-o-check-circle\",\"iconColor\":\"success\",\"status\":\"success\",\"title\":\"Generate Laporan Selesai!\",\"view\":null,\"viewData\":[],\"format\":\"filament\"}',NULL,'2026-05-11 12:22:27','2026-05-11 12:22:27'),('37f0ac90-afa7-4e81-bd23-940895c245cf','Filament\\Notifications\\DatabaseNotification','App\\Models\\User',135,'{\"actions\":[],\"body\":\"Laporan PKL atas nama Fairuz Annafi sudah siap diunduh.\",\"color\":null,\"duration\":\"persistent\",\"icon\":\"heroicon-o-check-circle\",\"iconColor\":\"success\",\"status\":\"success\",\"title\":\"Generate Laporan Selesai!\",\"view\":null,\"viewData\":[],\"format\":\"filament\"}',NULL,'2026-05-11 15:41:05','2026-05-11 15:41:05'),('507524a2-19a3-44e2-b117-0886d06350cf','Filament\\Notifications\\DatabaseNotification','App\\Models\\User',135,'{\"actions\":[],\"body\":\"Laporan PKL atas nama Moch Riski Azizi sudah siap diunduh.\",\"color\":null,\"duration\":\"persistent\",\"icon\":\"heroicon-o-check-circle\",\"iconColor\":\"success\",\"status\":\"success\",\"title\":\"Generate Laporan Selesai!\",\"view\":null,\"viewData\":[],\"format\":\"filament\"}',NULL,'2026-05-11 11:22:45','2026-05-11 11:22:45'),('53ba264f-1a1f-41cb-a772-d262d1c19794','Filament\\Notifications\\DatabaseNotification','App\\Models\\User',135,'{\"actions\":[],\"body\":\"Laporan PKL atas nama Fairuz Annafi sudah siap diunduh.\",\"color\":null,\"duration\":\"persistent\",\"icon\":\"heroicon-o-check-circle\",\"iconColor\":\"success\",\"status\":\"success\",\"title\":\"Generate Laporan Selesai!\",\"view\":null,\"viewData\":[],\"format\":\"filament\"}',NULL,'2026-05-11 11:07:15','2026-05-11 11:07:15'),('58fb65be-60e7-4357-b7e9-a1fbe233954a','Filament\\Notifications\\DatabaseNotification','App\\Models\\User',135,'{\"actions\":[],\"body\":\"Laporan PKL atas nama Fairuz Annafi sudah siap diunduh.\",\"color\":null,\"duration\":\"persistent\",\"icon\":\"heroicon-o-check-circle\",\"iconColor\":\"success\",\"status\":\"success\",\"title\":\"Generate Laporan Selesai!\",\"view\":null,\"viewData\":[],\"format\":\"filament\"}',NULL,'2026-05-11 12:45:13','2026-05-11 12:45:13'),('62eadb06-dc90-41a6-8e42-35486f2e545b','Filament\\Notifications\\DatabaseNotification','App\\Models\\User',135,'{\"actions\":[],\"body\":\"Laporan PKL atas nama Fairuz Annafi sudah siap diunduh.\",\"color\":null,\"duration\":\"persistent\",\"icon\":\"heroicon-o-check-circle\",\"iconColor\":\"success\",\"status\":\"success\",\"title\":\"Generate Laporan Selesai!\",\"view\":null,\"viewData\":[],\"format\":\"filament\"}',NULL,'2026-05-11 12:09:37','2026-05-11 12:09:37'),('63d41eab-c139-4dac-9d89-56d4436038e2','Filament\\Notifications\\DatabaseNotification','App\\Models\\User',1,'{\"actions\":[],\"body\":\"Laporan PKL atas nama Fairuz Annafi sudah siap diunduh.\",\"color\":null,\"duration\":\"persistent\",\"icon\":\"heroicon-o-check-circle\",\"iconColor\":\"success\",\"status\":\"success\",\"title\":\"Generate Laporan Selesai!\",\"view\":null,\"viewData\":[],\"format\":\"filament\"}',NULL,'2026-05-09 10:59:41','2026-05-09 10:59:41'),('81515225-b6b5-4190-b13e-a9d801d6a5b1','Filament\\Notifications\\DatabaseNotification','App\\Models\\User',135,'{\"actions\":[],\"body\":\"Laporan PKL atas nama Fairuz Annafi sudah siap diunduh.\",\"color\":null,\"duration\":\"persistent\",\"icon\":\"heroicon-o-check-circle\",\"iconColor\":\"success\",\"status\":\"success\",\"title\":\"Generate Laporan Selesai!\",\"view\":null,\"viewData\":[],\"format\":\"filament\"}',NULL,'2026-05-11 16:35:03','2026-05-11 16:35:03'),('91b23f33-e6df-4e55-bf70-fd91d05faf83','Filament\\Notifications\\DatabaseNotification','App\\Models\\User',135,'{\"actions\":[],\"body\":\"Laporan PKL atas nama Fairuz Annafi sudah siap diunduh.\",\"color\":null,\"duration\":\"persistent\",\"icon\":\"heroicon-o-check-circle\",\"iconColor\":\"success\",\"status\":\"success\",\"title\":\"Generate Laporan Selesai!\",\"view\":null,\"viewData\":[],\"format\":\"filament\"}',NULL,'2026-05-11 15:23:09','2026-05-11 15:23:09'),('a2d96fd1-cc20-4e61-83ca-bacf2b9cb662','Filament\\Notifications\\DatabaseNotification','App\\Models\\User',135,'{\"actions\":[],\"body\":\"Laporan PKL atas nama Fairuz Annafi sudah siap diunduh.\",\"color\":null,\"duration\":\"persistent\",\"icon\":\"heroicon-o-check-circle\",\"iconColor\":\"success\",\"status\":\"success\",\"title\":\"Generate Laporan Selesai!\",\"view\":null,\"viewData\":[],\"format\":\"filament\"}',NULL,'2026-05-11 15:59:16','2026-05-11 15:59:16'),('a769cbd9-c170-4ecb-8b86-d04a3ef931d9','Filament\\Notifications\\DatabaseNotification','App\\Models\\User',135,'{\"actions\":[],\"body\":\"Laporan PKL atas nama Fairuz Annafi sudah siap diunduh.\",\"color\":null,\"duration\":\"persistent\",\"icon\":\"heroicon-o-check-circle\",\"iconColor\":\"success\",\"status\":\"success\",\"title\":\"Generate Laporan Selesai!\",\"view\":null,\"viewData\":[],\"format\":\"filament\"}',NULL,'2026-05-11 16:30:08','2026-05-11 16:30:08'),('ace6c623-2f93-4af0-8442-fe32f66a5abc','Filament\\Notifications\\DatabaseNotification','App\\Models\\User',135,'{\"actions\":[],\"body\":\"Laporan PKL atas nama Fairuz Annafi sudah siap diunduh.\",\"color\":null,\"duration\":\"persistent\",\"icon\":\"heroicon-o-check-circle\",\"iconColor\":\"success\",\"status\":\"success\",\"title\":\"Generate Laporan Selesai!\",\"view\":null,\"viewData\":[],\"format\":\"filament\"}',NULL,'2026-05-11 15:33:21','2026-05-11 15:33:21'),('bb1daa06-3e33-4dcd-84de-3272357171d9','Filament\\Notifications\\DatabaseNotification','App\\Models\\User',135,'{\"actions\":[],\"body\":\"Laporan PKL atas nama Fairuz Annafi sudah siap diunduh.\",\"color\":null,\"duration\":\"persistent\",\"icon\":\"heroicon-o-check-circle\",\"iconColor\":\"success\",\"status\":\"success\",\"title\":\"Generate Laporan Selesai!\",\"view\":null,\"viewData\":[],\"format\":\"filament\"}',NULL,'2026-05-11 12:25:45','2026-05-11 12:25:45'),('bcccd523-7491-41af-b751-121b9095947d','Filament\\Notifications\\DatabaseNotification','App\\Models\\User',135,'{\"actions\":[],\"body\":\"Laporan PKL atas nama Fairuz Annafi sudah siap diunduh.\",\"color\":null,\"duration\":\"persistent\",\"icon\":\"heroicon-o-check-circle\",\"iconColor\":\"success\",\"status\":\"success\",\"title\":\"Generate Laporan Selesai!\",\"view\":null,\"viewData\":[],\"format\":\"filament\"}',NULL,'2026-05-11 14:39:45','2026-05-11 14:39:45'),('bf101eb0-81f1-47c3-8a92-f870150123e3','Filament\\Notifications\\DatabaseNotification','App\\Models\\User',135,'{\"actions\":[],\"body\":\"Laporan PKL atas nama Fairuz Annafi sudah siap diunduh.\",\"color\":null,\"duration\":\"persistent\",\"icon\":\"heroicon-o-check-circle\",\"iconColor\":\"success\",\"status\":\"success\",\"title\":\"Generate Laporan Selesai!\",\"view\":null,\"viewData\":[],\"format\":\"filament\"}',NULL,'2026-05-11 12:20:57','2026-05-11 12:20:57'),('c21b5ddd-1b76-4a5e-820a-675d5784a2d3','Filament\\Notifications\\DatabaseNotification','App\\Models\\User',135,'{\"actions\":[],\"body\":\"Laporan PKL atas nama Fairuz Annafi sudah siap diunduh.\",\"color\":null,\"duration\":\"persistent\",\"icon\":\"heroicon-o-check-circle\",\"iconColor\":\"success\",\"status\":\"success\",\"title\":\"Generate Laporan Selesai!\",\"view\":null,\"viewData\":[],\"format\":\"filament\"}',NULL,'2026-05-11 12:13:45','2026-05-11 12:13:45'),('c2e8cf51-73be-480c-9504-543a7bd609e1','Filament\\Notifications\\DatabaseNotification','App\\Models\\User',135,'{\"actions\":[],\"body\":\"Laporan PKL atas nama Fairuz Annafi sudah siap diunduh.\",\"color\":null,\"duration\":\"persistent\",\"icon\":\"heroicon-o-check-circle\",\"iconColor\":\"success\",\"status\":\"success\",\"title\":\"Generate Laporan Selesai!\",\"view\":null,\"viewData\":[],\"format\":\"filament\"}',NULL,'2026-05-11 14:23:34','2026-05-11 14:23:34'),('cde7a02f-d459-419c-ad9d-729a1980eeb2','Filament\\Notifications\\DatabaseNotification','App\\Models\\User',135,'{\"actions\":[],\"body\":\"Laporan PKL atas nama Fairuz Annafi sudah siap diunduh.\",\"color\":null,\"duration\":\"persistent\",\"icon\":\"heroicon-o-check-circle\",\"iconColor\":\"success\",\"status\":\"success\",\"title\":\"Generate Laporan Selesai!\",\"view\":null,\"viewData\":[],\"format\":\"filament\"}',NULL,'2026-05-11 14:27:34','2026-05-11 14:27:34'),('cf1e99d8-492b-4391-a162-78867a9f7bcc','Filament\\Notifications\\DatabaseNotification','App\\Models\\User',135,'{\"actions\":[],\"body\":\"Laporan PKL atas nama Fairuz Annafi sudah siap diunduh.\",\"color\":null,\"duration\":\"persistent\",\"icon\":\"heroicon-o-check-circle\",\"iconColor\":\"success\",\"status\":\"success\",\"title\":\"Generate Laporan Selesai!\",\"view\":null,\"viewData\":[],\"format\":\"filament\"}',NULL,'2026-05-11 10:38:36','2026-05-11 10:38:36'),('d843fad8-c93e-4816-9c1a-54e358204316','Filament\\Notifications\\DatabaseNotification','App\\Models\\User',135,'{\"actions\":[],\"body\":\"Laporan PKL atas nama Fairuz Annafi sudah siap diunduh.\",\"color\":null,\"duration\":\"persistent\",\"icon\":\"heroicon-o-check-circle\",\"iconColor\":\"success\",\"status\":\"success\",\"title\":\"Generate Laporan Selesai!\",\"view\":null,\"viewData\":[],\"format\":\"filament\"}',NULL,'2026-05-11 12:05:45','2026-05-11 12:05:45'),('dd8b5937-2972-4c0a-8dc7-dae0bc9ba44c','Filament\\Notifications\\DatabaseNotification','App\\Models\\User',135,'{\"actions\":[],\"body\":\"Laporan PKL atas nama Fairuz Annafi sudah siap diunduh.\",\"color\":null,\"duration\":\"persistent\",\"icon\":\"heroicon-o-check-circle\",\"iconColor\":\"success\",\"status\":\"success\",\"title\":\"Generate Laporan Selesai!\",\"view\":null,\"viewData\":[],\"format\":\"filament\"}',NULL,'2026-05-11 15:09:24','2026-05-11 15:09:24'),('f05bdc51-4773-414f-9f37-d892dcba67c5','Filament\\Notifications\\DatabaseNotification','App\\Models\\User',135,'{\"actions\":[],\"body\":\"Laporan PKL atas nama Fairuz Annafi sudah siap diunduh.\",\"color\":null,\"duration\":\"persistent\",\"icon\":\"heroicon-o-check-circle\",\"iconColor\":\"success\",\"status\":\"success\",\"title\":\"Generate Laporan Selesai!\",\"view\":null,\"viewData\":[],\"format\":\"filament\"}',NULL,'2026-05-11 16:40:26','2026-05-11 16:40:26'),('f3270c07-e8c8-4c62-939f-b4255f5243f0','Filament\\Notifications\\DatabaseNotification','App\\Models\\User',135,'{\"actions\":[],\"body\":\"Laporan PKL atas nama Fairuz Annafi sudah siap diunduh.\",\"color\":null,\"duration\":\"persistent\",\"icon\":\"heroicon-o-check-circle\",\"iconColor\":\"success\",\"status\":\"success\",\"title\":\"Generate Laporan Selesai!\",\"view\":null,\"viewData\":[],\"format\":\"filament\"}',NULL,'2026-05-11 12:02:13','2026-05-11 12:02:13'),('fb90cd2b-7b6b-4ff9-a029-ef90102cb72a','Filament\\Notifications\\DatabaseNotification','App\\Models\\User',135,'{\"actions\":[],\"body\":\"Laporan PKL atas nama Fairuz Annafi sudah siap diunduh.\",\"color\":null,\"duration\":\"persistent\",\"icon\":\"heroicon-o-check-circle\",\"iconColor\":\"success\",\"status\":\"success\",\"title\":\"Generate Laporan Selesai!\",\"view\":null,\"viewData\":[],\"format\":\"filament\"}',NULL,'2026-05-11 14:35:55','2026-05-11 14:35:55');
/*!40000 ALTER TABLE `notifications` ENABLE KEYS */;
UNLOCK TABLES;

--
-- Table structure for table `password_reset_tokens`
--

DROP TABLE IF EXISTS `password_reset_tokens`;
/*!40101 SET @saved_cs_client     = @@character_set_client */;
/*!50503 SET character_set_client = utf8mb4 */;
CREATE TABLE `password_reset_tokens` (
  `email` varchar(255) CHARACTER SET utf8mb4 COLLATE utf8mb4_unicode_ci NOT NULL,
  `token` varchar(255) CHARACTER SET utf8mb4 COLLATE utf8mb4_unicode_ci NOT NULL,
  `created_at` timestamp NULL DEFAULT NULL,
  PRIMARY KEY (`email`)
) ENGINE=InnoDB DEFAULT CHARSET=utf8mb4 COLLATE=utf8mb4_unicode_ci;
/*!40101 SET character_set_client = @saved_cs_client */;

--
-- Dumping data for table `password_reset_tokens`
--

LOCK TABLES `password_reset_tokens` WRITE;
/*!40000 ALTER TABLE `password_reset_tokens` DISABLE KEYS */;
/*!40000 ALTER TABLE `password_reset_tokens` ENABLE KEYS */;
UNLOCK TABLES;

--
-- Table structure for table `permissions`
--

DROP TABLE IF EXISTS `permissions`;
/*!40101 SET @saved_cs_client     = @@character_set_client */;
/*!50503 SET character_set_client = utf8mb4 */;
CREATE TABLE `permissions` (
  `id` bigint unsigned NOT NULL AUTO_INCREMENT,
  `name` varchar(255) CHARACTER SET utf8mb4 COLLATE utf8mb4_unicode_ci NOT NULL,
  `guard_name` varchar(255) CHARACTER SET utf8mb4 COLLATE utf8mb4_unicode_ci NOT NULL,
  `created_at` timestamp NULL DEFAULT NULL,
  `updated_at` timestamp NULL DEFAULT NULL,
  PRIMARY KEY (`id`),
  UNIQUE KEY `permissions_name_guard_name_unique` (`name`,`guard_name`)
) ENGINE=InnoDB AUTO_INCREMENT=226 DEFAULT CHARSET=utf8mb4 COLLATE=utf8mb4_unicode_ci;
/*!40101 SET character_set_client = @saved_cs_client */;

--
-- Dumping data for table `permissions`
--

LOCK TABLES `permissions` WRITE;
/*!40000 ALTER TABLE `permissions` DISABLE KEYS */;
INSERT INTO `permissions` VALUES (1,'ViewAny:Role','web','2026-04-16 15:18:51','2026-04-16 15:18:51'),(2,'View:Role','web','2026-04-16 15:18:51','2026-04-16 15:18:51'),(3,'Create:Role','web','2026-04-16 15:18:51','2026-04-16 15:18:51'),(4,'Update:Role','web','2026-04-16 15:18:51','2026-04-16 15:18:51'),(5,'Delete:Role','web','2026-04-16 15:18:51','2026-04-16 15:18:51'),(6,'DeleteAny:Role','web','2026-04-16 15:18:51','2026-04-16 15:18:51'),(7,'Restore:Role','web','2026-04-16 15:18:51','2026-04-16 15:18:51'),(8,'ForceDelete:Role','web','2026-04-16 15:18:51','2026-04-16 15:18:51'),(9,'ForceDeleteAny:Role','web','2026-04-16 15:18:51','2026-04-16 15:18:51'),(10,'RestoreAny:Role','web','2026-04-16 15:18:51','2026-04-16 15:18:51'),(11,'Replicate:Role','web','2026-04-16 15:18:51','2026-04-16 15:18:51'),(12,'Reorder:Role','web','2026-04-16 15:18:51','2026-04-16 15:18:51'),(13,'ViewAny:AcademicYear','web','2026-04-16 15:19:16','2026-04-16 15:19:16'),(14,'View:AcademicYear','web','2026-04-16 15:19:16','2026-04-16 15:19:16'),(15,'Create:AcademicYear','web','2026-04-16 15:19:16','2026-04-16 15:19:16'),(16,'Update:AcademicYear','web','2026-04-16 15:19:16','2026-04-16 15:19:16'),(17,'Delete:AcademicYear','web','2026-04-16 15:19:16','2026-04-16 15:19:16'),(18,'DeleteAny:AcademicYear','web','2026-04-16 15:19:16','2026-04-16 15:19:16'),(19,'Restore:AcademicYear','web','2026-04-16 15:19:16','2026-04-16 15:19:16'),(20,'ForceDelete:AcademicYear','web','2026-04-16 15:19:16','2026-04-16 15:19:16'),(21,'ForceDeleteAny:AcademicYear','web','2026-04-16 15:19:16','2026-04-16 15:19:16'),(22,'RestoreAny:AcademicYear','web','2026-04-16 15:19:16','2026-04-16 15:19:16'),(23,'Replicate:AcademicYear','web','2026-04-16 15:19:16','2026-04-16 15:19:16'),(24,'Reorder:AcademicYear','web','2026-04-16 15:19:16','2026-04-16 15:19:16'),(25,'ViewAny:Dudika','web','2026-04-16 15:19:16','2026-04-16 15:19:16'),(26,'View:Dudika','web','2026-04-16 15:19:16','2026-04-16 15:19:16'),(27,'Create:Dudika','web','2026-04-16 15:19:16','2026-04-16 15:19:16'),(28,'Update:Dudika','web','2026-04-16 15:19:16','2026-04-16 15:19:16'),(29,'Delete:Dudika','web','2026-04-16 15:19:16','2026-04-16 15:19:16'),(30,'DeleteAny:Dudika','web','2026-04-16 15:19:16','2026-04-16 15:19:16'),(31,'Restore:Dudika','web','2026-04-16 15:19:16','2026-04-16 15:19:16'),(32,'ForceDelete:Dudika','web','2026-04-16 15:19:16','2026-04-16 15:19:16'),(33,'ForceDeleteAny:Dudika','web','2026-04-16 15:19:16','2026-04-16 15:19:16'),(34,'RestoreAny:Dudika','web','2026-04-16 15:19:16','2026-04-16 15:19:16'),(35,'Replicate:Dudika','web','2026-04-16 15:19:16','2026-04-16 15:19:16'),(36,'Reorder:Dudika','web','2026-04-16 15:19:16','2026-04-16 15:19:16'),(37,'ViewAny:Journal','web','2026-04-16 15:19:16','2026-04-16 15:19:16'),(38,'View:Journal','web','2026-04-16 15:19:16','2026-04-16 15:19:16'),(39,'Create:Journal','web','2026-04-16 15:19:16','2026-04-16 15:19:16'),(40,'Update:Journal','web','2026-04-16 15:19:16','2026-04-16 15:19:16'),(41,'Delete:Journal','web','2026-04-16 15:19:16','2026-04-16 15:19:16'),(42,'DeleteAny:Journal','web','2026-04-16 15:19:16','2026-04-16 15:19:16'),(43,'Restore:Journal','web','2026-04-16 15:19:16','2026-04-16 15:19:16'),(44,'ForceDelete:Journal','web','2026-04-16 15:19:16','2026-04-16 15:19:16'),(45,'ForceDeleteAny:Journal','web','2026-04-16 15:19:16','2026-04-16 15:19:16'),(46,'RestoreAny:Journal','web','2026-04-16 15:19:16','2026-04-16 15:19:16'),(47,'Replicate:Journal','web','2026-04-16 15:19:16','2026-04-16 15:19:16'),(48,'Reorder:Journal','web','2026-04-16 15:19:16','2026-04-16 15:19:16'),(49,'ViewAny:Major','web','2026-04-16 15:19:16','2026-04-16 15:19:16'),(50,'View:Major','web','2026-04-16 15:19:16','2026-04-16 15:19:16'),(51,'Create:Major','web','2026-04-16 15:19:16','2026-04-16 15:19:16'),(52,'Update:Major','web','2026-04-16 15:19:16','2026-04-16 15:19:16'),(53,'Delete:Major','web','2026-04-16 15:19:16','2026-04-16 15:19:16'),(54,'DeleteAny:Major','web','2026-04-16 15:19:16','2026-04-16 15:19:16'),(55,'Restore:Major','web','2026-04-16 15:19:16','2026-04-16 15:19:16'),(56,'ForceDelete:Major','web','2026-04-16 15:19:16','2026-04-16 15:19:16'),(57,'ForceDeleteAny:Major','web','2026-04-16 15:19:16','2026-04-16 15:19:16'),(58,'RestoreAny:Major','web','2026-04-16 15:19:16','2026-04-16 15:19:16'),(59,'Replicate:Major','web','2026-04-16 15:19:16','2026-04-16 15:19:16'),(60,'Reorder:Major','web','2026-04-16 15:19:16','2026-04-16 15:19:16'),(61,'ViewAny:Monitoring','web','2026-04-16 15:19:16','2026-04-16 15:19:16'),(62,'View:Monitoring','web','2026-04-16 15:19:16','2026-04-16 15:19:16'),(63,'Create:Monitoring','web','2026-04-16 15:19:16','2026-04-16 15:19:16'),(64,'Update:Monitoring','web','2026-04-16 15:19:16','2026-04-16 15:19:16'),(65,'Delete:Monitoring','web','2026-04-16 15:19:16','2026-04-16 15:19:16'),(66,'DeleteAny:Monitoring','web','2026-04-16 15:19:16','2026-04-16 15:19:16'),(67,'Restore:Monitoring','web','2026-04-16 15:19:16','2026-04-16 15:19:16'),(68,'ForceDelete:Monitoring','web','2026-04-16 15:19:16','2026-04-16 15:19:16'),(69,'ForceDeleteAny:Monitoring','web','2026-04-16 15:19:16','2026-04-16 15:19:16'),(70,'RestoreAny:Monitoring','web','2026-04-16 15:19:16','2026-04-16 15:19:16'),(71,'Replicate:Monitoring','web','2026-04-16 15:19:16','2026-04-16 15:19:16'),(72,'Reorder:Monitoring','web','2026-04-16 15:19:16','2026-04-16 15:19:16'),(73,'ViewAny:PklPlacement','web','2026-04-16 15:19:16','2026-04-16 15:19:16'),(74,'View:PklPlacement','web','2026-04-16 15:19:16','2026-04-16 15:19:16'),(75,'Create:PklPlacement','web','2026-04-16 15:19:16','2026-04-16 15:19:16'),(76,'Update:PklPlacement','web','2026-04-16 15:19:16','2026-04-16 15:19:16'),(77,'Delete:PklPlacement','web','2026-04-16 15:19:16','2026-04-16 15:19:16'),(78,'DeleteAny:PklPlacement','web','2026-04-16 15:19:16','2026-04-16 15:19:16'),(79,'Restore:PklPlacement','web','2026-04-16 15:19:16','2026-04-16 15:19:16'),(80,'ForceDelete:PklPlacement','web','2026-04-16 15:19:16','2026-04-16 15:19:16'),(81,'ForceDeleteAny:PklPlacement','web','2026-04-16 15:19:16','2026-04-16 15:19:16'),(82,'RestoreAny:PklPlacement','web','2026-04-16 15:19:16','2026-04-16 15:19:16'),(83,'Replicate:PklPlacement','web','2026-04-16 15:19:16','2026-04-16 15:19:16'),(84,'Reorder:PklPlacement','web','2026-04-16 15:19:16','2026-04-16 15:19:16'),(85,'ViewAny:StudentClass','web','2026-04-16 15:19:16','2026-04-16 15:19:16'),(86,'View:StudentClass','web','2026-04-16 15:19:16','2026-04-16 15:19:16'),(87,'Create:StudentClass','web','2026-04-16 15:19:16','2026-04-16 15:19:16'),(88,'Update:StudentClass','web','2026-04-16 15:19:16','2026-04-16 15:19:16'),(89,'Delete:StudentClass','web','2026-04-16 15:19:16','2026-04-16 15:19:16'),(90,'DeleteAny:StudentClass','web','2026-04-16 15:19:16','2026-04-16 15:19:16'),(91,'Restore:StudentClass','web','2026-04-16 15:19:16','2026-04-16 15:19:16'),(92,'ForceDelete:StudentClass','web','2026-04-16 15:19:16','2026-04-16 15:19:16'),(93,'ForceDeleteAny:StudentClass','web','2026-04-16 15:19:16','2026-04-16 15:19:16'),(94,'RestoreAny:StudentClass','web','2026-04-16 15:19:16','2026-04-16 15:19:16'),(95,'Replicate:StudentClass','web','2026-04-16 15:19:16','2026-04-16 15:19:16'),(96,'Reorder:StudentClass','web','2026-04-16 15:19:16','2026-04-16 15:19:16'),(97,'ViewAny:Student','web','2026-04-16 15:19:16','2026-04-16 15:19:16'),(98,'View:Student','web','2026-04-16 15:19:16','2026-04-16 15:19:16'),(99,'Create:Student','web','2026-04-16 15:19:16','2026-04-16 15:19:16'),(100,'Update:Student','web','2026-04-16 15:19:16','2026-04-16 15:19:16'),(101,'Delete:Student','web','2026-04-16 15:19:16','2026-04-16 15:19:16'),(102,'DeleteAny:Student','web','2026-04-16 15:19:16','2026-04-16 15:19:16'),(103,'Restore:Student','web','2026-04-16 15:19:16','2026-04-16 15:19:16'),(104,'ForceDelete:Student','web','2026-04-16 15:19:16','2026-04-16 15:19:16'),(105,'ForceDeleteAny:Student','web','2026-04-16 15:19:16','2026-04-16 15:19:16'),(106,'RestoreAny:Student','web','2026-04-16 15:19:16','2026-04-16 15:19:16'),(107,'Replicate:Student','web','2026-04-16 15:19:16','2026-04-16 15:19:16'),(108,'Reorder:Student','web','2026-04-16 15:19:16','2026-04-16 15:19:16'),(109,'ViewAny:Teacher','web','2026-04-16 15:19:16','2026-04-16 15:19:16'),(110,'View:Teacher','web','2026-04-16 15:19:16','2026-04-16 15:19:16'),(111,'Create:Teacher','web','2026-04-16 15:19:16','2026-04-16 15:19:16'),(112,'Update:Teacher','web','2026-04-16 15:19:16','2026-04-16 15:19:16'),(113,'Delete:Teacher','web','2026-04-16 15:19:16','2026-04-16 15:19:16'),(114,'DeleteAny:Teacher','web','2026-04-16 15:19:16','2026-04-16 15:19:16'),(115,'Restore:Teacher','web','2026-04-16 15:19:16','2026-04-16 15:19:16'),(116,'ForceDelete:Teacher','web','2026-04-16 15:19:16','2026-04-16 15:19:16'),(117,'ForceDeleteAny:Teacher','web','2026-04-16 15:19:16','2026-04-16 15:19:16'),(118,'RestoreAny:Teacher','web','2026-04-16 15:19:16','2026-04-16 15:19:16'),(119,'Replicate:Teacher','web','2026-04-16 15:19:16','2026-04-16 15:19:16'),(120,'Reorder:Teacher','web','2026-04-16 15:19:16','2026-04-16 15:19:16'),(121,'ViewAny:AssessmentElement','web','2026-05-02 07:18:20','2026-05-02 07:18:20'),(122,'View:AssessmentElement','web','2026-05-02 07:18:20','2026-05-02 07:18:20'),(123,'Create:AssessmentElement','web','2026-05-02 07:18:20','2026-05-02 07:18:20'),(124,'Update:AssessmentElement','web','2026-05-02 07:18:20','2026-05-02 07:18:20'),(125,'Delete:AssessmentElement','web','2026-05-02 07:18:20','2026-05-02 07:18:20'),(126,'DeleteAny:AssessmentElement','web','2026-05-02 07:18:20','2026-05-02 07:18:20'),(127,'Restore:AssessmentElement','web','2026-05-02 07:18:20','2026-05-02 07:18:20'),(128,'ForceDelete:AssessmentElement','web','2026-05-02 07:18:20','2026-05-02 07:18:20'),(129,'ForceDeleteAny:AssessmentElement','web','2026-05-02 07:18:20','2026-05-02 07:18:20'),(130,'RestoreAny:AssessmentElement','web','2026-05-02 07:18:20','2026-05-02 07:18:20'),(131,'Replicate:AssessmentElement','web','2026-05-02 07:18:20','2026-05-02 07:18:20'),(132,'Reorder:AssessmentElement','web','2026-05-02 07:18:20','2026-05-02 07:18:20'),(133,'ViewAny:AssessmentScheme','web','2026-05-02 07:18:20','2026-05-02 07:18:20'),(134,'View:AssessmentScheme','web','2026-05-02 07:18:20','2026-05-02 07:18:20'),(135,'Create:AssessmentScheme','web','2026-05-02 07:18:20','2026-05-02 07:18:20'),(136,'Update:AssessmentScheme','web','2026-05-02 07:18:20','2026-05-02 07:18:20'),(137,'Delete:AssessmentScheme','web','2026-05-02 07:18:20','2026-05-02 07:18:20'),(138,'DeleteAny:AssessmentScheme','web','2026-05-02 07:18:20','2026-05-02 07:18:20'),(139,'Restore:AssessmentScheme','web','2026-05-02 07:18:20','2026-05-02 07:18:20'),(140,'ForceDelete:AssessmentScheme','web','2026-05-02 07:18:20','2026-05-02 07:18:20'),(141,'ForceDeleteAny:AssessmentScheme','web','2026-05-02 07:18:20','2026-05-02 07:18:20'),(142,'RestoreAny:AssessmentScheme','web','2026-05-02 07:18:20','2026-05-02 07:18:20'),(143,'Replicate:AssessmentScheme','web','2026-05-02 07:18:20','2026-05-02 07:18:20'),(144,'Reorder:AssessmentScheme','web','2026-05-02 07:18:20','2026-05-02 07:18:20'),(145,'ViewAny:MonitoringSchedule','web','2026-05-02 07:18:20','2026-05-02 07:18:20'),(146,'View:MonitoringSchedule','web','2026-05-02 07:18:20','2026-05-02 07:18:20'),(147,'Create:MonitoringSchedule','web','2026-05-02 07:18:20','2026-05-02 07:18:20'),(148,'Update:MonitoringSchedule','web','2026-05-02 07:18:20','2026-05-02 07:18:20'),(149,'Delete:MonitoringSchedule','web','2026-05-02 07:18:20','2026-05-02 07:18:20'),(150,'DeleteAny:MonitoringSchedule','web','2026-05-02 07:18:20','2026-05-02 07:18:20'),(151,'Restore:MonitoringSchedule','web','2026-05-02 07:18:20','2026-05-02 07:18:20'),(152,'ForceDelete:MonitoringSchedule','web','2026-05-02 07:18:20','2026-05-02 07:18:20'),(153,'ForceDeleteAny:MonitoringSchedule','web','2026-05-02 07:18:20','2026-05-02 07:18:20'),(154,'RestoreAny:MonitoringSchedule','web','2026-05-02 07:18:20','2026-05-02 07:18:20'),(155,'Replicate:MonitoringSchedule','web','2026-05-02 07:18:20','2026-05-02 07:18:20'),(156,'Reorder:MonitoringSchedule','web','2026-05-02 07:18:20','2026-05-02 07:18:20'),(157,'ViewAny:PklAssessment','web','2026-05-02 07:18:20','2026-05-02 07:18:20'),(158,'View:PklAssessment','web','2026-05-02 07:18:20','2026-05-02 07:18:20'),(159,'Create:PklAssessment','web','2026-05-02 07:18:20','2026-05-02 07:18:20'),(160,'Update:PklAssessment','web','2026-05-02 07:18:20','2026-05-02 07:18:20'),(161,'Delete:PklAssessment','web','2026-05-02 07:18:20','2026-05-02 07:18:20'),(162,'DeleteAny:PklAssessment','web','2026-05-02 07:18:20','2026-05-02 07:18:20'),(163,'Restore:PklAssessment','web','2026-05-02 07:18:20','2026-05-02 07:18:20'),(164,'ForceDelete:PklAssessment','web','2026-05-02 07:18:20','2026-05-02 07:18:20'),(165,'ForceDeleteAny:PklAssessment','web','2026-05-02 07:18:20','2026-05-02 07:18:20'),(166,'RestoreAny:PklAssessment','web','2026-05-02 07:18:20','2026-05-02 07:18:20'),(167,'Replicate:PklAssessment','web','2026-05-02 07:18:20','2026-05-02 07:18:20'),(168,'Reorder:PklAssessment','web','2026-05-02 07:18:20','2026-05-02 07:18:20'),(169,'ViewAny:SchoolProfile','web','2026-05-02 07:18:20','2026-05-02 07:18:20'),(170,'View:SchoolProfile','web','2026-05-02 07:18:20','2026-05-02 07:18:20'),(171,'Create:SchoolProfile','web','2026-05-02 07:18:20','2026-05-02 07:18:20'),(172,'Update:SchoolProfile','web','2026-05-02 07:18:20','2026-05-02 07:18:20'),(173,'Delete:SchoolProfile','web','2026-05-02 07:18:20','2026-05-02 07:18:20'),(174,'DeleteAny:SchoolProfile','web','2026-05-02 07:18:20','2026-05-02 07:18:20'),(175,'Restore:SchoolProfile','web','2026-05-02 07:18:20','2026-05-02 07:18:20'),(176,'ForceDelete:SchoolProfile','web','2026-05-02 07:18:20','2026-05-02 07:18:20'),(177,'ForceDeleteAny:SchoolProfile','web','2026-05-02 07:18:20','2026-05-02 07:18:20'),(178,'RestoreAny:SchoolProfile','web','2026-05-02 07:18:20','2026-05-02 07:18:20'),(179,'Replicate:SchoolProfile','web','2026-05-02 07:18:20','2026-05-02 07:18:20'),(180,'Reorder:SchoolProfile','web','2026-05-02 07:18:20','2026-05-02 07:18:20'),(181,'ViewAny:Activity','web','2026-05-04 11:47:15','2026-05-04 11:47:15'),(182,'View:Activity','web','2026-05-04 11:47:15','2026-05-04 11:47:15'),(183,'Create:Activity','web','2026-05-04 11:47:15','2026-05-04 11:47:15'),(184,'Update:Activity','web','2026-05-04 11:47:15','2026-05-04 11:47:15'),(185,'Delete:Activity','web','2026-05-04 11:47:15','2026-05-04 11:47:15'),(186,'DeleteAny:Activity','web','2026-05-04 11:47:15','2026-05-04 11:47:15'),(187,'Restore:Activity','web','2026-05-04 11:47:15','2026-05-04 11:47:15'),(188,'ForceDelete:Activity','web','2026-05-04 11:47:15','2026-05-04 11:47:15'),(189,'ForceDeleteAny:Activity','web','2026-05-04 11:47:15','2026-05-04 11:47:15'),(190,'RestoreAny:Activity','web','2026-05-04 11:47:15','2026-05-04 11:47:15'),(191,'Replicate:Activity','web','2026-05-04 11:47:15','2026-05-04 11:47:15'),(192,'Reorder:Activity','web','2026-05-04 11:47:15','2026-05-04 11:47:15'),(193,'ViewAny:Announcement','web','2026-05-04 11:47:15','2026-05-04 11:47:15'),(194,'View:Announcement','web','2026-05-04 11:47:15','2026-05-04 11:47:15'),(195,'Create:Announcement','web','2026-05-04 11:47:15','2026-05-04 11:47:15'),(196,'Update:Announcement','web','2026-05-04 11:47:15','2026-05-04 11:47:15'),(197,'Delete:Announcement','web','2026-05-04 11:47:15','2026-05-04 11:47:15'),(198,'DeleteAny:Announcement','web','2026-05-04 11:47:15','2026-05-04 11:47:15'),(199,'Restore:Announcement','web','2026-05-04 11:47:15','2026-05-04 11:47:15'),(200,'ForceDelete:Announcement','web','2026-05-04 11:47:15','2026-05-04 11:47:15'),(201,'ForceDeleteAny:Announcement','web','2026-05-04 11:47:15','2026-05-04 11:47:15'),(202,'RestoreAny:Announcement','web','2026-05-04 11:47:15','2026-05-04 11:47:15'),(203,'Replicate:Announcement','web','2026-05-04 11:47:15','2026-05-04 11:47:15'),(204,'Reorder:Announcement','web','2026-05-04 11:47:15','2026-05-04 11:47:15'),(205,'View:Dashboard','web','2026-05-04 11:47:15','2026-05-04 11:47:15'),(206,'View:DashboardStatsOverview','web','2026-05-04 11:47:15','2026-05-04 11:47:15'),(207,'View:AttendanceChart','web','2026-05-04 11:47:15','2026-05-04 11:47:15'),(208,'View:PklByMajorChart','web','2026-05-04 11:47:15','2026-05-04 11:47:15'),(209,'View:TeacherMonitoringRecap','web','2026-05-04 11:47:15','2026-05-04 11:47:15'),(210,'View:RecentJournalWidget','web','2026-05-04 11:47:15','2026-05-04 11:47:15'),(211,'View:LatestActivityLog','web','2026-05-04 11:47:15','2026-05-04 11:47:15'),(212,'View:MasterDataStatus','web','2026-05-04 11:47:15','2026-05-04 11:47:15'),(213,'ViewAny:User','web','2026-05-04 12:01:20','2026-05-04 12:01:20'),(214,'View:User','web','2026-05-04 12:01:20','2026-05-04 12:01:20'),(215,'Create:User','web','2026-05-04 12:01:20','2026-05-04 12:01:20'),(216,'View:MaintenanceMode','web','2026-05-04 14:10:47','2026-05-04 14:10:47'),(217,'Update:User','web','2026-05-04 14:10:57','2026-05-04 14:10:57'),(218,'Delete:User','web','2026-05-04 14:10:57','2026-05-04 14:10:57'),(219,'DeleteAny:User','web','2026-05-04 14:10:57','2026-05-04 14:10:57'),(220,'Restore:User','web','2026-05-04 14:10:57','2026-05-04 14:10:57'),(221,'ForceDelete:User','web','2026-05-04 14:10:57','2026-05-04 14:10:57'),(222,'ForceDeleteAny:User','web','2026-05-04 14:10:57','2026-05-04 14:10:57'),(223,'RestoreAny:User','web','2026-05-04 14:10:57','2026-05-04 14:10:57'),(224,'Replicate:User','web','2026-05-04 14:10:58','2026-05-04 14:10:58'),(225,'Reorder:User','web','2026-05-04 14:10:58','2026-05-04 14:10:58');
/*!40000 ALTER TABLE `permissions` ENABLE KEYS */;
UNLOCK TABLES;

--
-- Table structure for table `pkl_assessment_scores`
--

DROP TABLE IF EXISTS `pkl_assessment_scores`;
/*!40101 SET @saved_cs_client     = @@character_set_client */;
/*!50503 SET character_set_client = utf8mb4 */;
CREATE TABLE `pkl_assessment_scores` (
  `id` bigint unsigned NOT NULL AUTO_INCREMENT,
  `pkl_assessment_id` bigint unsigned NOT NULL,
  `assessment_indicator_id` bigint unsigned NOT NULL,
  `score` int NOT NULL,
  `created_at` timestamp NULL DEFAULT NULL,
  `updated_at` timestamp NULL DEFAULT NULL,
  PRIMARY KEY (`id`),
  KEY `pkl_assessment_scores_pkl_assessment_id_foreign` (`pkl_assessment_id`),
  KEY `pkl_assessment_scores_assessment_indicator_id_foreign` (`assessment_indicator_id`),
  CONSTRAINT `pkl_assessment_scores_assessment_indicator_id_foreign` FOREIGN KEY (`assessment_indicator_id`) REFERENCES `assessment_indicators` (`id`) ON DELETE CASCADE,
  CONSTRAINT `pkl_assessment_scores_pkl_assessment_id_foreign` FOREIGN KEY (`pkl_assessment_id`) REFERENCES `pkl_assessments` (`id`) ON DELETE CASCADE
) ENGINE=InnoDB AUTO_INCREMENT=63 DEFAULT CHARSET=utf8mb4 COLLATE=utf8mb4_unicode_ci;
/*!40101 SET character_set_client = @saved_cs_client */;

--
-- Dumping data for table `pkl_assessment_scores`
--

LOCK TABLES `pkl_assessment_scores` WRITE;
/*!40000 ALTER TABLE `pkl_assessment_scores` DISABLE KEYS */;
INSERT INTO `pkl_assessment_scores` VALUES (1,1,1,85,'2026-04-25 11:33:58','2026-04-25 11:33:58'),(2,1,2,85,'2026-04-25 11:33:58','2026-04-25 11:33:58'),(3,1,3,85,'2026-04-25 11:33:58','2026-04-25 11:33:58'),(4,1,4,85,'2026-04-25 11:33:58','2026-04-25 11:33:58'),(5,1,5,85,'2026-04-25 11:33:58','2026-04-25 11:33:58'),(6,1,6,85,'2026-04-25 11:33:58','2026-04-25 11:33:58'),(7,1,32,85,'2026-04-25 11:33:58','2026-04-25 11:33:58'),(8,1,33,85,'2026-04-25 11:33:58','2026-04-25 11:33:58'),(9,1,42,85,'2026-04-25 11:33:58','2026-04-25 11:33:58'),(10,1,43,85,'2026-04-25 11:33:58','2026-04-25 11:33:58'),(11,1,44,85,'2026-04-25 11:33:58','2026-04-25 11:33:58'),(12,1,45,87,'2026-04-25 11:33:58','2026-04-25 11:33:58'),(13,1,46,88,'2026-04-25 11:33:58','2026-04-25 11:33:58'),(14,1,47,89,'2026-04-25 11:33:58','2026-04-25 11:33:58'),(15,1,48,85,'2026-04-25 11:33:58','2026-04-25 11:33:58'),(16,1,49,90,'2026-04-25 11:33:58','2026-04-25 11:33:58'),(17,1,98,90,'2026-04-25 11:33:58','2026-04-25 11:33:58'),(18,1,99,90,'2026-04-25 11:33:58','2026-04-25 11:33:58'),(19,2,1,85,'2026-04-25 14:58:35','2026-04-25 14:58:35'),(20,2,2,85,'2026-04-25 14:58:35','2026-04-25 14:58:35'),(21,2,3,85,'2026-04-25 14:58:35','2026-04-25 14:58:35'),(22,2,4,100,'2026-04-25 14:58:35','2026-04-25 14:58:35'),(23,2,5,89,'2026-04-25 14:58:35','2026-04-25 14:58:35'),(24,2,6,85,'2026-04-25 14:58:35','2026-04-25 14:58:35'),(25,2,32,85,'2026-04-25 14:58:35','2026-04-25 14:58:35'),(26,2,33,85,'2026-04-25 14:58:35','2026-04-25 14:58:35'),(27,2,42,90,'2026-04-25 14:58:35','2026-04-25 14:58:35'),(28,2,43,89,'2026-04-25 14:58:35','2026-04-25 14:58:35'),(29,2,44,90,'2026-04-25 14:58:35','2026-04-25 14:58:35'),(30,2,45,90,'2026-04-25 14:58:35','2026-04-25 14:58:35'),(31,2,46,90,'2026-04-25 14:58:35','2026-04-25 14:58:35'),(32,2,47,90,'2026-04-25 14:58:35','2026-04-25 14:58:35'),(33,2,48,89,'2026-04-25 14:58:35','2026-04-25 14:58:35'),(34,2,49,87,'2026-04-25 14:58:35','2026-04-25 14:58:35'),(35,2,98,87,'2026-04-25 14:58:35','2026-04-25 14:58:35'),(36,2,99,85,'2026-04-25 14:58:35','2026-04-25 14:58:35'),(53,4,26,100,'2026-05-12 14:59:32','2026-05-14 03:32:00'),(54,4,27,100,'2026-05-12 14:59:32','2026-05-14 03:32:00'),(55,4,28,85,'2026-05-12 14:59:32','2026-05-12 14:59:32'),(56,4,29,85,'2026-05-12 14:59:32','2026-05-12 14:59:32'),(57,4,30,85,'2026-05-12 14:59:32','2026-05-12 14:59:32'),(58,4,31,85,'2026-05-12 14:59:32','2026-05-12 14:59:32'),(59,4,40,85,'2026-05-12 14:59:32','2026-05-12 14:59:32'),(60,4,41,85,'2026-05-12 14:59:32','2026-05-12 14:59:32'),(61,4,106,85,'2026-05-12 14:59:32','2026-05-12 14:59:32'),(62,4,107,85,'2026-05-12 14:59:32','2026-05-12 14:59:32');
/*!40000 ALTER TABLE `pkl_assessment_scores` ENABLE KEYS */;
UNLOCK TABLES;

--
-- Table structure for table `pkl_assessments`
--

DROP TABLE IF EXISTS `pkl_assessments`;
/*!40101 SET @saved_cs_client     = @@character_set_client */;
/*!50503 SET character_set_client = utf8mb4 */;
CREATE TABLE `pkl_assessments` (
  `id` bigint unsigned NOT NULL AUTO_INCREMENT,
  `pkl_placement_id` bigint unsigned NOT NULL,
  `attendance_notes` text CHARACTER SET utf8mb4 COLLATE utf8mb4_unicode_ci,
  `assessment_notes` text CHARACTER SET utf8mb4 COLLATE utf8mb4_unicode_ci,
  `created_at` timestamp NULL DEFAULT NULL,
  `updated_at` timestamp NULL DEFAULT NULL,
  PRIMARY KEY (`id`),
  KEY `pkl_assessments_pkl_placement_id_foreign` (`pkl_placement_id`),
  CONSTRAINT `pkl_assessments_pkl_placement_id_foreign` FOREIGN KEY (`pkl_placement_id`) REFERENCES `pkl_placements` (`id`) ON DELETE CASCADE
) ENGINE=InnoDB AUTO_INCREMENT=5 DEFAULT CHARSET=utf8mb4 COLLATE=utf8mb4_unicode_ci;
/*!40101 SET character_set_client = @saved_cs_client */;

--
-- Dumping data for table `pkl_assessments`
--

LOCK TABLES `pkl_assessments` WRITE;
/*!40000 ALTER TABLE `pkl_assessments` DISABLE KEYS */;
INSERT INTO `pkl_assessments` VALUES (1,12,'Siswa sangat rajin dan tepat waktu','Penguasaan materinya mulai dari teori dan praktek sangat Kompeten','2026-04-25 11:33:58','2026-04-25 11:33:58'),(2,14,'Tepat Waktu Jos','Materinya mantap, teruslah berkarya ya..','2026-04-25 14:58:35','2026-04-25 14:58:35'),(4,20,'Siswa Disiplin dan Mantaff','Pinter Teori maupun Praktek','2026-05-12 14:59:32','2026-05-12 14:59:32');
/*!40000 ALTER TABLE `pkl_assessments` ENABLE KEYS */;
UNLOCK TABLES;

--
-- Table structure for table `pkl_placements`
--

DROP TABLE IF EXISTS `pkl_placements`;
/*!40101 SET @saved_cs_client     = @@character_set_client */;
/*!50503 SET character_set_client = utf8mb4 */;
CREATE TABLE `pkl_placements` (
  `id` bigint unsigned NOT NULL AUTO_INCREMENT,
  `academic_year_id` bigint unsigned DEFAULT NULL,
  `student_id` bigint unsigned NOT NULL,
  `dudika_id` bigint unsigned NOT NULL,
  `assessment_scheme_id` bigint unsigned DEFAULT NULL,
  `teacher_id` bigint unsigned NOT NULL,
  `latitude` varchar(255) CHARACTER SET utf8mb4 COLLATE utf8mb4_unicode_ci DEFAULT NULL,
  `longitude` varchar(255) CHARACTER SET utf8mb4 COLLATE utf8mb4_unicode_ci DEFAULT NULL,
  `radius` int NOT NULL DEFAULT '50',
  `start_date` date NOT NULL,
  `end_date` date NOT NULL,
  `pkl_field` varchar(255) CHARACTER SET utf8mb4 COLLATE utf8mb4_unicode_ci DEFAULT NULL,
  `status` enum('Aktif','Ditarik') CHARACTER SET utf8mb4 COLLATE utf8mb4_unicode_ci NOT NULL DEFAULT 'Aktif',
  `file_laporan_path` varchar(255) CHARACTER SET utf8mb4 COLLATE utf8mb4_unicode_ci DEFAULT NULL,
  `pengesah_ks_nama` varchar(255) CHARACTER SET utf8mb4 COLLATE utf8mb4_unicode_ci DEFAULT NULL,
  `pengesah_ks_nip` varchar(255) CHARACTER SET utf8mb4 COLLATE utf8mb4_unicode_ci DEFAULT NULL,
  `created_at` timestamp NULL DEFAULT NULL,
  `updated_at` timestamp NULL DEFAULT NULL,
  PRIMARY KEY (`id`),
  KEY `pkl_placements_student_id_foreign` (`student_id`),
  KEY `pkl_placements_dudika_id_foreign` (`dudika_id`),
  KEY `pkl_placements_teacher_id_foreign` (`teacher_id`),
  KEY `pkl_placements_academic_year_id_foreign` (`academic_year_id`),
  KEY `pkl_placements_assessment_scheme_id_foreign` (`assessment_scheme_id`),
  CONSTRAINT `pkl_placements_academic_year_id_foreign` FOREIGN KEY (`academic_year_id`) REFERENCES `academic_years` (`id`) ON DELETE SET NULL,
  CONSTRAINT `pkl_placements_assessment_scheme_id_foreign` FOREIGN KEY (`assessment_scheme_id`) REFERENCES `assessment_schemes` (`id`) ON DELETE SET NULL,
  CONSTRAINT `pkl_placements_dudika_id_foreign` FOREIGN KEY (`dudika_id`) REFERENCES `dudikas` (`id`) ON DELETE CASCADE,
  CONSTRAINT `pkl_placements_student_id_foreign` FOREIGN KEY (`student_id`) REFERENCES `students` (`id`) ON DELETE CASCADE,
  CONSTRAINT `pkl_placements_teacher_id_foreign` FOREIGN KEY (`teacher_id`) REFERENCES `teachers` (`id`) ON DELETE CASCADE
) ENGINE=InnoDB AUTO_INCREMENT=27 DEFAULT CHARSET=utf8mb4 COLLATE=utf8mb4_unicode_ci;
/*!40101 SET character_set_client = @saved_cs_client */;

--
-- Dumping data for table `pkl_placements`
--

LOCK TABLES `pkl_placements` WRITE;
/*!40000 ALTER TABLE `pkl_placements` DISABLE KEYS */;
INSERT INTO `pkl_placements` VALUES (12,1,29,199,1,22,'-8.2368791568253','114.35046941042',1000,'2026-05-04','2026-12-22','Teknisi Jaringan','Aktif','laporan_pkl/Laporan_fairuz-annafi_1778517547.pdf','Sunarto, S.Pd., S.Kom.','-','2026-04-24 12:21:00','2026-05-11 16:40:22'),(13,1,30,199,1,22,'-8.2237230383564','114.37186002731',50,'2026-04-24','2026-04-30',NULL,'Aktif',NULL,NULL,NULL,'2026-04-24 12:21:00','2026-04-24 12:21:00'),(14,1,31,199,1,22,'-8.2237230383564','114.37186002731',50,'2026-04-24','2026-04-30','Teknisi Jaringan','Aktif','laporan_pkl/Laporan_moch-riski-azizi_1778498533.pdf',NULL,NULL,'2026-04-24 12:21:00','2026-05-11 11:23:39'),(15,1,34,193,2,23,'-8.215950211093','114.36503648758',50,'2026-06-22','2026-12-22',NULL,'Aktif',NULL,NULL,NULL,'2026-04-25 16:40:33','2026-04-25 16:40:33'),(16,1,35,193,2,23,'-8.215950211093','114.36503648758',50,'2026-06-22','2026-12-22',NULL,'Aktif',NULL,NULL,NULL,'2026-04-25 16:40:33','2026-04-25 16:40:33'),(17,1,33,193,2,23,'-8.215950211093','114.36503648758',50,'2026-06-22','2026-12-22',NULL,'Aktif',NULL,NULL,NULL,'2026-04-25 16:40:33','2026-04-25 16:40:33'),(18,1,80,193,5,39,'-8.2152706123983','114.35495138168',50,'2026-06-22','2026-12-22',NULL,'Aktif',NULL,NULL,NULL,'2026-04-27 12:44:22','2026-04-27 12:44:22'),(19,1,61,193,5,39,'-8.2152706123983','114.35495138168',50,'2026-06-22','2026-12-22',NULL,'Aktif',NULL,NULL,NULL,'2026-04-27 12:44:22','2026-04-27 12:44:22'),(20,1,62,193,5,39,'-8.2152706123983','114.35495138168',50,'2026-05-01','2026-12-22','Sales Promotion Girl','Aktif','laporan_pkl/Laporan_m-agista-cahyani-putri_1778727669.pdf','Sunarto, S.Pd., S.Kom.','-','2026-04-27 12:44:22','2026-05-14 03:01:31'),(23,1,36,196,2,23,'-8.2238079864467','114.37203168869',50,'2026-05-12','2026-09-03',NULL,'Aktif',NULL,NULL,NULL,'2026-05-03 15:53:29','2026-05-03 15:53:29'),(24,1,37,196,2,23,'-8.2238079864467','114.37203168869',50,'2026-05-12','2026-09-03',NULL,'Aktif',NULL,NULL,NULL,'2026-05-03 15:53:29','2026-05-03 15:53:29'),(25,1,44,197,2,22,'-8.2264665868366','114.35864344221',50,'2026-05-01','2026-12-22',NULL,'Aktif',NULL,NULL,NULL,'2026-05-10 09:46:34','2026-05-10 09:46:34'),(26,1,43,197,2,22,'-8.2264665868366','114.35864344221',50,'2026-05-01','2026-12-22',NULL,'Aktif',NULL,NULL,NULL,'2026-05-10 09:46:34','2026-05-10 09:46:34');
/*!40000 ALTER TABLE `pkl_placements` ENABLE KEYS */;
UNLOCK TABLES;

--
-- Table structure for table `role_has_permissions`
--

DROP TABLE IF EXISTS `role_has_permissions`;
/*!40101 SET @saved_cs_client     = @@character_set_client */;
/*!50503 SET character_set_client = utf8mb4 */;
CREATE TABLE `role_has_permissions` (
  `permission_id` bigint unsigned NOT NULL,
  `role_id` bigint unsigned NOT NULL,
  PRIMARY KEY (`permission_id`,`role_id`),
  KEY `role_has_permissions_role_id_foreign` (`role_id`),
  CONSTRAINT `role_has_permissions_permission_id_foreign` FOREIGN KEY (`permission_id`) REFERENCES `permissions` (`id`) ON DELETE CASCADE,
  CONSTRAINT `role_has_permissions_role_id_foreign` FOREIGN KEY (`role_id`) REFERENCES `roles` (`id`) ON DELETE CASCADE
) ENGINE=InnoDB DEFAULT CHARSET=utf8mb4 COLLATE=utf8mb4_unicode_ci;
/*!40101 SET character_set_client = @saved_cs_client */;

--
-- Dumping data for table `role_has_permissions`
--

LOCK TABLES `role_has_permissions` WRITE;
/*!40000 ALTER TABLE `role_has_permissions` DISABLE KEYS */;
INSERT INTO `role_has_permissions` VALUES (1,1),(2,1),(3,1),(4,1),(5,1),(6,1),(7,1),(8,1),(9,1),(10,1),(11,1),(12,1),(13,1),(14,1),(15,1),(16,1),(17,1),(18,1),(19,1),(20,1),(21,1),(22,1),(23,1),(24,1),(25,1),(26,1),(27,1),(28,1),(29,1),(30,1),(31,1),(32,1),(33,1),(34,1),(35,1),(36,1),(37,1),(38,1),(39,1),(40,1),(41,1),(42,1),(43,1),(44,1),(45,1),(46,1),(47,1),(48,1),(49,1),(50,1),(51,1),(52,1),(53,1),(54,1),(55,1),(56,1),(57,1),(58,1),(59,1),(60,1),(61,1),(62,1),(63,1),(64,1),(65,1),(66,1),(67,1),(68,1),(69,1),(70,1),(71,1),(72,1),(73,1),(74,1),(75,1),(76,1),(77,1),(78,1),(79,1),(80,1),(81,1),(82,1),(83,1),(84,1),(85,1),(86,1),(87,1),(88,1),(89,1),(90,1),(91,1),(92,1),(93,1),(94,1),(95,1),(96,1),(97,1),(98,1),(99,1),(100,1),(101,1),(102,1),(103,1),(104,1),(105,1),(106,1),(107,1),(108,1),(109,1),(110,1),(111,1),(112,1),(113,1),(114,1),(115,1),(116,1),(117,1),(118,1),(119,1),(120,1),(121,1),(122,1),(123,1),(124,1),(125,1),(126,1),(127,1),(128,1),(129,1),(130,1),(131,1),(132,1),(133,1),(134,1),(135,1),(136,1),(137,1),(138,1),(139,1),(140,1),(141,1),(142,1),(143,1),(144,1),(145,1),(146,1),(147,1),(148,1),(149,1),(150,1),(151,1),(152,1),(153,1),(154,1),(155,1),(156,1),(157,1),(158,1),(159,1),(160,1),(161,1),(162,1),(163,1),(164,1),(165,1),(166,1),(167,1),(168,1),(169,1),(170,1),(171,1),(172,1),(173,1),(174,1),(175,1),(176,1),(177,1),(178,1),(179,1),(180,1),(181,1),(182,1),(183,1),(184,1),(185,1),(186,1),(187,1),(188,1),(189,1),(190,1),(191,1),(192,1),(193,1),(194,1),(195,1),(196,1),(197,1),(198,1),(199,1),(200,1),(201,1),(202,1),(203,1),(204,1),(205,1),(206,1),(207,1),(208,1),(209,1),(210,1),(211,1),(212,1),(213,1),(214,1),(215,1),(216,1),(217,1),(218,1),(219,1),(220,1),(221,1),(222,1),(223,1),(224,1),(225,1),(13,5),(14,5),(15,5),(16,5),(17,5),(18,5),(19,5),(20,5),(21,5),(22,5),(23,5),(24,5),(25,5),(26,5),(27,5),(28,5),(29,5),(30,5),(31,5),(32,5),(33,5),(34,5),(35,5),(36,5),(37,5),(38,5),(39,5),(40,5),(41,5),(42,5),(43,5),(44,5),(45,5),(46,5),(47,5),(48,5),(49,5),(50,5),(51,5),(52,5),(53,5),(54,5),(55,5),(56,5),(57,5),(58,5),(59,5),(60,5),(61,5),(62,5),(63,5),(64,5),(65,5),(66,5),(67,5),(68,5),(69,5),(70,5),(71,5),(72,5),(73,5),(74,5),(75,5),(76,5),(77,5),(78,5),(79,5),(80,5),(81,5),(82,5),(83,5),(84,5),(85,5),(86,5),(87,5),(88,5),(89,5),(90,5),(91,5),(92,5),(93,5),(94,5),(95,5),(96,5),(97,5),(98,5),(99,5),(100,5),(101,5),(102,5),(103,5),(104,5),(105,5),(106,5),(107,5),(108,5),(109,5),(110,5),(111,5),(112,5),(113,5),(114,5),(115,5),(116,5),(117,5),(118,5),(119,5),(120,5),(121,5),(122,5),(123,5),(124,5),(125,5),(126,5),(127,5),(128,5),(129,5),(130,5),(131,5),(132,5),(133,5),(134,5),(135,5),(136,5),(137,5),(138,5),(139,5),(140,5),(141,5),(142,5),(143,5),(144,5),(145,5),(146,5),(147,5),(148,5),(149,5),(150,5),(151,5),(152,5),(153,5),(154,5),(155,5),(156,5),(157,5),(158,5),(159,5),(160,5),(161,5),(162,5),(163,5),(164,5),(165,5),(166,5),(167,5),(168,5),(169,5),(170,5),(171,5),(172,5),(173,5),(174,5),(175,5),(176,5),(177,5),(178,5),(179,5),(180,5),(181,5),(182,5),(183,5),(184,5),(185,5),(186,5),(187,5),(188,5),(189,5),(190,5),(191,5),(192,5),(193,5),(194,5),(195,5),(196,5),(197,5),(198,5),(199,5),(200,5),(201,5),(202,5),(203,5),(204,5),(205,5),(206,5),(207,5),(208,5),(209,5),(210,5),(211,5),(212,5),(213,5),(214,5),(215,5),(216,5);
/*!40000 ALTER TABLE `role_has_permissions` ENABLE KEYS */;
UNLOCK TABLES;

--
-- Table structure for table `roles`
--

DROP TABLE IF EXISTS `roles`;
/*!40101 SET @saved_cs_client     = @@character_set_client */;
/*!50503 SET character_set_client = utf8mb4 */;
CREATE TABLE `roles` (
  `id` bigint unsigned NOT NULL AUTO_INCREMENT,
  `name` varchar(255) CHARACTER SET utf8mb4 COLLATE utf8mb4_unicode_ci NOT NULL,
  `guard_name` varchar(255) CHARACTER SET utf8mb4 COLLATE utf8mb4_unicode_ci NOT NULL,
  `created_at` timestamp NULL DEFAULT NULL,
  `updated_at` timestamp NULL DEFAULT NULL,
  PRIMARY KEY (`id`),
  UNIQUE KEY `roles_name_guard_name_unique` (`name`,`guard_name`)
) ENGINE=InnoDB AUTO_INCREMENT=6 DEFAULT CHARSET=utf8mb4 COLLATE=utf8mb4_unicode_ci;
/*!40101 SET character_set_client = @saved_cs_client */;

--
-- Dumping data for table `roles`
--

LOCK TABLES `roles` WRITE;
/*!40000 ALTER TABLE `roles` DISABLE KEYS */;
INSERT INTO `roles` VALUES (1,'super_admin','web','2026-04-16 15:18:51','2026-04-16 15:18:51'),(2,'dudika','web','2026-04-16 15:36:04','2026-04-16 15:36:04'),(3,'guru','web','2026-04-16 15:36:39','2026-04-16 16:32:58'),(4,'siswa','web','2026-04-16 15:37:03','2026-04-16 15:37:03'),(5,'Admin','web','2026-05-02 07:18:20','2026-05-02 07:18:20');
/*!40000 ALTER TABLE `roles` ENABLE KEYS */;
UNLOCK TABLES;

--
-- Table structure for table `school_profiles`
--

DROP TABLE IF EXISTS `school_profiles`;
/*!40101 SET @saved_cs_client     = @@character_set_client */;
/*!50503 SET character_set_client = utf8mb4 */;
CREATE TABLE `school_profiles` (
  `id` bigint unsigned NOT NULL AUTO_INCREMENT,
  `name` varchar(255) CHARACTER SET utf8mb4 COLLATE utf8mb4_unicode_ci NOT NULL DEFAULT 'SMK PGRI 1 GIRI',
  `npsn` varchar(255) CHARACTER SET utf8mb4 COLLATE utf8mb4_unicode_ci DEFAULT NULL,
  `address` text CHARACTER SET utf8mb4 COLLATE utf8mb4_unicode_ci,
  `city` varchar(255) CHARACTER SET utf8mb4 COLLATE utf8mb4_unicode_ci DEFAULT NULL,
  `postal_code` varchar(255) CHARACTER SET utf8mb4 COLLATE utf8mb4_unicode_ci DEFAULT NULL,
  `email` varchar(255) CHARACTER SET utf8mb4 COLLATE utf8mb4_unicode_ci DEFAULT NULL,
  `website` varchar(255) CHARACTER SET utf8mb4 COLLATE utf8mb4_unicode_ci DEFAULT NULL,
  `phone` varchar(255) CHARACTER SET utf8mb4 COLLATE utf8mb4_unicode_ci DEFAULT NULL,
  `headmaster_name` varchar(255) CHARACTER SET utf8mb4 COLLATE utf8mb4_unicode_ci DEFAULT NULL,
  `headmaster_nip` varchar(255) CHARACTER SET utf8mb4 COLLATE utf8mb4_unicode_ci DEFAULT NULL,
  `signature_path` varchar(255) CHARACTER SET utf8mb4 COLLATE utf8mb4_unicode_ci DEFAULT NULL,
  `is_radius_attendance_enabled` tinyint(1) NOT NULL DEFAULT '1',
  `is_teacher_signature_enabled` tinyint(1) NOT NULL DEFAULT '1',
  `app_logo_path` varchar(255) COLLATE utf8mb4_unicode_ci DEFAULT NULL,
  `logo_path` varchar(255) CHARACTER SET utf8mb4 COLLATE utf8mb4_unicode_ci DEFAULT NULL,
  `kop_surat_path` varchar(255) CHARACTER SET utf8mb4 COLLATE utf8mb4_unicode_ci DEFAULT NULL,
  `cover_laporan_path` varchar(255) CHARACTER SET utf8mb4 COLLATE utf8mb4_unicode_ci DEFAULT NULL,
  `surat_pengantar_nomor` varchar(255) CHARACTER SET utf8mb4 COLLATE utf8mb4_unicode_ci DEFAULT NULL,
  `created_at` timestamp NULL DEFAULT NULL,
  `updated_at` timestamp NULL DEFAULT NULL,
  PRIMARY KEY (`id`)
) ENGINE=InnoDB AUTO_INCREMENT=2 DEFAULT CHARSET=utf8mb4 COLLATE=utf8mb4_unicode_ci;
/*!40101 SET character_set_client = @saved_cs_client */;

--
-- Dumping data for table `school_profiles`
--

LOCK TABLES `school_profiles` WRITE;
/*!40000 ALTER TABLE `school_profiles` DISABLE KEYS */;
INSERT INTO `school_profiles` VALUES (1,'SMK PGRI 1 GIRI','20525592','Jl. Simpang Gajah Mada','Banyuwangi','68425','smkpgri1giri@gmail.com','https://smkpgri1giri.sch.id/','(0333) 422546','Sunarto, S.Pd., S.Kom.',NULL,'signatures/01KPK72M6WKXNQN7VR1FRNKN2J.png',0,0,'app_logos/01KQYW01MR8CB0RXBVAFE4SS0B.png','logos/01KQWCPHH67SE750ENZYK7HH1H.png','kopsurat/01KQ2S0AKJWDMC8H9557GF7XT8.png','covers/01KQAG6B6W5D872D9ERZZ3WVPC.png','1437/M.3/SMK PGRI 1 GIRI/26/IX/2025','2026-04-19 15:52:17','2026-05-14 02:26:54');
/*!40000 ALTER TABLE `school_profiles` ENABLE KEYS */;
UNLOCK TABLES;

--
-- Table structure for table `sessions`
--

DROP TABLE IF EXISTS `sessions`;
/*!40101 SET @saved_cs_client     = @@character_set_client */;
/*!50503 SET character_set_client = utf8mb4 */;
CREATE TABLE `sessions` (
  `id` varchar(255) CHARACTER SET utf8mb4 COLLATE utf8mb4_unicode_ci NOT NULL,
  `user_id` bigint unsigned DEFAULT NULL,
  `ip_address` varchar(45) CHARACTER SET utf8mb4 COLLATE utf8mb4_unicode_ci DEFAULT NULL,
  `user_agent` text CHARACTER SET utf8mb4 COLLATE utf8mb4_unicode_ci,
  `payload` longtext CHARACTER SET utf8mb4 COLLATE utf8mb4_unicode_ci NOT NULL,
  `last_activity` int NOT NULL,
  PRIMARY KEY (`id`),
  KEY `sessions_user_id_index` (`user_id`),
  KEY `sessions_last_activity_index` (`last_activity`)
) ENGINE=InnoDB DEFAULT CHARSET=utf8mb4 COLLATE=utf8mb4_unicode_ci;
/*!40101 SET character_set_client = @saved_cs_client */;

--
-- Dumping data for table `sessions`
--

LOCK TABLES `sessions` WRITE;
/*!40000 ALTER TABLE `sessions` DISABLE KEYS */;
INSERT INTO `sessions` VALUES ('8bwTlMwYsUbJAEekHA0yhJJcJwuinEYQtehOeZf3',1,'127.0.0.1','Mozilla/5.0 (Windows NT 10.0; Win64; x64; rv:150.0) Gecko/20100101 Firefox/150.0','YTo4OntzOjY6Il90b2tlbiI7czo0MDoiZlBCYzJWMjE2VEZWd0pCZHhiS3RrdlVGYVBnQXViQnVSaDVjelB0TyI7czo2OiJfZmxhc2giO2E6Mjp7czozOiJvbGQiO2E6MDp7fXM6MzoibmV3IjthOjA6e319czozOiJ1cmwiO2E6MDp7fXM6OToiX3ByZXZpb3VzIjthOjI6e3M6MzoidXJsIjtzOjQ4OiJodHRwczovL2dyaXNhcGtsLnRlc3QvYWRtaW4vYW5ub3VuY2VtZW50cy9jcmVhdGUiO3M6NToicm91dGUiO3M6NDU6ImZpbGFtZW50LmFkbWluLnJlc291cmNlcy5hbm5vdW5jZW1lbnRzLmNyZWF0ZSI7fXM6NTA6ImxvZ2luX3dlYl81OWJhMzZhZGRjMmIyZjk0MDE1ODBmMDE0YzdmNThlYTRlMzA5ODlkIjtpOjE7czoxNzoicGFzc3dvcmRfaGFzaF93ZWIiO3M6NjQ6IjFlZjQ5OWRhMmFlZmZkNzMxNThjOTIzNWRjNWRmMzVjYjc4YmI1ZjY4MTk1MjI5NzkyYmNhNDE3NzAzZjRlZDQiO3M6NjoidGFibGVzIjthOjc6e3M6NDA6ImY0ZWUyMmJhYWRkMTBlZjdlMDcxMGI3YWNmYjlmMjZkX2NvbHVtbnMiO2E6Nzp7aTowO2E6Nzp7czo0OiJ0eXBlIjtzOjY6ImNvbHVtbiI7czo0OiJuYW1lIjtzOjI1OiJwa2xQbGFjZW1lbnQuc3R1ZGVudC5uYW1lIjtzOjU6ImxhYmVsIjtzOjEwOiJOYW1hIFNpc3dhIjtzOjg6ImlzSGlkZGVuIjtiOjA7czo5OiJpc1RvZ2dsZWQiO2I6MTtzOjEyOiJpc1RvZ2dsZWFibGUiO2I6MDtzOjI0OiJpc1RvZ2dsZWRIaWRkZW5CeURlZmF1bHQiO047fWk6MTthOjc6e3M6NDoidHlwZSI7czo2OiJjb2x1bW4iO3M6NDoibmFtZSI7czoyNDoicGtsUGxhY2VtZW50LmR1ZGlrYS5uYW1lIjtzOjU6ImxhYmVsIjtzOjEwOiJUZW1wYXQgUEtMIjtzOjg6ImlzSGlkZGVuIjtiOjA7czo5OiJpc1RvZ2dsZWQiO2I6MTtzOjEyOiJpc1RvZ2dsZWFibGUiO2I6MDtzOjI0OiJpc1RvZ2dsZWRIaWRkZW5CeURlZmF1bHQiO047fWk6MjthOjc6e3M6NDoidHlwZSI7czo2OiJjb2x1bW4iO3M6NDoibmFtZSI7czo0OiJkYXRlIjtzOjU6ImxhYmVsIjtzOjc6IlRhbmdnYWwiO3M6ODoiaXNIaWRkZW4iO2I6MDtzOjk6ImlzVG9nZ2xlZCI7YjoxO3M6MTI6ImlzVG9nZ2xlYWJsZSI7YjowO3M6MjQ6ImlzVG9nZ2xlZEhpZGRlbkJ5RGVmYXVsdCI7Tjt9aTozO2E6Nzp7czo0OiJ0eXBlIjtzOjY6ImNvbHVtbiI7czo0OiJuYW1lIjtzOjQ6InRpbWUiO3M6NToibGFiZWwiO3M6NToiV2FrdHUiO3M6ODoiaXNIaWRkZW4iO2I6MDtzOjk6ImlzVG9nZ2xlZCI7YjoxO3M6MTI6ImlzVG9nZ2xlYWJsZSI7YjowO3M6MjQ6ImlzVG9nZ2xlZEhpZGRlbkJ5RGVmYXVsdCI7Tjt9aTo0O2E6Nzp7czo0OiJ0eXBlIjtzOjY6ImNvbHVtbiI7czo0OiJuYW1lIjtzOjEzOiJhdHRlbmRfc3RhdHVzIjtzOjU6ImxhYmVsIjtzOjY6IlN0YXR1cyI7czo4OiJpc0hpZGRlbiI7YjowO3M6OToiaXNUb2dnbGVkIjtiOjE7czoxMjoiaXNUb2dnbGVhYmxlIjtiOjA7czoyNDoiaXNUb2dnbGVkSGlkZGVuQnlEZWZhdWx0IjtOO31pOjU7YTo3OntzOjQ6InR5cGUiO3M6NjoiY29sdW1uIjtzOjQ6Im5hbWUiO3M6MTA6InBob3RvX3BhdGgiO3M6NToibGFiZWwiO3M6MTM6IkZvdG8gS2VnaWF0YW4iO3M6ODoiaXNIaWRkZW4iO2I6MDtzOjk6ImlzVG9nZ2xlZCI7YjoxO3M6MTI6ImlzVG9nZ2xlYWJsZSI7YjowO3M6MjQ6ImlzVG9nZ2xlZEhpZGRlbkJ5RGVmYXVsdCI7Tjt9aTo2O2E6Nzp7czo0OiJ0eXBlIjtzOjY6ImNvbHVtbiI7czo0OiJuYW1lIjtzOjg6ImlzX3ZhbGlkIjtzOjU6ImxhYmVsIjtzOjU6IlZhbGlkIjtzOjg6ImlzSGlkZGVuIjtiOjA7czo5OiJpc1RvZ2dsZWQiO2I6MTtzOjEyOiJpc1RvZ2dsZWFibGUiO2I6MDtzOjI0OiJpc1RvZ2dsZWRIaWRkZW5CeURlZmF1bHQiO047fX1zOjQwOiJmMDZhNDRjMGQwYjRiYjkzNWI4Mjk5ZmNiZWY0YTA2YV9jb2x1bW5zIjthOjk6e2k6MDthOjc6e3M6NDoidHlwZSI7czo2OiJjb2x1bW4iO3M6NDoibmFtZSI7czo0OiJuYW1lIjtzOjU6ImxhYmVsIjtzOjExOiJOYW1hIERVRElLQSI7czo4OiJpc0hpZGRlbiI7YjowO3M6OToiaXNUb2dnbGVkIjtiOjE7czoxMjoiaXNUb2dnbGVhYmxlIjtiOjA7czoyNDoiaXNUb2dnbGVkSGlkZGVuQnlEZWZhdWx0IjtOO31pOjE7YTo3OntzOjQ6InR5cGUiO3M6NjoiY29sdW1uIjtzOjQ6Im5hbWUiO3M6MTA6InVzZXIuZW1haWwiO3M6NToibGFiZWwiO3M6MTY6IkVtYWlsIC8gVXNlcm5hbWUiO3M6ODoiaXNIaWRkZW4iO2I6MDtzOjk6ImlzVG9nZ2xlZCI7YjoxO3M6MTI6ImlzVG9nZ2xlYWJsZSI7YjowO3M6MjQ6ImlzVG9nZ2xlZEhpZGRlbkJ5RGVmYXVsdCI7Tjt9aToyO2E6Nzp7czo0OiJ0eXBlIjtzOjY6ImNvbHVtbiI7czo0OiJuYW1lIjtzOjExOiJpc19jb21wbGV0ZSI7czo1OiJsYWJlbCI7czoxMToiU3RhdHVzIERhdGEiO3M6ODoiaXNIaWRkZW4iO2I6MDtzOjk6ImlzVG9nZ2xlZCI7YjoxO3M6MTI6ImlzVG9nZ2xlYWJsZSI7YjowO3M6MjQ6ImlzVG9nZ2xlZEhpZGRlbkJ5RGVmYXVsdCI7Tjt9aTozO2E6Nzp7czo0OiJ0eXBlIjtzOjY6ImNvbHVtbiI7czo0OiJuYW1lIjtzOjE1OiJzdXBlcnZpc29yX25hbWUiO3M6NToibGFiZWwiO3M6MTA6IlBlbWJpbWJpbmciO3M6ODoiaXNIaWRkZW4iO2I6MDtzOjk6ImlzVG9nZ2xlZCI7YjoxO3M6MTI6ImlzVG9nZ2xlYWJsZSI7YjowO3M6MjQ6ImlzVG9nZ2xlZEhpZGRlbkJ5RGVmYXVsdCI7Tjt9aTo0O2E6Nzp7czo0OiJ0eXBlIjtzOjY6ImNvbHVtbiI7czo0OiJuYW1lIjtzOjE2OiJzdXBlcnZpc29yX3Bob25lIjtzOjU6ImxhYmVsIjtzOjE3OiJOby4gSFAgUGVtYmltYmluZyI7czo4OiJpc0hpZGRlbiI7YjowO3M6OToiaXNUb2dnbGVkIjtiOjE7czoxMjoiaXNUb2dnbGVhYmxlIjtiOjA7czoyNDoiaXNUb2dnbGVkSGlkZGVuQnlEZWZhdWx0IjtOO31pOjU7YTo3OntzOjQ6InR5cGUiO3M6NjoiY29sdW1uIjtzOjQ6Im5hbWUiO3M6OToiaGVhZF9uYW1lIjtzOjU6ImxhYmVsIjtzOjg6IlBpbXBpbmFuIjtzOjg6ImlzSGlkZGVuIjtiOjA7czo5OiJpc1RvZ2dsZWQiO2I6MDtzOjEyOiJpc1RvZ2dsZWFibGUiO2I6MTtzOjI0OiJpc1RvZ2dsZWRIaWRkZW5CeURlZmF1bHQiO2I6MTt9aTo2O2E6Nzp7czo0OiJ0eXBlIjtzOjY6ImNvbHVtbiI7czo0OiJuYW1lIjtzOjg6ImhlYWRfbmlwIjtzOjU6ImxhYmVsIjtzOjEyOiJOSVAgUGltcGluYW4iO3M6ODoiaXNIaWRkZW4iO2I6MDtzOjk6ImlzVG9nZ2xlZCI7YjowO3M6MTI6ImlzVG9nZ2xlYWJsZSI7YjoxO3M6MjQ6ImlzVG9nZ2xlZEhpZGRlbkJ5RGVmYXVsdCI7YjoxO31pOjc7YTo3OntzOjQ6InR5cGUiO3M6NjoiY29sdW1uIjtzOjQ6Im5hbWUiO3M6MTQ6InN1cGVydmlzb3JfbmlwIjtzOjU6ImxhYmVsIjtzOjE0OiJOSVAgUGVtYmltYmluZyI7czo4OiJpc0hpZGRlbiI7YjowO3M6OToiaXNUb2dnbGVkIjtiOjA7czoxMjoiaXNUb2dnbGVhYmxlIjtiOjE7czoyNDoiaXNUb2dnbGVkSGlkZGVuQnlEZWZhdWx0IjtiOjE7fWk6ODthOjc6e3M6NDoidHlwZSI7czo2OiJjb2x1bW4iO3M6NDoibmFtZSI7czoxMDoiY3JlYXRlZF9hdCI7czo1OiJsYWJlbCI7czoxMDoiQ3JlYXRlZCBhdCI7czo4OiJpc0hpZGRlbiI7YjowO3M6OToiaXNUb2dnbGVkIjtiOjA7czoxMjoiaXNUb2dnbGVhYmxlIjtiOjE7czoyNDoiaXNUb2dnbGVkSGlkZGVuQnlEZWZhdWx0IjtiOjE7fX1zOjQwOiI5ODA3ZGNiZjI4Y2JjOGRhMGNjNzliODA2ODhiYjczMl9jb2x1bW5zIjthOjc6e2k6MDthOjc6e3M6NDoidHlwZSI7czo2OiJjb2x1bW4iO3M6NDoibmFtZSI7czoyNToicGtsUGxhY2VtZW50LnRlYWNoZXIubmFtZSI7czo1OiJsYWJlbCI7czoxNToiR3VydSBQZW1iaW1iaW5nIjtzOjg6ImlzSGlkZGVuIjtiOjA7czo5OiJpc1RvZ2dsZWQiO2I6MTtzOjEyOiJpc1RvZ2dsZWFibGUiO2I6MDtzOjI0OiJpc1RvZ2dsZWRIaWRkZW5CeURlZmF1bHQiO047fWk6MTthOjc6e3M6NDoidHlwZSI7czo2OiJjb2x1bW4iO3M6NDoibmFtZSI7czo4OiJhY3Rpdml0eSI7czo1OiJsYWJlbCI7czo5OiJEZXNrcmlwc2kiO3M6ODoiaXNIaWRkZW4iO2I6MDtzOjk6ImlzVG9nZ2xlZCI7YjoxO3M6MTI6ImlzVG9nZ2xlYWJsZSI7YjowO3M6MjQ6ImlzVG9nZ2xlZEhpZGRlbkJ5RGVmYXVsdCI7Tjt9aToyO2E6Nzp7czo0OiJ0eXBlIjtzOjY6ImNvbHVtbiI7czo0OiJuYW1lIjtzOjI0OiJwa2xQbGFjZW1lbnQuZHVkaWthLm5hbWUiO3M6NToibGFiZWwiO3M6MTk6IlRlbXBhdCBQS0wgKERVRElLQSkiO3M6ODoiaXNIaWRkZW4iO2I6MDtzOjk6ImlzVG9nZ2xlZCI7YjoxO3M6MTI6ImlzVG9nZ2xlYWJsZSI7YjowO3M6MjQ6ImlzVG9nZ2xlZEhpZGRlbkJ5RGVmYXVsdCI7Tjt9aTozO2E6Nzp7czo0OiJ0eXBlIjtzOjY6ImNvbHVtbiI7czo0OiJuYW1lIjtzOjE0OiJzdHVkZW50c19jb3VudCI7czo1OiJsYWJlbCI7czoxNDoiU2lzd2EgVGVyY2FrdXAiO3M6ODoiaXNIaWRkZW4iO2I6MDtzOjk6ImlzVG9nZ2xlZCI7YjoxO3M6MTI6ImlzVG9nZ2xlYWJsZSI7YjowO3M6MjQ6ImlzVG9nZ2xlZEhpZGRlbkJ5RGVmYXVsdCI7Tjt9aTo0O2E6Nzp7czo0OiJ0eXBlIjtzOjY6ImNvbHVtbiI7czo0OiJuYW1lIjtzOjQ6ImRhdGUiO3M6NToibGFiZWwiO3M6MTc6IlRhbmdnYWwgS3VuanVuZ2FuIjtzOjg6ImlzSGlkZGVuIjtiOjA7czo5OiJpc1RvZ2dsZWQiO2I6MTtzOjEyOiJpc1RvZ2dsZWFibGUiO2I6MDtzOjI0OiJpc1RvZ2dsZWRIaWRkZW5CeURlZmF1bHQiO047fWk6NTthOjc6e3M6NDoidHlwZSI7czo2OiJjb2x1bW4iO3M6NDoibmFtZSI7czoxMDoicGhvdG9fcGF0aCI7czo1OiJsYWJlbCI7czoxNDoiRm90byBLdW5qdW5nYW4iO3M6ODoiaXNIaWRkZW4iO2I6MDtzOjk6ImlzVG9nZ2xlZCI7YjoxO3M6MTI6ImlzVG9nZ2xlYWJsZSI7YjowO3M6MjQ6ImlzVG9nZ2xlZEhpZGRlbkJ5RGVmYXVsdCI7Tjt9aTo2O2E6Nzp7czo0OiJ0eXBlIjtzOjY6ImNvbHVtbiI7czo0OiJuYW1lIjtzOjEwOiJjcmVhdGVkX2F0IjtzOjU6ImxhYmVsIjtzOjY6IkRpYnVhdCI7czo4OiJpc0hpZGRlbiI7YjowO3M6OToiaXNUb2dnbGVkIjtiOjA7czoxMjoiaXNUb2dnbGVhYmxlIjtiOjE7czoyNDoiaXNUb2dnbGVkSGlkZGVuQnlEZWZhdWx0IjtiOjE7fX1zOjQwOiIyOTM0OTM3OTQyNjBhZjdmOGRkNjI5MTUxNDcyZWM0MF9jb2x1bW5zIjthOjY6e2k6MDthOjc6e3M6NDoidHlwZSI7czo2OiJjb2x1bW4iO3M6NDoibmFtZSI7czo0OiJuYW1lIjtzOjU6ImxhYmVsIjtzOjExOiJOYW1hIEphZHdhbCI7czo4OiJpc0hpZGRlbiI7YjowO3M6OToiaXNUb2dnbGVkIjtiOjE7czoxMjoiaXNUb2dnbGVhYmxlIjtiOjA7czoyNDoiaXNUb2dnbGVkSGlkZGVuQnlEZWZhdWx0IjtOO31pOjE7YTo3OntzOjQ6InR5cGUiO3M6NjoiY29sdW1uIjtzOjQ6Im5hbWUiO3M6MTA6InN0YXJ0X2RhdGUiO3M6NToibGFiZWwiO3M6ODoiVGdsIEJ1a2EiO3M6ODoiaXNIaWRkZW4iO2I6MDtzOjk6ImlzVG9nZ2xlZCI7YjoxO3M6MTI6ImlzVG9nZ2xlYWJsZSI7YjowO3M6MjQ6ImlzVG9nZ2xlZEhpZGRlbkJ5RGVmYXVsdCI7Tjt9aToyO2E6Nzp7czo0OiJ0eXBlIjtzOjY6ImNvbHVtbiI7czo0OiJuYW1lIjtzOjg6ImVuZF9kYXRlIjtzOjU6ImxhYmVsIjtzOjk6IlRnbCBUdXR1cCI7czo4OiJpc0hpZGRlbiI7YjowO3M6OToiaXNUb2dnbGVkIjtiOjE7czoxMjoiaXNUb2dnbGVhYmxlIjtiOjA7czoyNDoiaXNUb2dnbGVkSGlkZGVuQnlEZWZhdWx0IjtOO31pOjM7YTo3OntzOjQ6InR5cGUiO3M6NjoiY29sdW1uIjtzOjQ6Im5hbWUiO3M6OToiaXNfYWN0aXZlIjtzOjU6ImxhYmVsIjtzOjU6IkFrdGlmIjtzOjg6ImlzSGlkZGVuIjtiOjA7czo5OiJpc1RvZ2dsZWQiO2I6MTtzOjEyOiJpc1RvZ2dsZWFibGUiO2I6MDtzOjI0OiJpc1RvZ2dsZWRIaWRkZW5CeURlZmF1bHQiO047fWk6NDthOjc6e3M6NDoidHlwZSI7czo2OiJjb2x1bW4iO3M6NDoibmFtZSI7czoxMDoiY3JlYXRlZF9hdCI7czo1OiJsYWJlbCI7czoxMToiRGlidWF0IFBhZGEiO3M6ODoiaXNIaWRkZW4iO2I6MDtzOjk6ImlzVG9nZ2xlZCI7YjowO3M6MTI6ImlzVG9nZ2xlYWJsZSI7YjoxO3M6MjQ6ImlzVG9nZ2xlZEhpZGRlbkJ5RGVmYXVsdCI7YjoxO31pOjU7YTo3OntzOjQ6InR5cGUiO3M6NjoiY29sdW1uIjtzOjQ6Im5hbWUiO3M6MTA6InVwZGF0ZWRfYXQiO3M6NToibGFiZWwiO3M6MTU6IkRpcGVyYmFydWkgUGFkYSI7czo4OiJpc0hpZGRlbiI7YjowO3M6OToiaXNUb2dnbGVkIjtiOjA7czoxMjoiaXNUb2dnbGVhYmxlIjtiOjE7czoyNDoiaXNUb2dnbGVkSGlkZGVuQnlEZWZhdWx0IjtiOjE7fX1zOjQwOiJhYWQ5MjdiMzFlMjNkZGY5NDFlMTc3YjFiZjFiOGFiM19jb2x1bW5zIjthOjQ6e2k6MDthOjc6e3M6NDoidHlwZSI7czo2OiJjb2x1bW4iO3M6NDoibmFtZSI7czo1OiJ0aXRsZSI7czo1OiJsYWJlbCI7czo1OiJKdWR1bCI7czo4OiJpc0hpZGRlbiI7YjowO3M6OToiaXNUb2dnbGVkIjtiOjE7czoxMjoiaXNUb2dnbGVhYmxlIjtiOjA7czoyNDoiaXNUb2dnbGVkSGlkZGVuQnlEZWZhdWx0IjtOO31pOjE7YTo3OntzOjQ6InR5cGUiO3M6NjoiY29sdW1uIjtzOjQ6Im5hbWUiO3M6MTU6InRhcmdldF9hdWRpZW5jZSI7czo1OiJsYWJlbCI7czoxNDoiVGFyZ2V0IFNhc2FyYW4iO3M6ODoiaXNIaWRkZW4iO2I6MDtzOjk6ImlzVG9nZ2xlZCI7YjoxO3M6MTI6ImlzVG9nZ2xlYWJsZSI7YjowO3M6MjQ6ImlzVG9nZ2xlZEhpZGRlbkJ5RGVmYXVsdCI7Tjt9aToyO2E6Nzp7czo0OiJ0eXBlIjtzOjY6ImNvbHVtbiI7czo0OiJuYW1lIjtzOjk6ImlzX2FjdGl2ZSI7czo1OiJsYWJlbCI7czo2OiJTdGF0dXMiO3M6ODoiaXNIaWRkZW4iO2I6MDtzOjk6ImlzVG9nZ2xlZCI7YjoxO3M6MTI6ImlzVG9nZ2xlYWJsZSI7YjowO3M6MjQ6ImlzVG9nZ2xlZEhpZGRlbkJ5RGVmYXVsdCI7Tjt9aTozO2E6Nzp7czo0OiJ0eXBlIjtzOjY6ImNvbHVtbiI7czo0OiJuYW1lIjtzOjEwOiJjcmVhdGVkX2F0IjtzOjU6ImxhYmVsIjtzOjExOiJEaWJ1YXQgUGFkYSI7czo4OiJpc0hpZGRlbiI7YjowO3M6OToiaXNUb2dnbGVkIjtiOjE7czoxMjoiaXNUb2dnbGVhYmxlIjtiOjA7czoyNDoiaXNUb2dnbGVkSGlkZGVuQnlEZWZhdWx0IjtOO319czo0MDoiOTNiNDhmZGQ0ZWQ3MTQyMTZlZDc1MTZlOTlhZDZjZWVfY29sdW1ucyI7YTo3OntpOjA7YTo3OntzOjQ6InR5cGUiO3M6NjoiY29sdW1uIjtzOjQ6Im5hbWUiO3M6NDoibmFtZSI7czo1OiJsYWJlbCI7czoxMjoiTmFtYSBMZW5na2FwIjtzOjg6ImlzSGlkZGVuIjtiOjA7czo5OiJpc1RvZ2dsZWQiO2I6MTtzOjEyOiJpc1RvZ2dsZWFibGUiO2I6MDtzOjI0OiJpc1RvZ2dsZWRIaWRkZW5CeURlZmF1bHQiO047fWk6MTthOjc6e3M6NDoidHlwZSI7czo2OiJjb2x1bW4iO3M6NDoibmFtZSI7czoxMDoidXNlci5lbWFpbCI7czo1OiJsYWJlbCI7czoxNjoiRW1haWwgLyBVc2VybmFtZSI7czo4OiJpc0hpZGRlbiI7YjowO3M6OToiaXNUb2dnbGVkIjtiOjE7czoxMjoiaXNUb2dnbGVhYmxlIjtiOjA7czoyNDoiaXNUb2dnbGVkSGlkZGVuQnlEZWZhdWx0IjtOO31pOjI7YTo3OntzOjQ6InR5cGUiO3M6NjoiY29sdW1uIjtzOjQ6Im5hbWUiO3M6NjoiZ2VuZGVyIjtzOjU6ImxhYmVsIjtzOjEzOiJKZW5pcyBLZWxhbWluIjtzOjg6ImlzSGlkZGVuIjtiOjA7czo5OiJpc1RvZ2dsZWQiO2I6MTtzOjEyOiJpc1RvZ2dsZWFibGUiO2I6MDtzOjI0OiJpc1RvZ2dsZWRIaWRkZW5CeURlZmF1bHQiO047fWk6MzthOjc6e3M6NDoidHlwZSI7czo2OiJjb2x1bW4iO3M6NDoibmFtZSI7czoxNzoic3R1ZGVudENsYXNzLm5hbWUiO3M6NToibGFiZWwiO3M6NToiS2VsYXMiO3M6ODoiaXNIaWRkZW4iO2I6MDtzOjk6ImlzVG9nZ2xlZCI7YjoxO3M6MTI6ImlzVG9nZ2xlYWJsZSI7YjowO3M6MjQ6ImlzVG9nZ2xlZEhpZGRlbkJ5RGVmYXVsdCI7Tjt9aTo0O2E6Nzp7czo0OiJ0eXBlIjtzOjY6ImNvbHVtbiI7czo0OiJuYW1lIjtzOjU6InBob25lIjtzOjU6ImxhYmVsIjtzOjEyOiJOby4gSFAgU2lzd2EiO3M6ODoiaXNIaWRkZW4iO2I6MDtzOjk6ImlzVG9nZ2xlZCI7YjoxO3M6MTI6ImlzVG9nZ2xlYWJsZSI7YjowO3M6MjQ6ImlzVG9nZ2xlZEhpZGRlbkJ5RGVmYXVsdCI7Tjt9aTo1O2E6Nzp7czo0OiJ0eXBlIjtzOjY6ImNvbHVtbiI7czo0OiJuYW1lIjtzOjExOiJpc19jb21wbGV0ZSI7czo1OiJsYWJlbCI7czoxMToiU3RhdHVzIERhdGEiO3M6ODoiaXNIaWRkZW4iO2I6MDtzOjk6ImlzVG9nZ2xlZCI7YjoxO3M6MTI6ImlzVG9nZ2xlYWJsZSI7YjowO3M6MjQ6ImlzVG9nZ2xlZEhpZGRlbkJ5RGVmYXVsdCI7Tjt9aTo2O2E6Nzp7czo0OiJ0eXBlIjtzOjY6ImNvbHVtbiI7czo0OiJuYW1lIjtzOjk6ImlzX2FjdGl2ZSI7czo1OiJsYWJlbCI7czoxMjoiQWtzZXMgU2lzdGVtIjtzOjg6ImlzSGlkZGVuIjtiOjA7czo5OiJpc1RvZ2dsZWQiO2I6MTtzOjEyOiJpc1RvZ2dsZWFibGUiO2I6MDtzOjI0OiJpc1RvZ2dsZWRIaWRkZW5CeURlZmF1bHQiO047fX1zOjQwOiI5NGFlNWMwN2Q4ZmRlYmQyNTljOTRiZTk1OTA3ZWQ2YV9jb2x1bW5zIjthOjk6e2k6MDthOjc6e3M6NDoidHlwZSI7czo2OiJjb2x1bW4iO3M6NDoibmFtZSI7czo4OiJyb3dJbmRleCI7czo1OiJsYWJlbCI7czoyOiJObyI7czo4OiJpc0hpZGRlbiI7YjowO3M6OToiaXNUb2dnbGVkIjtiOjE7czoxMjoiaXNUb2dnbGVhYmxlIjtiOjA7czoyNDoiaXNUb2dnbGVkSGlkZGVuQnlEZWZhdWx0IjtOO31pOjE7YTo3OntzOjQ6InR5cGUiO3M6NjoiY29sdW1uIjtzOjQ6Im5hbWUiO3M6MTc6ImFjYWRlbWljWWVhci5uYW1lIjtzOjU6ImxhYmVsIjtzOjEyOiJUYWh1biBBamFyYW4iO3M6ODoiaXNIaWRkZW4iO2I6MDtzOjk6ImlzVG9nZ2xlZCI7YjowO3M6MTI6ImlzVG9nZ2xlYWJsZSI7YjoxO3M6MjQ6ImlzVG9nZ2xlZEhpZGRlbkJ5RGVmYXVsdCI7YjoxO31pOjI7YTo3OntzOjQ6InR5cGUiO3M6NjoiY29sdW1uIjtzOjQ6Im5hbWUiO3M6MTI6InN0dWRlbnQubmFtZSI7czo1OiJsYWJlbCI7czoxMDoiTmFtYSBTaXN3YSI7czo4OiJpc0hpZGRlbiI7YjowO3M6OToiaXNUb2dnbGVkIjtiOjE7czoxMjoiaXNUb2dnbGVhYmxlIjtiOjA7czoyNDoiaXNUb2dnbGVkSGlkZGVuQnlEZWZhdWx0IjtOO31pOjM7YTo3OntzOjQ6InR5cGUiO3M6NjoiY29sdW1uIjtzOjQ6Im5hbWUiO3M6MjU6InN0dWRlbnQuc3R1ZGVudENsYXNzLm5hbWUiO3M6NToibGFiZWwiO3M6NToiS2VsYXMiO3M6ODoiaXNIaWRkZW4iO2I6MDtzOjk6ImlzVG9nZ2xlZCI7YjoxO3M6MTI6ImlzVG9nZ2xlYWJsZSI7YjowO3M6MjQ6ImlzVG9nZ2xlZEhpZGRlbkJ5RGVmYXVsdCI7Tjt9aTo0O2E6Nzp7czo0OiJ0eXBlIjtzOjY6ImNvbHVtbiI7czo0OiJuYW1lIjtzOjExOiJkdWRpa2EubmFtZSI7czo1OiJsYWJlbCI7czoxMzoiVGVtcGF0IERVRElLQSI7czo4OiJpc0hpZGRlbiI7YjowO3M6OToiaXNUb2dnbGVkIjtiOjE7czoxMjoiaXNUb2dnbGVhYmxlIjtiOjA7czoyNDoiaXNUb2dnbGVkSGlkZGVuQnlEZWZhdWx0IjtOO31pOjU7YTo3OntzOjQ6InR5cGUiO3M6NjoiY29sdW1uIjtzOjQ6Im5hbWUiO3M6MTI6InRlYWNoZXIubmFtZSI7czo1OiJsYWJlbCI7czoxMDoiUGVtYmltYmluZyI7czo4OiJpc0hpZGRlbiI7YjowO3M6OToiaXNUb2dnbGVkIjtiOjE7czoxMjoiaXNUb2dnbGVhYmxlIjtiOjA7czoyNDoiaXNUb2dnbGVkSGlkZGVuQnlEZWZhdWx0IjtOO31pOjY7YTo3OntzOjQ6InR5cGUiO3M6NjoiY29sdW1uIjtzOjQ6Im5hbWUiO3M6MTA6InN0YXJ0X2RhdGUiO3M6NToibGFiZWwiO3M6OToiTXVsYWkgUEtMIjtzOjg6ImlzSGlkZGVuIjtiOjA7czo5OiJpc1RvZ2dsZWQiO2I6MTtzOjEyOiJpc1RvZ2dsZWFibGUiO2I6MDtzOjI0OiJpc1RvZ2dsZWRIaWRkZW5CeURlZmF1bHQiO047fWk6NzthOjc6e3M6NDoidHlwZSI7czo2OiJjb2x1bW4iO3M6NDoibmFtZSI7czo4OiJlbmRfZGF0ZSI7czo1OiJsYWJlbCI7czoxMToiU2VsZXNhaSBQS0wiO3M6ODoiaXNIaWRkZW4iO2I6MDtzOjk6ImlzVG9nZ2xlZCI7YjowO3M6MTI6ImlzVG9nZ2xlYWJsZSI7YjoxO3M6MjQ6ImlzVG9nZ2xlZEhpZGRlbkJ5RGVmYXVsdCI7YjoxO31pOjg7YTo3OntzOjQ6InR5cGUiO3M6NjoiY29sdW1uIjtzOjQ6Im5hbWUiO3M6Njoic3RhdHVzIjtzOjU6ImxhYmVsIjtzOjY6IlN0YXR1cyI7czo4OiJpc0hpZGRlbiI7YjowO3M6OToiaXNUb2dnbGVkIjtiOjE7czoxMjoiaXNUb2dnbGVhYmxlIjtiOjA7czoyNDoiaXNUb2dnbGVkSGlkZGVuQnlEZWZhdWx0IjtOO319fXM6ODoiZmlsYW1lbnQiO2E6MDp7fX0=',1778752654),('bPZoc0csw6DieYPHX6KHji5R3qMgGafioPfSLsk0',199,'2402:8780:1023:c522:3840:bd49:333e:d20c','Mozilla/5.0 (Linux; Android 10; K) AppleWebKit/537.36 (KHTML, like Gecko) Chrome/148.0.0.0 Mobile Safari/537.36','YTo1OntzOjY6Il90b2tlbiI7czo0MDoieWFid09IT1dRcG9oT0YwMTNxOGNqSGV6SVVMak1zNFdVUm5yejlpMiI7czozOiJ1cmwiO2E6MTp7czo4OiJpbnRlbmRlZCI7czo1OToiaHR0cHM6Ly9zZXJpYXRlLWpvaG5hdGhhbi11bmxhbWUubmdyb2stZnJlZS5kZXYvc2lzd2EvYWJzZW4iO31zOjk6Il9wcmV2aW91cyI7YToyOntzOjM6InVybCI7czo2MToiaHR0cHM6Ly9zZXJpYXRlLWpvaG5hdGhhbi11bmxhbWUubmdyb2stZnJlZS5kZXYvc2lzd2EvYmVyYW5kYSI7czo1OiJyb3V0ZSI7czoxMzoic2lzd2EuYmVyYW5kYSI7fXM6NjoiX2ZsYXNoIjthOjI6e3M6Mzoib2xkIjthOjA6e31zOjM6Im5ldyI7YTowOnt9fXM6NTA6ImxvZ2luX3dlYl81OWJhMzZhZGRjMmIyZjk0MDE1ODBmMDE0YzdmNThlYTRlMzA5ODlkIjtpOjE5OTt9',1778748167),('C7OTltjQCZ10bs6kAVsZULqfhqXiN3VRKXo8TL5e',NULL,'2402:8780:1023:c522:3d4f:2861:5c1e:3586','Mozilla/5.0 (Linux; Android 10; K) AppleWebKit/537.36 (KHTML, like Gecko) Chrome/148.0.0.0 Mobile Safari/537.36','YTozOntzOjY6Il90b2tlbiI7czo0MDoialBFREt3SVRhRU5zVzdvaXBZOFZrWkVheVJsR0NZQ1k4ZVd5VDVRYiI7czo2OiJfZmxhc2giO2E6Mjp7czozOiJvbGQiO2E6MDp7fXM6MzoibmV3IjthOjA6e319czo5OiJfcHJldmlvdXMiO2E6Mjp7czozOiJ1cmwiO3M6NTM6Imh0dHBzOi8vc2VyaWF0ZS1qb2huYXRoYW4tdW5sYW1lLm5ncm9rLWZyZWUuZGV2L2xvZ2luIjtzOjU6InJvdXRlIjtzOjU6ImxvZ2luIjt9fQ==',1778748999),('dnHyqaKpQnDg6317mSHaQyvK56I9ow5tDniH7Qv2',199,'2402:8780:1023:c522:3840:bd49:333e:d20c','Mozilla/5.0 (Linux; Android 10; K) AppleWebKit/537.36 (KHTML, like Gecko) Chrome/148.0.0.0 Mobile Safari/537.36','YTo0OntzOjY6Il90b2tlbiI7czo0MDoiSk92ZEs1OHdJQzIxeFE5bXJHSGwxa3FNUWxiU2NuT09Lc3Z1VzhRdiI7czo2OiJfZmxhc2giO2E6Mjp7czozOiJvbGQiO2E6MDp7fXM6MzoibmV3IjthOjA6e319czo5OiJfcHJldmlvdXMiO2E6Mjp7czozOiJ1cmwiO3M6NjA6Imh0dHBzOi8vc2VyaWF0ZS1qb2huYXRoYW4tdW5sYW1lLm5ncm9rLWZyZWUuZGV2L3Npc3dhL3Byb2ZpbCI7czo1OiJyb3V0ZSI7czoxMjoic2lzd2EucHJvZmlsIjt9czo1MDoibG9naW5fd2ViXzU5YmEzNmFkZGMyYjJmOTQwMTU4MGYwMTRjN2Y1OGVhNGUzMDk4OWQiO2k6MTk5O30=',1778745719),('F0RLdVtlY0lCM0JZFRAmWBv0arOHrF9LkwS2yLG7',199,'2402:8780:1023:c522:3840:bd49:333e:d20c','Mozilla/5.0 (Linux; Android 10; K) AppleWebKit/537.36 (KHTML, like Gecko) Chrome/148.0.0.0 Mobile Safari/537.36','YTo0OntzOjY6Il90b2tlbiI7czo0MDoibGJWQUtVWm04UGlLOFRITzg4NjNDRlZYYlNkTVBsYXFka2ZhdVRLMCI7czo5OiJfcHJldmlvdXMiO2E6Mjp7czozOiJ1cmwiO3M6NTk6Imh0dHBzOi8vc2VyaWF0ZS1qb2huYXRoYW4tdW5sYW1lLm5ncm9rLWZyZWUuZGV2L3Npc3dhL2Fic2VuIjtzOjU6InJvdXRlIjtzOjExOiJzaXN3YS5hYnNlbiI7fXM6NjoiX2ZsYXNoIjthOjI6e3M6Mzoib2xkIjthOjA6e31zOjM6Im5ldyI7YTowOnt9fXM6NTA6ImxvZ2luX3dlYl81OWJhMzZhZGRjMmIyZjk0MDE1ODBmMDE0YzdmNThlYTRlMzA5ODlkIjtpOjE5OTt9',1778747361),('Kc2YRfAY85iZS8Uqhlovdnjbn07cMnS383teQ4zv',NULL,'2402:8780:1023:c522:58eb:eef4:7149:bac0','Mozilla/5.0 (Windows NT 10.0; Win64; x64) AppleWebKit/537.36 (KHTML, like Gecko) Chrome/148.0.0.0 Safari/537.36 Edg/148.0.0.0','YTo0OntzOjY6Il90b2tlbiI7czo0MDoielVIdkZ4VEYycXZzSE9QOURUa1JiTlZ2ZXpyRmR5NlBJeGp1cmhleiI7czozOiJ1cmwiO2E6MTp7czo4OiJpbnRlbmRlZCI7czo2MzoiaHR0cHM6Ly9zZXJpYXRlLWpvaG5hdGhhbi11bmxhbWUubmdyb2stZnJlZS5kZXYvcGVtYmltYmluZy9kYXRhIjt9czo5OiJfcHJldmlvdXMiO2E6Mjp7czozOiJ1cmwiO3M6NjM6Imh0dHBzOi8vc2VyaWF0ZS1qb2huYXRoYW4tdW5sYW1lLm5ncm9rLWZyZWUuZGV2L2x1cGEta2F0YS1zYW5kaSI7czo1OiJyb3V0ZSI7czoyMDoiYXV0aC5mb3Jnb3QtcGFzc3dvcmQiO31zOjY6Il9mbGFzaCI7YToyOntzOjM6Im9sZCI7YTowOnt9czozOiJuZXciO2E6MDp7fX19',1778751072),('VH6bEYLDFB00qbombROEVaNpTO5Ci6We7wLJx9a0',152,'2402:8780:1023:c522:3d4f:2861:5c1e:3586','Mozilla/5.0 (Linux; Android 10; K) AppleWebKit/537.36 (KHTML, like Gecko) Chrome/148.0.0.0 Mobile Safari/537.36','YTo0OntzOjY6Il90b2tlbiI7czo0MDoiRHJyVTdEV2ZZNVU2SVN4c0hJUTdDaGlYelBtVnFvRThBa0lHYlJVSSI7czo5OiJfcHJldmlvdXMiO2E6Mjp7czozOiJ1cmwiO3M6NjY6Imh0dHBzOi8vc2VyaWF0ZS1qb2huYXRoYW4tdW5sYW1lLm5ncm9rLWZyZWUuZGV2L3BlbWJpbWJpbmcvYmVyYW5kYSI7czo1OiJyb3V0ZSI7czoxODoicGVtYmltYmluZy5iZXJhbmRhIjt9czo2OiJfZmxhc2giO2E6Mjp7czozOiJvbGQiO2E6MDp7fXM6MzoibmV3IjthOjA6e319czo1MDoibG9naW5fd2ViXzU5YmEzNmFkZGMyYjJmOTQwMTU4MGYwMTRjN2Y1OGVhNGUzMDk4OWQiO2k6MTUyO30=',1778749604),('vYa50KQHrVFB5MWW4y1nSp2QriP3m4pCaP71wLzY',152,'2402:8780:1023:c522:3d4f:2861:5c1e:3586','Mozilla/5.0 (Linux; Android 10; K) AppleWebKit/537.36 (KHTML, like Gecko) Chrome/148.0.0.0 Mobile Safari/537.36','YTo1OntzOjY6Il90b2tlbiI7czo0MDoiZWxoSUk1RXNURHdQRm03NXFOYVBMbUdEYXJUbXdBVXFHUFEzZHNkVSI7czozOiJ1cmwiO2E6MTp7czo4OiJpbnRlbmRlZCI7czo2MzoiaHR0cHM6Ly9zZXJpYXRlLWpvaG5hdGhhbi11bmxhbWUubmdyb2stZnJlZS5kZXYvcGVtYmltYmluZy9kYXRhIjt9czo5OiJfcHJldmlvdXMiO2E6Mjp7czozOiJ1cmwiO3M6NjY6Imh0dHBzOi8vc2VyaWF0ZS1qb2huYXRoYW4tdW5sYW1lLm5ncm9rLWZyZWUuZGV2L3BlbWJpbWJpbmcvYmVyYW5kYSI7czo1OiJyb3V0ZSI7czoxODoicGVtYmltYmluZy5iZXJhbmRhIjt9czo2OiJfZmxhc2giO2E6Mjp7czozOiJvbGQiO2E6MDp7fXM6MzoibmV3IjthOjA6e319czo1MDoibG9naW5fd2ViXzU5YmEzNmFkZGMyYjJmOTQwMTU4MGYwMTRjN2Y1OGVhNGUzMDk4OWQiO2k6MTUyO30=',1778749798),('wixo3Yvcc9BIROZEob3Q9d4Goqpe1d4XUYZzDuHm',NULL,'2402:8780:1023:c522:3840:bd49:333e:d20c','Mozilla/5.0 (Linux; Android 10; K) AppleWebKit/537.36 (KHTML, like Gecko) Chrome/148.0.0.0 Mobile Safari/537.36','YTozOntzOjY6Il90b2tlbiI7czo0MDoiYWt3QVFCdTNYUEtiUktSWnFkUHlQa014eFpXNTh3U3dnZDVGSXJYdCI7czo2OiJfZmxhc2giO2E6Mjp7czozOiJvbGQiO2E6MDp7fXM6MzoibmV3IjthOjA6e319czo5OiJfcHJldmlvdXMiO2E6Mjp7czozOiJ1cmwiO3M6NTM6Imh0dHBzOi8vc2VyaWF0ZS1qb2huYXRoYW4tdW5sYW1lLm5ncm9rLWZyZWUuZGV2L2xvZ2luIjtzOjU6InJvdXRlIjtzOjU6ImxvZ2luIjt9fQ==',1778747028),('yzxU33CpQGpDwcSCFusKk4Xb9wDjXxYlNYyPqp0y',199,'2402:8780:1023:c522:3840:bd49:333e:d20c','Mozilla/5.0 (Linux; Android 10; K) AppleWebKit/537.36 (KHTML, like Gecko) Chrome/148.0.0.0 Mobile Safari/537.36','YTo0OntzOjY6Il90b2tlbiI7czo0MDoiQ2lmYkpHU2tEMUZQSUo5U0tIWTdJU1dubDBKQXZ4SXhMcWc2SjlZYSI7czo5OiJfcHJldmlvdXMiO2E6Mjp7czozOiJ1cmwiO3M6NTk6Imh0dHBzOi8vc2VyaWF0ZS1qb2huYXRoYW4tdW5sYW1lLm5ncm9rLWZyZWUuZGV2L3Npc3dhL2Fic2VuIjtzOjU6InJvdXRlIjtzOjExOiJzaXN3YS5hYnNlbiI7fXM6NjoiX2ZsYXNoIjthOjI6e3M6Mzoib2xkIjthOjA6e31zOjM6Im5ldyI7YTowOnt9fXM6NTA6ImxvZ2luX3dlYl81OWJhMzZhZGRjMmIyZjk0MDE1ODBmMDE0YzdmNThlYTRlMzA5ODlkIjtpOjE5OTt9',1778747678);
/*!40000 ALTER TABLE `sessions` ENABLE KEYS */;
UNLOCK TABLES;

--
-- Table structure for table `student_classes`
--

DROP TABLE IF EXISTS `student_classes`;
/*!40101 SET @saved_cs_client     = @@character_set_client */;
/*!50503 SET character_set_client = utf8mb4 */;
CREATE TABLE `student_classes` (
  `id` bigint unsigned NOT NULL AUTO_INCREMENT,
  `major_id` bigint unsigned NOT NULL,
  `name` varchar(255) CHARACTER SET utf8mb4 COLLATE utf8mb4_unicode_ci NOT NULL,
  `created_at` timestamp NULL DEFAULT NULL,
  `updated_at` timestamp NULL DEFAULT NULL,
  PRIMARY KEY (`id`),
  KEY `student_classes_major_id_foreign` (`major_id`),
  CONSTRAINT `student_classes_major_id_foreign` FOREIGN KEY (`major_id`) REFERENCES `majors` (`id`) ON DELETE CASCADE
) ENGINE=InnoDB AUTO_INCREMENT=6 DEFAULT CHARSET=utf8mb4 COLLATE=utf8mb4_unicode_ci;
/*!40101 SET character_set_client = @saved_cs_client */;

--
-- Dumping data for table `student_classes`
--

LOCK TABLES `student_classes` WRITE;
/*!40000 ALTER TABLE `student_classes` DISABLE KEYS */;
INSERT INTO `student_classes` VALUES (1,1,'XII TKJ 1','2026-04-16 15:21:42','2026-04-16 15:21:42'),(2,1,'XII TKJ 2','2026-04-16 15:21:49','2026-04-16 15:21:49'),(3,2,'XII PH 1','2026-04-16 15:22:08','2026-04-16 15:22:08'),(4,2,'XII PH 2','2026-04-16 15:22:15','2026-04-16 15:22:15');
/*!40000 ALTER TABLE `student_classes` ENABLE KEYS */;
UNLOCK TABLES;

--
-- Table structure for table `students`
--

DROP TABLE IF EXISTS `students`;
/*!40101 SET @saved_cs_client     = @@character_set_client */;
/*!50503 SET character_set_client = utf8mb4 */;
CREATE TABLE `students` (
  `id` bigint unsigned NOT NULL AUTO_INCREMENT,
  `user_id` bigint unsigned DEFAULT NULL,
  `is_active` tinyint(1) NOT NULL DEFAULT '1',
  `student_class_id` bigint unsigned NOT NULL,
  `name` varchar(255) CHARACTER SET utf8mb4 COLLATE utf8mb4_unicode_ci NOT NULL,
  `avatar` varchar(255) COLLATE utf8mb4_unicode_ci DEFAULT NULL,
  `academic_year_id` bigint unsigned DEFAULT NULL,
  `nis` varchar(255) CHARACTER SET utf8mb4 COLLATE utf8mb4_unicode_ci NOT NULL,
  `nisn` varchar(255) CHARACTER SET utf8mb4 COLLATE utf8mb4_unicode_ci DEFAULT NULL,
  `phone` varchar(255) CHARACTER SET utf8mb4 COLLATE utf8mb4_unicode_ci DEFAULT NULL,
  `gender` enum('L','P') CHARACTER SET utf8mb4 COLLATE utf8mb4_unicode_ci NOT NULL,
  `birth_place` varchar(255) CHARACTER SET utf8mb4 COLLATE utf8mb4_unicode_ci DEFAULT NULL,
  `birth_date` date DEFAULT NULL,
  `religion` varchar(255) CHARACTER SET utf8mb4 COLLATE utf8mb4_unicode_ci DEFAULT NULL,
  `address` text CHARACTER SET utf8mb4 COLLATE utf8mb4_unicode_ci,
  `father_name` varchar(255) CHARACTER SET utf8mb4 COLLATE utf8mb4_unicode_ci DEFAULT NULL,
  `mother_name` varchar(255) CHARACTER SET utf8mb4 COLLATE utf8mb4_unicode_ci DEFAULT NULL,
  `father_job` varchar(255) CHARACTER SET utf8mb4 COLLATE utf8mb4_unicode_ci DEFAULT NULL,
  `mother_job` varchar(255) CHARACTER SET utf8mb4 COLLATE utf8mb4_unicode_ci DEFAULT NULL,
  `parent_address` text CHARACTER SET utf8mb4 COLLATE utf8mb4_unicode_ci,
  `parent_phone` varchar(255) CHARACTER SET utf8mb4 COLLATE utf8mb4_unicode_ci DEFAULT NULL,
  `created_at` timestamp NULL DEFAULT NULL,
  `updated_at` timestamp NULL DEFAULT NULL,
  PRIMARY KEY (`id`),
  UNIQUE KEY `students_nis_unique` (`nis`),
  KEY `students_user_id_foreign` (`user_id`),
  KEY `students_student_class_id_foreign` (`student_class_id`),
  KEY `students_academic_year_id_foreign` (`academic_year_id`),
  CONSTRAINT `students_academic_year_id_foreign` FOREIGN KEY (`academic_year_id`) REFERENCES `academic_years` (`id`) ON DELETE SET NULL,
  CONSTRAINT `students_student_class_id_foreign` FOREIGN KEY (`student_class_id`) REFERENCES `student_classes` (`id`) ON DELETE CASCADE,
  CONSTRAINT `students_user_id_foreign` FOREIGN KEY (`user_id`) REFERENCES `users` (`id`) ON DELETE CASCADE
) ENGINE=InnoDB AUTO_INCREMENT=82 DEFAULT CHARSET=utf8mb4 COLLATE=utf8mb4_unicode_ci;
/*!40101 SET character_set_client = @saved_cs_client */;

--
-- Dumping data for table `students`
--

LOCK TABLES `students` WRITE;
/*!40000 ALTER TABLE `students` DISABLE KEYS */;
INSERT INTO `students` VALUES (29,185,1,2,'Fairuz Annafi','students/avatars/BVVurk8lJ7VvGeXz6nYsQJygQZajXrkDPlbeRKAr.jpg',1,'12693/259.4.2.1','84462576','089682154448','L','Banyuwangi','2008-01-18','Islam','Krajan','Supriyanto','Supriyanti','Pedagang','Freelance','Krajan','08968215111','2026-04-18 09:06:39','2026-05-10 14:36:29'),(30,186,1,2,'Marvel Alpriand',NULL,1,'12941/271.4.2.1','86323406','089682154449','L','Banyuwangi','2008-02-01','Islam','Perk. Kaliklatak',NULL,NULL,NULL,NULL,NULL,NULL,'2026-04-18 09:06:39','2026-04-27 16:41:00'),(31,187,1,2,'Moch Riski Azizi',NULL,1,'12672/238.4.2.1','92276812','089682154449','L','Banyuwangi','2009-01-24','Islam','Jalan Ikan Kembang Waru','Ayahanda','Ibuhanda','Wiraswasta','IRT','Jalan Ikan Kembang Waru','089682154449','2026-04-18 09:06:39','2026-05-11 10:43:32'),(32,188,1,2,'MOH. AGUS SASTRO NEGORO',NULL,1,'12674/240.4.2.1','3080048799',NULL,'L','BANYUWANGI','2008-08-17','Islam','LINGK. KLATAKAN',NULL,NULL,NULL,NULL,NULL,NULL,'2026-04-18 09:06:40','2026-04-18 09:06:40'),(33,189,1,2,'MOH. ALI FIQRI',NULL,1,'12675/241.4.2.1','0089068142',NULL,'L','Banyuwangi','2008-12-22','Islam','DSN KAMPUNG LOR',NULL,NULL,NULL,NULL,NULL,NULL,'2026-04-18 09:06:40','2026-04-18 09:06:40'),(34,190,1,2,'MOH. AZKKIYAIL ABROR',NULL,1,'12676/242.4.2.1','3099037238',NULL,'L','BANYUWANGI','2009-02-01','Islam','DUSUN SUKOSARI',NULL,NULL,NULL,NULL,NULL,NULL,'2026-04-18 09:06:40','2026-04-18 09:06:40'),(35,191,1,2,'Moh. Dhanu Muhlidi',NULL,1,'12877/243.9.2.1','0086650876',NULL,'L','Banyuwangi','2008-03-28','Islam','Dusun Kedawung',NULL,NULL,NULL,NULL,NULL,NULL,'2026-04-18 09:06:40','2026-04-18 09:06:40'),(36,192,1,2,'MOH. RIP-AN IRFANI',NULL,1,'12678/244.4.2.1','0096300065',NULL,'L','Banyuwangi','2010-04-01','Islam','LINGK. SECANG MANGIR',NULL,NULL,NULL,NULL,NULL,NULL,'2026-04-18 09:06:41','2026-04-18 09:06:41'),(37,193,1,2,'MOHAMAD ADI FIRNANDO',NULL,1,'12679/245.4.2.1','0086442965',NULL,'L','Banyuwangi','2008-08-02','Islam','LINGKUNGAN KRAJAN',NULL,NULL,NULL,NULL,NULL,NULL,'2026-04-18 09:06:41','2026-04-18 09:06:41'),(38,194,1,2,'MOHAMMAD RIZQILLAH ALFI SAKHI',NULL,1,'12680/246.4.2.1','0098262085',NULL,'L','Banyuwangi','2009-06-27','Islam','DSN KRAJAN',NULL,NULL,NULL,NULL,NULL,NULL,'2026-04-18 09:06:41','2026-04-18 09:06:41'),(39,195,1,2,'Muhamad Firly Adzani',NULL,1,'12683/249.4.2.1','0085482638',NULL,'L','Banyuwangi','2008-12-28','Islam','Jalan KH. Asyari No. 68 A',NULL,NULL,NULL,NULL,NULL,NULL,'2026-04-18 09:06:41','2026-04-18 09:06:41'),(40,196,1,2,'MUHAMMAD CHINO',NULL,1,'12681/247.4.2.1','0151080074',NULL,'L','BANYUWANGI','2008-10-07','Islam','JL. BATUR GG. I KYAI ANWAR',NULL,NULL,NULL,NULL,NULL,NULL,'2026-04-18 09:06:41','2026-04-18 09:06:42'),(41,197,1,2,'MUHAMMAD DONY FAREL PRATAMA DIWANGGA',NULL,1,'12682/248.4.2.1','0085293301',NULL,'L','Banyuwangi','2008-11-04','Islam','LINGK. KRAMAT',NULL,NULL,NULL,NULL,NULL,NULL,'2026-04-18 09:06:42','2026-04-18 09:06:42'),(42,198,1,2,'MUHAMMAD IBNU KHAWARIZMI',NULL,1,'12684/250.4.2.1','0091475458',NULL,'L','Banjarmasin','2009-02-08','Islam','PERUM ALAM PESEONA KERTOSARI BLOK D 12',NULL,NULL,NULL,NULL,NULL,NULL,'2026-04-18 09:06:42','2026-04-18 09:06:42'),(43,199,1,2,'MUHAMMAD RIDHO SAFA\'AD',NULL,1,'12686/252.4.2.1','0098672286',NULL,'L','BANYUWANGI','2009-04-03','Islam','LINGK. KAMPUNG BARU',NULL,NULL,NULL,NULL,NULL,NULL,'2026-04-18 09:06:42','2026-04-18 09:06:42'),(44,200,1,2,'NILA CAHYA CINTA',NULL,1,'12687/253.4.2.1','3095768063',NULL,'P','BANYUWANGI','2009-05-17','Islam','PERUM PURI KERTOSARI ASRI BLOK I 06 RT/RW 005/004',NULL,NULL,NULL,NULL,NULL,NULL,'2026-04-18 09:06:42','2026-04-18 09:06:43'),(45,201,1,2,'Nuria Amandita',NULL,1,'12689/255.4.2.1','0086020018',NULL,'P','Banyuwangi','2008-05-27','Islam','Dsn. Guwo',NULL,NULL,NULL,NULL,NULL,NULL,'2026-04-18 09:06:43','2026-04-18 09:06:43'),(46,202,1,2,'PARIS HAMALATUL ARS',NULL,1,'12690/256.4.2.1','0088714751',NULL,'P','Banyuwangi','2008-07-12','Islam','PERUM PURI GADING MAS PERMAI',NULL,NULL,NULL,NULL,NULL,NULL,'2026-04-18 09:06:43','2026-04-18 09:06:43'),(47,203,1,2,'PRADANA ANDHIKA ZUFAR UMAR',NULL,1,'12691/257.4.2.1','0084716774',NULL,'L','Banyuwangi','2008-12-19','Islam','Puri Brawijaya Permai IV LINGK. KRAJAN',NULL,NULL,NULL,NULL,NULL,NULL,'2026-04-18 09:06:43','2026-04-18 09:06:43'),(48,204,1,2,'PUTRI AMILUL INSANI',NULL,1,'12692/258.4.2.1','0084898412',NULL,'P','JEMBER','2008-12-07','Islam','Jl. Slamet Riyadi Gg. Sentral NO. 86',NULL,NULL,NULL,NULL,NULL,NULL,'2026-04-18 09:06:43','2026-04-18 09:06:44'),(49,205,1,2,'RADIT VIRGUNA PUTRA',NULL,1,'12694/260.4.2.1','0088962307',NULL,'L','BANYUWANGI','2008-08-20','Islam','JL SERAYU NO 4',NULL,NULL,NULL,NULL,NULL,NULL,'2026-04-18 09:06:44','2026-04-18 09:06:44'),(50,206,1,2,'Rafi Saputra',NULL,1,'12695/261.4.2.1','0093560745',NULL,'L','Banyuwangi','2009-04-07','Islam','LINGK. PAYAMAN',NULL,NULL,NULL,NULL,NULL,NULL,'2026-04-18 09:06:44','2026-04-18 09:06:44'),(51,207,1,2,'RISKIYANTO',NULL,1,'12696/262.4.2.1','0084786529',NULL,'L','Banyuwangi','2008-06-09','Islam','LINGK SECANG MANGIR',NULL,NULL,NULL,NULL,NULL,NULL,'2026-04-18 09:06:44','2026-04-18 09:06:44'),(52,208,1,2,'ROHMAN BAI\'HAKI',NULL,1,'12697/263.4.2.1','3093265220',NULL,'L','BANYUWANGI','2009-01-09','Islam','LINGK. KAMPUNG BARU',NULL,NULL,NULL,NULL,NULL,NULL,'2026-04-18 09:06:44','2026-04-18 09:06:45'),(53,209,1,2,'SRI RAHAYU LESTARI NINGSIH',NULL,1,'12698/264.4.2.1','3083552289',NULL,'P','BANYUWANGI','2008-10-24','Islam','DUSUN SUWALUH',NULL,NULL,NULL,NULL,NULL,NULL,'2026-04-18 09:06:45','2026-04-18 09:06:45'),(54,210,1,2,'SUCI RUSMAIDA',NULL,1,'12699/265.4.2.1','0085955212',NULL,'P','BANYUWANGI','2008-09-18','Islam','JL. CENDRAWASIH',NULL,NULL,NULL,NULL,NULL,NULL,'2026-04-18 09:06:45','2026-04-18 09:06:45'),(55,211,1,2,'TALITHA BALQIZ ANASTASIA SALSABILA',NULL,1,'12700/266.4.2.1','0085126367',NULL,'P','BANYUWANGI','2008-01-17','Islam','JL. RIAU GG. INTAN DUSUN KRAJAN',NULL,NULL,NULL,NULL,NULL,NULL,'2026-04-18 09:06:45','2026-04-18 09:06:45'),(56,212,1,2,'UMAR THALIB',NULL,1,'12701/267.4.2.1','0082643451',NULL,'L','Sumenep','2008-10-21','Islam','JL. BELITUNG NO. 41',NULL,NULL,NULL,NULL,NULL,NULL,'2026-04-18 09:06:45','2026-04-18 09:06:46'),(57,213,1,2,'Vinzha Putra Irliandra',NULL,1,'12702/268.4.2.1','0081263956',NULL,'L','Banyuwangi','2008-09-03','Islam','Lingkungan Sukowidi',NULL,NULL,NULL,NULL,NULL,NULL,'2026-04-18 09:06:46','2026-04-19 14:24:59'),(58,214,1,2,'WISNU TADZARUSMAN',NULL,1,'12703/269.4.2.1','3082200291',NULL,'L','BANYUWANGI','2008-05-02','Islam','-',NULL,NULL,NULL,NULL,NULL,NULL,'2026-04-18 09:06:46','2026-04-19 14:25:00'),(59,215,1,2,'ZAYNU HENDRA WISMA',NULL,1,'12942/272.4.2.1','0099983430',NULL,'L','BANYUWANGI','2009-02-05','Islam','LINGK. KAMPUNG BARU',NULL,NULL,NULL,NULL,NULL,NULL,'2026-04-18 09:06:46','2026-04-19 14:25:01'),(60,216,1,2,'ZIDAN ROUF FIRDAUSI ALFARIQ',NULL,1,'12704/270.4.2.1','0083471744',NULL,'L','BANYUWANGI','2008-04-18','Islam','LINGK. PELAMPANG',NULL,NULL,NULL,NULL,NULL,NULL,'2026-04-18 09:06:46','2026-04-21 15:31:38'),(61,220,1,3,'Achmad Gesar Pratama',NULL,1,'12823/076.9.2.1','0072019810','082331726605','L','Banyuwangi','2007-08-02','Islam','Dusun Krajan',NULL,NULL,NULL,NULL,NULL,NULL,'2026-04-27 12:41:44','2026-04-27 12:41:44'),(62,221,1,3,'M. Agista Cahyani Putri','students/avatars/6a054be278871.jpg',1,'12824/077.9.2.1','95814164','082331725119','P','BANYUWANGI','2009-02-15','Islam','JL. IKAN PAUS PERUM GRIYA PESONA','Supriyanto','Supriyanti','Freelance','Ibu Rumah Tangga','JL. IKAN PAUS PERUM GRIYA PESONA','081234567890','2026-04-27 12:41:44','2026-05-14 04:13:22'),(63,222,1,3,'Ahmad Rosidi',NULL,1,'12827/080.9.2.1','0083644918','081335531457','L','Banyuwangi','2008-05-01','Islam','LINGK KALI KLATAK',NULL,NULL,NULL,NULL,NULL,NULL,'2026-04-27 12:41:45','2026-04-27 12:41:45'),(64,223,1,3,'Alea Sandrina',NULL,1,'12829/082.9.2.1','0088702765','082334340174','P','Jakarta','2008-07-08','Islam','DUSUN KEMPON NO 23',NULL,NULL,NULL,NULL,NULL,NULL,'2026-04-27 12:41:45','2026-04-27 12:41:46'),(65,224,1,3,'ANDRE MAULANA',NULL,1,'12831/084.9.2.1','0083321962','081335376975','L','BANYUWANGI','2008-12-30','Islam','JL. IKAN SEPAT NO 22',NULL,NULL,NULL,NULL,NULL,NULL,'2026-04-27 12:41:46','2026-04-27 12:41:46'),(66,225,1,3,'ANGELA DESVITA ARTHASAYANA',NULL,1,'12832/085.9.2.1','0085060229',NULL,'P','BANYUWANGI','2008-12-14','Islam','DUSUN GUNUNG REMUK',NULL,NULL,NULL,NULL,NULL,NULL,'2026-04-27 12:41:46','2026-04-27 12:41:47'),(67,226,1,3,'Anindya Berlini',NULL,1,'12833/086.9.2.1','0087602055','089525720428','P','Banyuwangi','2008-07-08','Islam','JL. BANTERAN NO. 7',NULL,NULL,NULL,NULL,NULL,NULL,'2026-04-27 12:41:47','2026-04-27 12:41:47'),(68,227,1,3,'CHRISTIAN SAZANI RIZKY ANUGERAH',NULL,1,'12836/089.9.2.1','0088077239','089523907209','L','BANYUWANGI','2008-12-04','Kristen','JL IKAN KERAPU',NULL,NULL,NULL,NULL,NULL,NULL,'2026-04-27 12:41:47','2026-04-27 12:41:48'),(69,228,1,3,'Dafigo Januar Aditya',NULL,1,'12837/090.9.2.1','0096005290','082231418800','L','Banyuwangi','2009-01-28','Islam','LINGK. KALI KLATAK',NULL,NULL,NULL,NULL,NULL,NULL,'2026-04-27 12:41:48','2026-04-27 12:41:48'),(70,229,1,3,'DINA KURNIA SANI',NULL,1,'12838/091.9.2.1','3095728771',NULL,'P','BANYUWANGI','2009-02-14','Islam','DUSUN KRAJAN',NULL,NULL,NULL,NULL,NULL,NULL,'2026-04-27 12:41:48','2026-04-27 12:41:49'),(71,230,1,3,'Dita Ananda Kesya',NULL,1,'12839/092.9.2.1','0081471029','087855570936','P','Banyuwangi','2008-04-23','Islam','DSN KEPUH WETAN',NULL,NULL,NULL,NULL,NULL,NULL,'2026-04-27 12:41:49','2026-04-27 12:41:49'),(72,231,1,3,'FITRIANA KHOFIFAH ANGGRAINI',NULL,1,'12842/095.9.2.1','0085659885','085755393446','P','BANYUWANGI','2008-10-10','Islam','Plembon',NULL,NULL,NULL,NULL,NULL,NULL,'2026-04-27 12:41:49','2026-04-27 12:41:50'),(73,232,1,3,'HOYRIYATUL JAMILATUL ULFA',NULL,1,'12843/096.9.2.1','0084516386','081252004467','P','BANYUWANGI','2008-08-15','Islam','DUSUN SELOGIRI',NULL,NULL,NULL,NULL,NULL,NULL,'2026-04-27 12:41:50','2026-04-27 12:41:50'),(74,233,1,3,'INTAN AYU SAFITRI',NULL,1,'12844/097.9.2.1','0076583130','085707054724','P','BANYUWANGI','2007-10-14','Islam','Dsn. Tanah Los',NULL,NULL,NULL,NULL,NULL,NULL,'2026-04-27 12:41:50','2026-04-27 12:41:50'),(75,234,1,3,'Jahrotus Shita H',NULL,1,'12845/098.9.2.1','0089492322','085963002086','P','Banyuwangi','2008-03-21','Islam','DUSUN KEPUH WETAN',NULL,NULL,NULL,NULL,NULL,NULL,'2026-04-27 12:41:50','2026-04-27 12:41:51'),(76,235,1,3,'KAZMIR HAMDANI',NULL,1,'12846/099.9.2.1','0069536938',NULL,'L','BANYUWANGI','2006-06-05','Islam','PERUM VILLA MUTIARA HIJAU BLOK H 06',NULL,NULL,NULL,NULL,NULL,NULL,'2026-04-27 12:41:51','2026-04-27 12:41:51'),(77,236,1,3,'KENNY KIM YONG',NULL,1,'12847/100.9.2.1','0084171202','088291884658','L','BATAM','2008-02-05','Islam','MASYEBA BUKIT MAS BLOK B NO 8',NULL,NULL,NULL,NULL,NULL,NULL,'2026-04-27 12:41:51','2026-04-27 12:41:51'),(78,237,1,3,'KHARISMA MUSTIKA RANY',NULL,1,'12848/101.9.2.1','0087910242','0895346181096','P','BANYUWANGI','2008-03-28','Islam','DUSUN KRAJAN',NULL,NULL,NULL,NULL,NULL,NULL,'2026-04-27 12:41:51','2026-04-27 12:41:52'),(79,238,1,3,'LAILI MAGHFIROH',NULL,1,'12849/102.9.2.1','0085341563',NULL,'P','BANYUWANGI','2008-07-04','Islam','LINGK. SECANG',NULL,NULL,NULL,NULL,NULL,NULL,'2026-04-27 12:41:52','2026-04-27 12:41:52'),(80,239,1,3,'LANI SANJAYA','students/avatars/01KQYTY8C91WWBYCE6KEFQBCEJ.jpg',1,'12850/103.9.2.1','88978011',NULL,'P','BANYUWANGI','2008-12-29','Kristen','Jl. Ikan Paus',NULL,NULL,NULL,NULL,NULL,NULL,'2026-04-27 12:41:52','2026-05-14 03:41:32');
/*!40000 ALTER TABLE `students` ENABLE KEYS */;
UNLOCK TABLES;

--
-- Table structure for table `teachers`
--

DROP TABLE IF EXISTS `teachers`;
/*!40101 SET @saved_cs_client     = @@character_set_client */;
/*!50503 SET character_set_client = utf8mb4 */;
CREATE TABLE `teachers` (
  `id` bigint unsigned NOT NULL AUTO_INCREMENT,
  `user_id` bigint unsigned DEFAULT NULL,
  `name` varchar(255) CHARACTER SET utf8mb4 COLLATE utf8mb4_unicode_ci NOT NULL,
  `title` varchar(255) CHARACTER SET utf8mb4 COLLATE utf8mb4_unicode_ci DEFAULT NULL,
  `nip` varchar(255) CHARACTER SET utf8mb4 COLLATE utf8mb4_unicode_ci DEFAULT NULL,
  `phone` varchar(255) CHARACTER SET utf8mb4 COLLATE utf8mb4_unicode_ci DEFAULT NULL,
  `subject` varchar(255) CHARACTER SET utf8mb4 COLLATE utf8mb4_unicode_ci DEFAULT NULL,
  `signature_path` longtext CHARACTER SET utf8mb4 COLLATE utf8mb4_unicode_ci,
  `created_at` timestamp NULL DEFAULT NULL,
  `updated_at` timestamp NULL DEFAULT NULL,
  PRIMARY KEY (`id`),
  KEY `teachers_user_id_foreign` (`user_id`),
  CONSTRAINT `teachers_user_id_foreign` FOREIGN KEY (`user_id`) REFERENCES `users` (`id`) ON DELETE CASCADE
) ENGINE=InnoDB AUTO_INCREMENT=45 DEFAULT CHARSET=utf8mb4 COLLATE=utf8mb4_unicode_ci;
/*!40101 SET character_set_client = @saved_cs_client */;

--
-- Dumping data for table `teachers`
--

LOCK TABLES `teachers` WRITE;
/*!40000 ALTER TABLE `teachers` DISABLE KEYS */;
INSERT INTO `teachers` VALUES (20,133,'Ridho Kurniawan','M.Kom.',NULL,'089682154449','Produktif TKJ','data:image/png;base64,iVBORw0KGgoAAAANSUhEUgAAASwAAACWCAYAAABkW7XSAAAQAElEQVR4AeydTYgcRRiGq+NfolFWEDGgOAEvGg8qHiJEMt4UL1ETiAfN5OxBBQOCiLvkorjgevTkBg8JGEgOgiKCEyIaQTCiBw+CKxH8C7hiNMG/OE9vvt6anu6Z2Z3p/zfkTVV9VfVV9Vvdb6pqano2XNQfMSAGxEBFGNjg9EcMiAExUBEGJFgVGSh1UwyIAeckWA26C3SpYqDqDEiwqj6C6r8YaBADEqwGDbYuVQxUnQEJVtVHUP0XA0kM1NQmwarpwOqyxEAdGZBg1XFUdU1ioKYMSLBqOrC6LDFQRwYkWEmjKpsYEAOlZECCVcphUafEgBhIYkCClcSKbGJADJSSAQlWKYdFncqPAbVUJQYkWFUaLfVVDDScAQlWw28AXb4YqBIDEqwqjZb6KgYazsCEgtVw9nT5YkAM5MqABCtXutWYGBADkzAgwZqEPdUVA2IgVwYkWLnSXenG1HkxUDgDEqzCh0AdEANiYFwGJFjjMqVyYkAMFM6ABKvwIVAHxED5GChrjyRYZR0Z9UsMiIEBBiRYA5TIIAbEQFkZkGCVdWTULzEgBgYYkGANUDK5QR7EgBjIhgEJVja8yqsYEAMZMCDByoBUuRQDYiAbBiRY2fAqr01hQNeZKwMSrFzpVmNiQAxMwoAEaxL2VFcMiIFcGZBg5Uq3GhMDYmASBooVrEl6rrpiQAw0jgEJVuOGXBcsBqrLgASrumOnnouBxjEgwWrckBd1wWpXDEzOgARrcg7lQQyIgZwYkGDlRLSaEQNiYHIGJFiTcygPYkAM9DOQWUqClRm1ciwGxMC0GZBgTZtR+RMDYiAzBiRYmVErx2JADEybAQnWtBmd3J88iAExkMKABCuFGJnFgBgoHwMSrPKNiXokBsRACgMSrBRiZBYDeTCgNtbGgARrbXyptBgQAwUyIMEqkHw1LQbEwNoYkGCtja/CSi8tLblut+vm5uYiPPDAA27Pnj2hvbCOqWExkCMDlRasHHmauCkEBywuLoaCs3//fvdAT3DA1q1bHQiCwAVBP7Bv2rQpzKfs7Oysm72Ebrfrjh49GvqhHGI2cUflQAyUmAEJ1pQGBzECCBJAPEyUgiAIBQdRwTbbExzKIDiAeiCpK2a/+eabXavVcu12Owxd7A/l8EsbR44cieUqKQbqwYAEa8g4Ii4ID2IQL4YNsSGfmQ9CAagDEA8TpXhdE55Op+MoBz788EN3+PDheFH3zDPPuPPnz7szZ864b7/91lGO8OTJk27Xrl2u3W731aFftD8/P99nV0IM1IEBCVbKKCJECA5i8vrrrztfnIJgZcaEUJFPnrlBjAydTseR/+abb0ZCc/HixUh4sL/00ksOtNtt98Ybb5ibKFxYWHAIUGS4FNmxY4c7duxY5Jc2L2W5CxcuuFdeecUtLS2ZqfqhrkAM9BiQYPVISPr73nvvRWZEI0mcKIBQzM7OhrMjEyNmQMAECeFCkChLnSQgLt1uNynLLS4uum63m5iHEb/MvIgbzp496w4dOmRJhWKgFgxIsLxhRDSYWQVB4E6dOuXlrEYRh9meQAFECTBD2rt372qhdcRoe1i1pFmWX55+sXz0bfRxlF+/vOJioOwMNF6weKBNpNiD4iGPDxpiwAzGZlAIFMAeL5tVmn4+//zzQ92/9tprA/nUGzDKIAZKzUB65xolWDy8LK0QKJZ4QbCyFxUXqXZvP8mn7KabbnJxm58/jfjp06cH3OzevbvPxr4Ufe8zKiEGGsRArQULgWL/h4ec2RNAqBAohMsfZ2ZL2JlFsffk57E8/Oijj3zT1OMzMzMDPh977DEXt9NHrmegcM/A9faCvr8//vhjX1oJMVBlBmolWDywJlBBsDJ7Yu+Hh5y8+EAhUuz7sA8FWOZR5vjx4wR9+Oyzz/rS00589913Ay6Z2b3wwgsDdq4x6XqSNtm3b98+UF8GMVBVBiotWDy0gBkHMydmUCZQaQOCSCFgCBRg3webXz4+qyEvyYY9S7AMfe6558JPIP127Jp922p8NcZ1gVWLYmKg2gxURrDsIUWc+P7cli1botPjCFB8iecPCw8tZdg4R6SYSWHzyxQd5/rS+sAnkPFlKrOs+OHQOAdlu8a065NdDIzLQGkFi4cPcWLmFAQryztEB/D9uVF7MzyslEWgACLFjGVcYvIuFxcs+u/3gb4D3/biiy/6SQdnvqEd+/DAz1NcDFSRgdIJFg8dX/ZFqBAc0uMQywNOeWYibJybSGEfp75fZj11/PpZxOkT1+b75kS7CZ2Ffv6tt97qJxWvHwONu6JSCBYPG7Mp9qAQKh7EcUaChxiR8gWq0+mMU3XNZWhrzZUmqJDUHja+kuO7tY32J554wjeH8ay4CJ3rHzFQAAOFChYiFQSryz2EaxQHPLRxkRpVZxr5tDsNP2k+4tee1t7Bgwf7XDADpW782AWffvYVVEIM1ICBwgRr1Kd5Prc8vIiUv2nu50873u7t/fA6F98vffDTWcfT2qNvftsmWL6N+NNPP00giIFaMVCYYCU9kNgQJmYHLGd43Yq/3Is/rBOOxNDq586di/I3b94cxcsQgSe/HydOnPCTjvNb8TJ9BZQQAxVloDDB2rdvn0OcADMnX5g4G8UGMx/nF8Wrf+4qPtvKo087d+5MbYYloGXST444WJpw48aNBIIYqB0DhQkWMwCOGoA8Z07rGUFmLOupt5Y68OGXH8bJ5ZdfHhVdXl4eeO8Vs9OogCJioEYMFCZYZefQFxA/nlW//Tb8eFJ7zKqS7Nioy38CxIVVBhSrBwMSrJRx9Jddfjyl+FTNiM4wh3feeWdqtmZXqdQoowYMSLDGGMRRAjKGizUVGdXesHzNrtZEtQpXjAEJVkkGbNu2bWP35Keffkos++qrrybaZRQDdWFgLMGqy8WW+TpuuOGGqHvDZlC8dfTdd9+NylqEpSBvdrC0QjFQRwYkWCUZVf99WGnfAeSQKG8djXeZTxQ5BhK3Ky0G6saABKsiI4pY8T3LeHevvPJKxzm2uF1pMVBHBiRYKaOa9yeDKd0IzWliReaNN95IMD3IkxgoMQMSrJTBGbaPlFIlE/Pi4qJLmllZY/4hUrMpFAN1ZUCCVZKR9Wd07GeR5gviYFgX2Wwflq88MVAnBiRYJRlNf0b38ccfh69/ZnYV755fLp6ntBhYGwPVKy3BKsmYdbvdqCfvv/9+FPcjs7OzLv5yQx0U9RlSvO4MSLDGGOGsZzWI1cmTJ1N7wutteIMFb7jw32WPPbWSMsRADRmQYBU8qHNzc+Gm+r///jvQE4SSWdXvv//ueEeYvQ7ZCj711FMWVSgGGsGABCtlmBGLlKxL5skDPv1DkJI8sZluP6Rh+f6eFv17+eWXLUuhGGgEAxKsAoYZ4QmCwLEUTGp+9+7dLn5ynZkYnxxaeQTN4grFQFMYkGCljDQzmJSsiczMqkYdVYjvTSFs/kyMvvmb7b6QTdQ5VRYDJWdAgpXDACEozJD4GTPEJ95ku912aTMm6iJyfh0TK5up4ffZZ5/1iyg+XQbkrSQMSLCmPBAIDOJ0/fXXuyuuuMIFQfrPmCFUfA8Q+N1otVphEl9xsXrooYcc4kaeP1NbWFhw8Z/6Cp3oHzFQIwYkWCmD2Wq1opy0tydQYGlpyTFrQqSY6QCWb8vLy+6ff/6hyABY8iFSoN2bXcULfPXVVw6/iBWhn8+rZZhNff/99745jCfZwgz9IwZqwkApBIuH0gcCEMeRI0dc3GZp6jIeFhKfJnzxwi/tIFAICgJFiEhhJz8N+GF2xDGFdkyoEDirh2DhN80fs6kvv/zSikehBCuiQpGaMpCHYA2lbnFxMfwaCg+oAQGI4/HHHw/PK8XtpKkXBCtLryAIwmVYEKykb7nlFsfyzC9DHDshYGk1Pz/vAMKIUFxzzTVRv0+fPu0QKBAEK34RqG63G5VJivDFZH5xZ3Z21tnPmMU//bN6lLX4119/bdHU8Oeffx7IK+LnyAY60UDDUm+WDbgfuJ+5TwD3poH7jPwG0jPVSy5csBCLqV6R54ybiFkHsxfiZBEC7ISAm+zAgQMOIIzcXMQpD1iCITqA9DAwi6IcZ6j+/vtv98MPPzjbJE+rx839wQcfpGW7a6+9diCPpeGAUYaxGGDMfSAk3AOAsfCB4HCPEgLujU2bNoX/yQbByn+O2AD5lGX8AX4NtDdW51RoKAOFClYdBpFZDcs7blBECiBQCFcS81wzsIciCAJH3eXl5YHi+GCf66qrrhrI+/TTTwds9GXAWGMDPJogLC4uusUejFdCxAMRAQhKEPQLDDZAPmUBY+Gj2+2GfgnBUm82xWyYkPFh7H10Op1wPGd7s2pm04wf9wQz7Ha7XePRyOfSChUsBpyvnORzqdm0YjM1HhZueHD33Xe7PXv2OGzAHp4tW7aE/zNv3brVcUODpF5t2LAhPDjKjc5N/ueffyYVK6VtLZ3ioQcIATwRwpUBLgGCYgiCFdEJgpWludkpB+DUYD7xSzv0jXvOALeg0+m4Tg9WjxChAYwBIYJDnJA9SELS5PlApPgPC+Cz3W67VqtF08IUGChUsOg/X+rli7+AX33pdDqucwnbt293ec0aaAfQp6uvvpogAjOcmZmZKB2P8DAAHgweEva8jh496niAAA8Adv+Ly3EffvrJJ58MOTBblQQLHgBcmPAQwgPiwnIqCFZEB+EG2C0frgxwBvBlgJNWq+VaPbR7YmDgnrF6iAZASBAVgMAA4gbyAWUBImMwv9aOtUsoFMdA4YLFpe/YscMBfvWFG8fwySefuDNnzjhuMLuxuDEBN5QJDD6GgV+k4WbGLzdtEmgHkPfHH3+EbZpPXuny66+/Rhvn9Ofw4cPhLMj6YmXXGvJA0De+jpNWl/e2p+X59nH58OukxZd6Sx+AUCAaBhMfExjEBtEJgkER4roM1McXyyna5LoB4wiHVs5Cxgow7gDOGRtAHGA3UNbEBn8A37QBaFOoPgOlEKxRNHLDcfNxE3JjAm5UBIYbF5DGbiANuMF/+eWXcOOb+qPasnza3Lhxo+PMlNkIsYO9e/c6/NGetUM/ELJdu3aFea3eLIA6ADHBH+LZ6XQcDyb1qMOD5rdz7tw5qkT466+/oviwCMvTYfkIEEA4EBCAAAGEB5j4EAJsiJOBflMP4Afgk3a5XtBut51dI/wArpWx8JdTXDt28uHAB/UBvkCr1aIJoUwMFNCXSgjWMF64kQE3NTe4gTQYVndUHstAxMMeyFHl6QdCduzYsXD2xQPJQwoQ1/PnzzvE0x5Qv38sI80/wkObYC2n1++//37HcQ1EBrEBQRA49s5YipEG5PsChAghPIA26QfXAugjgFfKGbgGxMa/RuIAO/kIEPUAPvAriIFJGKi8YE1y8aPqMiOijD3ExH1gB8w2mKUYEANEAZhAEBqCYGXDmHQQrCylvvjii8j1qVOnos15RCjKGCOC2Jnw0DeqsHdmszSEAwEx4SFEpZRy/wAABeJJREFUYABig7gC4gA7MAFChAA+8IWo0YYgBvJgoPGCxUMNeMgRHgPiYwPAOaz77rsvOrgaBCsig+AABIoH34AP/AHzTWjArx8njUgQ+kAMWEr6tvXG//vvv/D3C5PEB+EBtLde/6onBvJgoFaChbBwpOCRRx6JPqHDxhGDe+65x91+++3h8igIAsdy77LLLotmMsyG9u/fH9VDfBAVBoHlGrMeBAhgWw/YcAZ8KXrz5s2hC/a0wkjCP7TPjCkha10m/K2roiqJgZIwUBvBYlazsLDgEJfjx4870gAbRww+//xzx1deWB7B/W+//eaYdRDPC3wZGnACnr0x2j179ixBLuh0Orm0o0bEQFYM1EawsiKoLn4lVnUZyWZfR20Eq937KJ2Dp5znAnfddZfj4KmFFmcJxheSOUbA0ozhZ3nYarUcZfFjuO2228gO7SwROZVPHg+/gXQa8Idf9qEIDfSBDX36gS1sJON/du7cmXELcp/OgHKmxUBtBIsHn4OnnJgHLAE5eGqhxTlWwBeSOQ/EJ2dsdnMolE/EKMumtAHhg2iEh0/GOJVPHp+YGUinAX/45UgDoYE+cMSBfmCjDwggbQHiZicP2yRAUPE5iQ/VFQNlYKA2gpUFmYggfifZaKf+WsH+lrVNXTbqCQGn3tPE57rrrqNIH5gZIqh9RiXEQEUZkGCNMXBLS0tjlJqsiN9GfCOe5ax5v+OOO8JDqZyoN5uFjz76qEOgLE2cmaGlFYqBqjNQAcEqjmL/JX5rOXG+nh6zr2X1/Dg2f4bF8hQbJ+oJfbBPhUDZcpK4n6+4GKg6AxKsISN47733RrkcR4gSGUQefvjhyGt8huUvD/2ZGB8cRJV6EVsq+uV7Zv0VA7VhQII1ZCh9cRhSLPMsvx++GPkzMfuAIPPOqAExUCADEqwCyU9r2hcoyvgiRdrAZvqDDz7oeDXNwYMHzVzlUH0XA0MZkGANpWc1M000VktMFvP9xwWLTw3Nu53UJ00d3u3+9ttvO44uYBPEQJ0ZkGCNObpxERmz2tjFEJ+0wt98802UxdeLooQiYqBhDEiwSjLgccHyBZJT8SXpprohBqbGwHocSbDWw1rOdXzB8oUs526oOTFQOAMSrDGHIA+hiM+y0rqWR1/S2pZdDBTJgARrCPvjCsgQF1PJkkBNhUY5qQEDEqwSDWKaQCYJVom6ra6IgdwYkGDlRvXohnzBGiZSfrnRXlVCDNSHAQlWicZy27ZtUW/881aRUREx0HAGJFhDboC8ZzL8gKt1h5f7WVxhwxnQ5UcMSLAiKgYjw5Zlg6Unt/jv3fJPrvtva6CVvPtFm4IYKAMDEqwho+Avy/yzUEOqTJRlghWf2c3MzPT5lWD10aFEgxiQYA0ZbH9ZduHChSEls82Kv0ZGgpUt3/JeXgbqL1gTcO8vy06cODGBp/Gq2swKQQLUIgTEBTHQdAYkWCPuAF9ERhSdONt/YeCBAwdCf4cOHQpD/x/rk29TXAw0gQEJ1pijnMcsx38N8zvvvOPm5ubc/Px8Xw8RK3/m15ephBioOQMSrBEDjEBQBMECxLOC/Q4i/tkz40ck/HdhYbfXIBMX4gwoXXcGJFgjRtgEi2L2KR7xLPDWW2+5UYKkH5bIgnn5rAoDEqwRI7Vv3z7XarUcQgJGFJ8ou9Vrhx9oZWaV5Ii8JLtsYqApDEiwRow0+0X8bFaeYsEsytqkXX7JmnTWgjmCCmWLgcIZ8ASr8L6oAx4DzLYQKMAv4pD2shUVA41kQILVyGHXRYuBajIgwarmuKnXYqCRDEiwGjnsTlctBirJgASrksOmTouBZjIgwWrmuOuqxUAlGZBgVXLY1GkxMD4DdSopwarTaOpaxEDNGZBg1XyAdXlioE4MSLDqNJq6FjFQcwYkWCMGWNliQAyUhwEJVnnGQj0RA2JgBAMSrBEEKVsMiIHyMCDBKs9YqCdFM6D2S8+ABKv0Q6QOigExYAxIsIwJhWJADJSeAQlW6YdIHRQDYsAY+B8AAP//wX6+AgAAAAZJREFUAwC7viVPvUH9CQAAAABJRU5ErkJggg==','2026-04-17 10:44:15','2026-04-17 10:44:15'),(21,134,'Rio Cundris Kurniawan','S.T.',NULL,'+6282220014841','Produktif TKJ',NULL,'2026-04-17 14:19:20','2026-04-17 14:19:22'),(22,135,'Abdul Ridwan','S.Kom.',NULL,'+6281218140844',NULL,'signatures/d547ad59-0625-4f9c-a189-34e83c0e327c.png','2026-04-17 14:19:22','2026-05-10 13:16:33'),(23,136,'Teguh Adhi Kurniawan','S.Kom.',NULL,'+6282331649692','Produktif TKJ',NULL,'2026-04-17 14:19:23','2026-04-17 14:19:23'),(24,137,'Herocyma','S.Kom.',NULL,'+6282234831593','Produktif TKJ',NULL,'2026-04-17 14:19:23','2026-04-17 14:19:24'),(25,138,'Yunita Wukandari','S.E.',NULL,'+6285648242704','Produktif PM',NULL,'2026-04-17 14:19:24','2026-04-17 14:19:24'),(26,139,'Lusi Wardiani','S.Pd.',NULL,'+6281233433361','Produktif PM',NULL,'2026-04-17 14:19:24','2026-04-17 14:19:25'),(27,140,'Sulhak','S.Pd., MM.',NULL,'+6282338315397','Produktif PM',NULL,'2026-04-17 14:19:25','2026-04-17 14:19:25'),(28,141,'Inten Tamimi','S.E.',NULL,'+6282334214980','Produktif PM',NULL,'2026-04-17 14:19:25','2026-04-17 14:19:25'),(29,142,'Rahayu Dessy Pratiwi','S.Pd.',NULL,'+6285733777814','Produktif MPLB',NULL,'2026-04-17 14:19:25','2026-04-17 14:19:26'),(30,143,'Candra Tya Risty','S.Pd.',NULL,'+6285238138398','Produktif MPLB',NULL,'2026-04-17 14:19:26','2026-04-17 14:19:26'),(31,144,'Wahyu Satya Kusuma','S.Pd.',NULL,'+6282145738848','Produktif MPLB',NULL,'2026-04-17 14:19:26','2026-04-17 14:19:27'),(32,145,'Lely Dian Apriliani','S.Pd.',NULL,'+6285158751755','Produktif MPLB',NULL,'2026-04-17 14:19:27','2026-04-17 14:19:27'),(33,146,'Rina Wahyu Anggraini','S.Pd.',NULL,'+6285854533778','Produktif MPLB',NULL,'2026-04-17 14:19:27','2026-04-17 14:19:27'),(34,147,'Lusiana','S.Pd.',NULL,'+6285231929559','Produktif AKL',NULL,'2026-04-17 14:19:27','2026-04-17 14:19:28'),(35,148,'Izzatuna Mutira Nabila','S.Pd.',NULL,'+6281359844734','Produktif AKL',NULL,'2026-04-17 14:19:28','2026-04-17 14:19:28'),(36,149,'Bagus Ainuddin Jarkesi','S.Ak.',NULL,'+6282334661822','Produktif AKL',NULL,'2026-04-17 14:19:28','2026-04-17 14:19:28'),(37,150,'Nurul Mei Isdiyah','S.Pd.',NULL,'+6282330733440','Produktif AKL',NULL,'2026-04-17 14:19:28','2026-04-17 14:19:29'),(38,151,'Cory Febdela Ulya','S.Tr.Par.',NULL,'+6287788203675','Produktif PH',NULL,'2026-04-17 14:19:29','2026-04-17 14:19:29'),(39,152,'Ahmad Wira Handoko','S.Tr.Par.',NULL,'+6282332079109','Uye','signatures/3adc134f-4c82-42b3-b998-6c83a2947ac7.png','2026-04-17 14:19:29','2026-05-14 03:42:46'),(40,153,'Umi Akroma Sapii','S.Tr.Par.',NULL,'+6281357785878','Produktif PH',NULL,'2026-04-17 14:19:30','2026-04-17 14:19:30'),(41,154,'Sri Rahayu','S.Pd.',NULL,'+6281227842267','Produktif Kuliner',NULL,'2026-04-17 14:19:30','2026-04-17 14:19:31'),(42,155,'Debi Endah Palupi','S.Pd.',NULL,'+6282229748696','Produktif Kuliner',NULL,'2026-04-17 14:19:31','2026-04-17 14:19:32'),(43,156,'Purwantini','S.Pd.',NULL,'+6281336484975','Produktif Kuliner',NULL,'2026-04-17 14:19:32','2026-04-17 14:19:33');
/*!40000 ALTER TABLE `teachers` ENABLE KEYS */;
UNLOCK TABLES;

--
-- Table structure for table `users`
--

DROP TABLE IF EXISTS `users`;
/*!40101 SET @saved_cs_client     = @@character_set_client */;
/*!50503 SET character_set_client = utf8mb4 */;
CREATE TABLE `users` (
  `id` bigint unsigned NOT NULL AUTO_INCREMENT,
  `name` varchar(255) CHARACTER SET utf8mb4 COLLATE utf8mb4_unicode_ci NOT NULL,
  `email` varchar(255) CHARACTER SET utf8mb4 COLLATE utf8mb4_unicode_ci NOT NULL,
  `email_verified_at` timestamp NULL DEFAULT NULL,
  `password` varchar(255) CHARACTER SET utf8mb4 COLLATE utf8mb4_unicode_ci NOT NULL,
  `is_locked` tinyint(1) NOT NULL DEFAULT '0',
  `remember_token` varchar(100) CHARACTER SET utf8mb4 COLLATE utf8mb4_unicode_ci DEFAULT NULL,
  `fcm_token` text COLLATE utf8mb4_unicode_ci,
  `created_at` timestamp NULL DEFAULT NULL,
  `updated_at` timestamp NULL DEFAULT NULL,
  PRIMARY KEY (`id`),
  UNIQUE KEY `users_email_unique` (`email`)
) ENGINE=InnoDB AUTO_INCREMENT=244 DEFAULT CHARSET=utf8mb4 COLLATE=utf8mb4_unicode_ci;
/*!40101 SET character_set_client = @saved_cs_client */;

--
-- Dumping data for table `users`
--

LOCK TABLES `users` WRITE;
/*!40000 ALTER TABLE `users` DISABLE KEYS */;
INSERT INTO `users` VALUES (1,'Ridho Kurniawan','ridho@gmail.com',NULL,'$2y$12$lWUj6CM/cQ6jLmssevwlBO.u4T/6MvfuHGW0XkQPWPG.D2AxTe5Tm',0,NULL,NULL,'2026-04-16 15:18:04','2026-05-04 11:42:59'),(105,'Abdul Basit','34289@smkpgri1giri.sch.id',NULL,'$2y$12$ZWpMa/4M82Zw2ZsvDAu8n.mLWh0ATJ6QSoD7Elfc0vS7XNjHdNlfS',0,NULL,NULL,'2026-04-17 07:00:05','2026-04-17 07:00:05'),(106,'Admin','74884@smkpgri1giri.sch.id',NULL,'$2y$12$MKVXFNLMVw/1VxCYfcpkp.uaTJiTkmMILGP0Wr6xWkyQm2IEq4EHa',0,NULL,NULL,'2026-04-17 07:00:06','2026-04-17 07:00:06'),(107,'Admin','57960@smkpgri1giri.sch.id',NULL,'$2y$12$lYjbgcTm2tFit5zXCxBpCew/AZeWin0TjsCbxW8yFqQrHj3on0YKi',0,NULL,NULL,'2026-04-17 07:00:06','2026-04-17 07:00:06'),(108,'Pak Kodir','86818@smkpgri1giri.sch.id',NULL,'$2y$12$JR7WeCl6KU1U7IvC5ljRQejjwfD96o0tjJCOC4js3vU6MO.i9TX16',0,NULL,NULL,'2026-04-17 07:00:07','2026-04-17 07:00:07'),(109,'Pak Abdi','88807@smkpgri1giri.sch.id',NULL,'$2y$12$KmvlXkvwNi1yIMOtnPkzj.pnZyGTXmLdx77GnpUJS6jJAo1xNO5ee',0,NULL,NULL,'2026-04-17 07:00:07','2026-04-17 07:00:07'),(110,'Pak Totok','39115@smkpgri1giri.sch.id',NULL,'$2y$12$7MLFOx27L.Tgd2ZNb7BcC.gFYMw0Eirrmhn6VmuOxfIlPFMUyhgDu',0,NULL,NULL,'2026-04-17 07:00:07','2026-04-17 07:00:07'),(111,'P. PURWANTO','05013@smkpgri1giri.sch.id',NULL,'$2y$12$V.me0SrR1piEXr.wjN1zV.yUHU0vWfRMCeP9aG7h.hNUSRSTUSxkO',0,NULL,NULL,'2026-04-17 07:00:08','2026-04-17 07:00:08'),(112,'Andriyanto','83720@smkpgri1giri.sch.id',NULL,'$2y$12$FBt5N8AQe7RerkYEZur99uo271iMiovwXdsFkLpMB29FWFzcZ3bk6',0,NULL,NULL,'2026-04-17 07:00:08','2026-05-11 15:03:32'),(113,'Admin','61113@smkpgri1giri.sch.id',NULL,'$2y$12$QGQJ9BR4CkdlxBcc1f4BseDv9uL/AdIX538nclXLjuVgBc2d7dPny',0,NULL,NULL,'2026-04-17 07:00:09','2026-04-17 07:00:09'),(114,'Arjun Geovani','33006@smkpgri1giri.sch.id',NULL,'$2y$12$GhnypnxbVzDYtFD/JC6SpuDy.7dJ/heLQvCTFpPwzS0iCWzRK3qQa',0,NULL,NULL,'2026-04-17 07:00:10','2026-04-17 07:00:10'),(133,'Ridho Kurniawan, M.Kom.','ridho@smkpgri1giri.sch.id',NULL,'$2y$12$IO75xwqUlUqiSJ3msV/QPu4gxn6ImaPIrmytHhdaVUzB9wpZuM3Zu',0,NULL,NULL,'2026-04-17 10:44:15','2026-04-17 10:44:15'),(134,'Rio Cundris Kurniawan, S.T.','rio@smkpgri1giri.sch.id',NULL,'$2y$12$6ARFGagbQai/W3L5271X0Ohfe5hRPOZBXfxUrGh6tIuAKxOTqs7uu',0,NULL,NULL,'2026-04-17 14:19:22','2026-04-17 14:19:22'),(135,'Abdul Ridwan, S.Kom.','abdul@smkpgri1giri.sch.id',NULL,'$2y$12$BMDZwkescqMxUrfSNDw9fuds9tyoPk0AXghQEy1X.xmLaIrtKIjvi',0,NULL,NULL,'2026-04-17 14:19:23','2026-05-10 05:26:09'),(136,'Teguh Adhi Kurniawan, S.Kom.','teguh@smkpgri1giri.sch.id',NULL,'$2y$12$31b1dpQ03lBOAEegsPkvYOVNsCZz/FkZzg3zH0c7PjGNkQ3feXzda',0,NULL,NULL,'2026-04-17 14:19:23','2026-04-17 14:19:23'),(137,'Herocyma, S.Kom.','herocyma@smkpgri1giri.sch.id',NULL,'$2y$12$uI4caT600pzM4FlMHfvUrO/57adocLdyhoYh7JVO.nDn1k7yC2nmO',0,NULL,NULL,'2026-04-17 14:19:24','2026-04-17 14:19:24'),(138,'Yunita Wukandari, S.E.','yunita@smkpgri1giri.sch.id',NULL,'$2y$12$kIiQUT58lfi4bp8mag4bAO7gepN.2isGntV5g4X4B09wzjxkA2y9m',0,NULL,NULL,'2026-04-17 14:19:24','2026-04-17 14:19:24'),(139,'Lusi Wardiani, S.Pd.','lusi@smkpgri1giri.sch.id',NULL,'$2y$12$0yumCbaQ1u.rlNBS8QuwMu/nH1QYd9A2IplgW0MMsEcgHrW5fwdUG',0,NULL,NULL,'2026-04-17 14:19:25','2026-04-17 14:19:25'),(140,'Sulhak, S.Pd., MM.','sulhak@smkpgri1giri.sch.id',NULL,'$2y$12$MMxQ0SqMH3hKq6uZSsXngum6j1.4qMDPC/T.wGRXJQp0jLQEHtIz.',0,NULL,NULL,'2026-04-17 14:19:25','2026-04-17 14:19:25'),(141,'Inten Tamimi, S.E.','inten@smkpgri1giri.sch.id',NULL,'$2y$12$lSTbIzXggNcRETfMJel2mesJ/XBIujeDfTYXRQ0DbT8Dyhs2J4QeO',0,NULL,NULL,'2026-04-17 14:19:25','2026-04-17 14:19:25'),(142,'Rahayu Dessy Pratiwi, S.Pd.','rahayu@smkpgri1giri.sch.id',NULL,'$2y$12$pq4wklsMZsyuELYbb8XPBeebCiPMY1/BVq.sS2NkKabRil86TjNuu',0,NULL,NULL,'2026-04-17 14:19:26','2026-04-17 14:19:26'),(143,'Candra Tya Risty, S.Pd.','candra@smkpgri1giri.sch.id',NULL,'$2y$12$9XvEVF5CP00TTWMp3XK2aOANqF7L55dkAbhvTYtBUByxTo14IX0CO',0,NULL,NULL,'2026-04-17 14:19:26','2026-04-17 14:19:26'),(144,'Wahyu Satya Kusuma, S.Pd.','wahyu@smkpgri1giri.sch.id',NULL,'$2y$12$OZ4mhFY6JB84gzLYNtaX9uWw7V.flA5HOLvSuM5FUjTEWmwwjFIKe',0,NULL,NULL,'2026-04-17 14:19:27','2026-04-17 14:19:27'),(145,'Lely Dian Apriliani, S.Pd.','lely@smkpgri1giri.sch.id',NULL,'$2y$12$g.RIHRJ/mGHd4NNY.EHLKOFvd/xqqpnOOf5A.20czryXHyEFuZEni',0,NULL,NULL,'2026-04-17 14:19:27','2026-04-17 14:19:27'),(146,'Rina Wahyu Anggraini, S.Pd.','rina@smkpgri1giri.sch.id',NULL,'$2y$12$wtiQlQNEzlZG9axQssVN1.NOK7/ZZb.mybbJdu5YLUzuuOpFZDCcO',0,NULL,NULL,'2026-04-17 14:19:27','2026-04-17 14:19:27'),(147,'Lusiana, S.Pd.','lusiana@smkpgri1giri.sch.id',NULL,'$2y$12$9tn./zWthgCTKMSTVydBXO.936TQmVpzINuIieduxWPdN6UFzRQAi',0,NULL,NULL,'2026-04-17 14:19:28','2026-04-17 14:19:28'),(148,'Izzatuna Mutira Nabila, S.Pd.','izzatuna@smkpgri1giri.sch.id',NULL,'$2y$12$ATKi5FZpZYr0mcdmYvp6duV0oAapyUwsMwBOUTQAlhYNP/3VmMGI.',0,NULL,NULL,'2026-04-17 14:19:28','2026-04-17 14:19:28'),(149,'Bagus Ainuddin Jarkesi, S.Ak.','bagus@smkpgri1giri.sch.id',NULL,'$2y$12$mNosNbKba62n48YcjPd3LuMZklOygWFkDwWusT15iS7BF4R/N7xf.',0,NULL,NULL,'2026-04-17 14:19:28','2026-04-17 14:19:28'),(150,'Nurul Mei Isdiyah, S.Pd.','nurul@smkpgri1giri.sch.id',NULL,'$2y$12$mB3JtQl9MW6qbYKCUbSgN.yNMf5l0P5aEeCHyUMKmsqwyAdBPRrcC',0,NULL,NULL,'2026-04-17 14:19:29','2026-04-17 14:19:29'),(151,'Cory Febdela Ulya, S.Tr.Par.','cory@smkpgri1giri.sch.id',NULL,'$2y$12$jWF9Fo43PkFrOJlT.3Desehssb6Ee1/z0/rvoM2xsGhjr1bXXkbZq',0,NULL,NULL,'2026-04-17 14:19:29','2026-04-17 14:19:29'),(152,'Ahmad Wira Handoko, S.Tr.Par.','ahmad@smkpgri1giri.sch.id',NULL,'$2y$12$t3YJB/5WTLA6QFWHZw3HOe1yN1eJBPEUr2O8XYUHE22Uy4MMnIpAO',0,NULL,NULL,'2026-04-17 14:19:30','2026-05-11 12:41:58'),(153,'Umi Akroma Sapii, S.Tr.Par.','umi@smkpgri1giri.sch.id',NULL,'$2y$12$Y53IEYhLjQDWpc/NRNjME.dhxs029Lo7jrR3BPuvY8iQ2XFrd9Ola',0,NULL,NULL,'2026-04-17 14:19:30','2026-04-17 14:19:30'),(154,'Sri Rahayu, S.Pd.','sri@smkpgri1giri.sch.id',NULL,'$2y$12$d97X4GtfewyTsPjOzgKf6.m0RwTvRdltU6iWtmdtn1LfoG/YzDHBC',0,NULL,NULL,'2026-04-17 14:19:31','2026-04-17 14:19:31'),(155,'Debi Endah Palupi, S.Pd.','debi@smkpgri1giri.sch.id',NULL,'$2y$12$yE2dqov/pGgBDVBYMifH/OhW0rZrAx4xW8LbSo02fR5GoK7MKqL/.',0,NULL,NULL,'2026-04-17 14:19:32','2026-04-17 14:19:32'),(156,'Purwantini, S.Pd.','purwantini@smkpgri1giri.sch.id',NULL,'$2y$12$cl54khC3n52GC6G9M.v7geX6FoVjR7MWsA3giiAUdkSCq5WVTHsdu',0,NULL,NULL,'2026-04-17 14:19:33','2026-04-17 14:19:33'),(185,'Fairuz Annafi','12693@smkpgri1giri.sch.id',NULL,'$2y$12$ZkBbEuhca6EdAJahm1fqmeCoOrHqqmtbjzmSaQaFye22CN4XFDhea',0,NULL,'fxzFmsgpvcpBs3mVN6KLZt:APA91bGe-nL1l4JPV3AM5fzyj0NZ2EAB1nQFRLUgTi_YNTrVct-602P11CmW8K3tiHXr1wUluJFREbfEV5Kn3lAwE4YQ_aEVscneLO7JnvkJJXh24hSmXU4','2026-04-18 09:06:39','2026-05-14 05:09:59'),(186,'Marvel Alpriand','12941@smkpgri1giri.sch.id',NULL,'$2y$12$A6eC40f5toHiuOnhj9z1g.Rv0AAMx59.Q8465WFR0X4cOPq1E5D9e',0,NULL,NULL,'2026-04-18 09:06:39','2026-04-18 09:06:39'),(187,'Moch Riski Azizi','12672@smkpgri1giri.sch.id',NULL,'$2y$12$oAN/Mb5VemC2CIiqeqVmMe07lmFBUrF3XmUVTsV2Q5UcUz/GTPmE.',0,NULL,NULL,'2026-04-18 09:06:39','2026-04-18 09:06:39'),(188,'MOH. AGUS SASTRO NEGORO','12674@smkpgri1giri.sch.id',NULL,'$2y$12$QKaQKLNMssE1GQeZMd5Ry.jUaUf2J/519L9hN.QhVOZTYKm0VdV8W',0,NULL,NULL,'2026-04-18 09:06:40','2026-04-18 09:06:40'),(189,'MOH. ALI FIQRI','12675@smkpgri1giri.sch.id',NULL,'$2y$12$tBhOTL2XsCWgKGkFQKmftuIvV18SEzuK1sonEPOKtW3UJcr/cNPNq',0,NULL,NULL,'2026-04-18 09:06:40','2026-04-18 09:06:40'),(190,'MOH. AZKKIYAIL ABROR','12676@smkpgri1giri.sch.id',NULL,'$2y$12$uf/jNq/1/EmzzpZ3ItEE8O1WWxayH7epA6MGYCa0fu/YtdcXPhDyK',0,NULL,NULL,'2026-04-18 09:06:40','2026-04-18 09:06:40'),(191,'Moh. Dhanu Muhlidi','12877@smkpgri1giri.sch.id',NULL,'$2y$12$3a6T.Wv6bj72Dl7.LmOkiuYPH2J4dO.irIvwmrTaqnj4QfXPJ0otO',0,NULL,NULL,'2026-04-18 09:06:40','2026-04-18 09:06:40'),(192,'MOH. RIP-AN IRFANI','12678@smkpgri1giri.sch.id',NULL,'$2y$12$/7H/p6obb/nrqFvJn9FW5OM6CoGBs.R7CJ6betpY.7JU.VuGDJWzC',0,NULL,NULL,'2026-04-18 09:06:41','2026-04-18 09:06:41'),(193,'MOHAMAD ADI FIRNANDO','12679@smkpgri1giri.sch.id',NULL,'$2y$12$QqzjoO.DVSbBXWqQDGU6XO6yvy02MO24gdbLKIyLO3urQRdkIc7Fy',0,NULL,NULL,'2026-04-18 09:06:41','2026-04-18 09:06:41'),(194,'MOHAMMAD RIZQILLAH ALFI SAKHI','12680@smkpgri1giri.sch.id',NULL,'$2y$12$nEp21pN6BZbFej4ug/p9m.XPUHBPJHM/OFbkwISSJT69KQld4fIvK',0,NULL,NULL,'2026-04-18 09:06:41','2026-04-18 09:06:41'),(195,'Muhamad Firly Adzani','12683@smkpgri1giri.sch.id',NULL,'$2y$12$TeLhK8xhA9FO4mTG4zB0HO6Qf64UdCsVHmryiSWhoEMnLw0SLax7K',0,NULL,NULL,'2026-04-18 09:06:41','2026-04-18 09:06:41'),(196,'MUHAMMAD CHINO','12681@smkpgri1giri.sch.id',NULL,'$2y$12$warJzvr1sR16qSE6/v4oWuhIdrGMH8V9R7NW6J/4E3eqgwExNixva',0,NULL,NULL,'2026-04-18 09:06:42','2026-04-18 09:06:42'),(197,'MUHAMMAD DONY FAREL PRATAMA DIWANGGA','12682@smkpgri1giri.sch.id',NULL,'$2y$12$w30D2wGBh.3vihknnlq.fu.2Zze14ut8kgTGMjBXbb9YzqljRIbVu',0,NULL,NULL,'2026-04-18 09:06:42','2026-04-18 09:06:42'),(198,'MUHAMMAD IBNU KHAWARIZMI','12684@smkpgri1giri.sch.id',NULL,'$2y$12$ZzD1mqIeBQGcJK5tT4BT3.vIdqpbVeb.N/dk62CXbP48dB63QjGVq',0,NULL,NULL,'2026-04-18 09:06:42','2026-04-18 09:06:42'),(199,'MUHAMMAD RIDHO SAFA\'AD','12686@smkpgri1giri.sch.id',NULL,'$2y$12$3JCa7qtpJbvKpquUxQfVoej/xIe0AITvdBcZPtYQDKwR95ZBZo4Qu',0,NULL,NULL,'2026-04-18 09:06:42','2026-04-18 09:06:42'),(200,'NILA CAHYA CINTA','12687@smkpgri1giri.sch.id',NULL,'$2y$12$W8WLihJwsCM1QDJU9Yb1g.vVLHRNDd3T/WBDyAsZXyIGf2tP.KJ72',0,NULL,NULL,'2026-04-18 09:06:43','2026-04-18 09:06:43'),(201,'Nuria Amandita','12689@smkpgri1giri.sch.id',NULL,'$2y$12$PPIIYMuhBjO4rE3wtUA6cOIXJHTM1g93jtMf.iDS5ZPZzNYahChVW',0,NULL,NULL,'2026-04-18 09:06:43','2026-04-18 09:06:43'),(202,'PARIS HAMALATUL ARS','12690@smkpgri1giri.sch.id',NULL,'$2y$12$1iBjENSEk8QgxPCGXDhHMOeKoxJGdH5agiz/PMhhni7Pc//iowSSW',0,NULL,NULL,'2026-04-18 09:06:43','2026-04-18 09:06:43'),(203,'PRADANA ANDHIKA ZUFAR UMAR','12691@smkpgri1giri.sch.id',NULL,'$2y$12$b3FwQB8YbC/0l7pPYwGMMO/2p0qSeHdy9jgV7mIeAsmq6r1C4Y99q',0,NULL,NULL,'2026-04-18 09:06:43','2026-04-18 09:06:43'),(204,'PUTRI AMILUL INSANI','12692@smkpgri1giri.sch.id',NULL,'$2y$12$D6KYFQRtAQAh8ykcoZLIyee9LNdOfhUob9eR5pCF.ACnxlr/8n2HS',0,NULL,NULL,'2026-04-18 09:06:44','2026-04-18 09:06:44'),(205,'RADIT VIRGUNA PUTRA','12694@smkpgri1giri.sch.id',NULL,'$2y$12$kzk.9LbdLwnLZUgDqL1a.upvzD4ioO53G00M9r9C2.zcdqVqqfHQO',0,NULL,NULL,'2026-04-18 09:06:44','2026-04-18 09:06:44'),(206,'Rafi Saputra','12695@smkpgri1giri.sch.id',NULL,'$2y$12$IezVBs07Jyt1JvyDnLcGfO50xEEy0g/s61VdrgxH9gGtGZ9ZrKp7i',0,NULL,NULL,'2026-04-18 09:06:44','2026-04-18 09:06:44'),(207,'RISKIYANTO','12696@smkpgri1giri.sch.id',NULL,'$2y$12$Pxb6v8pCPAJikstnTYw/gOzG6C01/0yGVTstG5VCUvW2vd35TpUZq',0,NULL,NULL,'2026-04-18 09:06:44','2026-04-18 09:06:44'),(208,'ROHMAN BAI\'HAKI','12697@smkpgri1giri.sch.id',NULL,'$2y$12$TkTvF3qkIY7NKr./k9aQTe6wbh1cPmvYJo/0uS1etL58iMGCxWyOC',0,NULL,NULL,'2026-04-18 09:06:45','2026-04-18 09:06:45'),(209,'SRI RAHAYU LESTARI NINGSIH','12698@smkpgri1giri.sch.id',NULL,'$2y$12$R5VNJV.PmXyyzVqkPb5Yqes2BMkG3FL2NzsXt1PpQj3sgbUdTNTUe',0,NULL,NULL,'2026-04-18 09:06:45','2026-04-18 09:06:45'),(210,'SUCI RUSMAIDA','12699@smkpgri1giri.sch.id',NULL,'$2y$12$HbKzrjUYH76uFX2BBlLgNOx8oVeZVBudIkz9PaQBMR4xC7ZFbK7o6',0,NULL,NULL,'2026-04-18 09:06:45','2026-04-18 09:06:45'),(211,'TALITHA BALQIZ ANASTASIA SALSABILA','12700@smkpgri1giri.sch.id',NULL,'$2y$12$Gr./cspjFSIzgFFKyUmPKO5oOyCAj35rccy7PPhLPWqvEIJtZ..7K',0,NULL,NULL,'2026-04-18 09:06:45','2026-04-18 09:06:45'),(212,'UMAR THALIB','12701@smkpgri1giri.sch.id',NULL,'$2y$12$MzXRPbO8ZL5Fmn5MaYjbtODoRYcJ0orCOhSKYA3Rz1m9KzPtX0nC2',0,NULL,NULL,'2026-04-18 09:06:46','2026-04-18 09:06:46'),(213,'Vinzha Putra Irliandra','12702@smkpgri1giri.sch.id',NULL,'$2y$12$OrZBmnEw.hm2DYMbs4U4BuZ.lzNSUCbw3n5sTPndENKl2vd7.uoCK',0,NULL,NULL,'2026-04-18 09:06:46','2026-04-18 09:06:46'),(214,'WISNU TADZARUSMAN','12703@smkpgri1giri.sch.id',NULL,'$2y$12$ybFictgVKxM18Sb7VJG6seBAAUpDZYRlB6KwGdqR/KL2XDspkwYWa',0,NULL,NULL,'2026-04-18 09:06:46','2026-04-18 09:06:46'),(215,'ZAYNU HENDRA WISMA','12942@smkpgri1giri.sch.id',NULL,'$2y$12$dAShACWHC2zDctJoRPW.5Of6WzXz3u5.fB66OpjDjOEtTnvredxrW',0,NULL,NULL,'2026-04-18 09:06:46','2026-04-18 09:06:46'),(216,'ZIDAN ROUF FIRDAUSI ALFARIQ','12704@smkpgri1giri.sch.id',NULL,'$2y$12$TZVwpINMUA42nq46oUpcg.4FFy1CwmH1CnS.HH4MScz9Xzkcz2pbi',0,NULL,NULL,'2026-04-18 09:06:47','2026-04-18 09:06:47'),(217,'Kurniawan','85425@smkpgri1giri.sch.id',NULL,'$2y$12$7XE3oFsaNkNVyxB4lyh4N.YLW.bKQSsEBH/d0xAYOPNXimjgMGL2i',0,NULL,NULL,'2026-04-18 15:05:11','2026-04-19 14:33:11'),(218,'Rasyaad','54952@smkpgri1giri.sch.id',NULL,'$2y$12$WzrB22RAr7TOt3gXk5TPru69E2E0Vo2pGSZHpwhjoM9ymWoVGd2k.',0,NULL,NULL,'2026-04-18 15:05:11','2026-04-18 15:05:11'),(219,'Supriyadi','15454@smkpgri1giri.sch.id',NULL,'$2y$12$pl6Sd9hzJOd05caahc1Cbe/Bnp0uidV4I9q6sUT85OQDz6fKm4L1C',0,NULL,NULL,'2026-04-19 14:29:31','2026-04-19 14:29:31'),(220,'Achmad Gesar Pratama','12823@smkpgri1giri.sch.id',NULL,'$2y$12$1rDhIzKP8fRkC5B19af/h.tB4BBW1njXXz5hZZnzlvR6UhwFjVThC',0,NULL,NULL,'2026-04-27 12:41:44','2026-04-27 12:41:44'),(221,'M. Agista Cahyani Putri','12824@smkpgri1giri.sch.id',NULL,'$2y$12$xNtpR2CowkCxprWbUi4uQ.VCHpacov2dSMYi8Avm1FuUXP3Ml5BCu',0,NULL,'cIMfwfWvCDMB4jNRy3K9b4:APA91bGkwwGRo_IlR51vu_HKqEpCPNjVuTrRQWXNzoOrs9kjxry3nJL6ejpTepBWwjK0TsVINVONlr5F8Yb0x_tfoCI27NKWgKVwJBxcqKjM0ht0z9zQO9k','2026-04-27 12:41:45','2026-05-14 04:46:45'),(222,'Ahmad Rosidi','12827@smkpgri1giri.sch.id',NULL,'$2y$12$Vef6sF.uvBEQpoq8wOOfaOsLD8TYU6zh1NO1O1BUPTK7b5MJMXIuK',0,NULL,NULL,'2026-04-27 12:41:45','2026-04-27 12:41:45'),(223,'Alea Sandrina','12829@smkpgri1giri.sch.id',NULL,'$2y$12$4GFpbXbMgnMs9Umq73cWk.24nmqF7Euy53eUdogjAv.8tB2XVwWOG',0,NULL,NULL,'2026-04-27 12:41:46','2026-04-27 12:41:46'),(224,'ANDRE MAULANA','12831@smkpgri1giri.sch.id',NULL,'$2y$12$DuXVnUceKSzNRcqklCH85euHq4Ed4lJcSxpmzWQ2xgaWN.lliXEJK',0,NULL,NULL,'2026-04-27 12:41:46','2026-04-27 12:41:46'),(225,'ANGELA DESVITA ARTHASAYANA','12832@smkpgri1giri.sch.id',NULL,'$2y$12$BZR9dXv7OrDCvoyuZEMYHO1h3T5W.9hUrdd9bZxP2jXT5ER6c752O',0,NULL,NULL,'2026-04-27 12:41:47','2026-04-27 12:41:47'),(226,'Anindya Berlini','12833@smkpgri1giri.sch.id',NULL,'$2y$12$On6KNPqgHNTvNOX/HOwaEeOVaC/twBLWOx8X.qsMAmYDlN9myppi2',0,NULL,NULL,'2026-04-27 12:41:47','2026-04-27 12:41:47'),(227,'CHRISTIAN SAZANI RIZKY ANUGERAH','12836@smkpgri1giri.sch.id',NULL,'$2y$12$byHzFAQeG2U/IC8fOmoxr.718TZlD8AvKTQAVHBiT1Mbmdz5v7XY2',0,NULL,NULL,'2026-04-27 12:41:48','2026-04-27 12:41:48'),(228,'Dafigo Januar Aditya','12837@smkpgri1giri.sch.id',NULL,'$2y$12$bp4.7ovlxEcIrdv5Zv.oG.8Jul.s36jmfjGepkng8gUFHc7CYGKlK',0,NULL,NULL,'2026-04-27 12:41:48','2026-04-27 12:41:48'),(229,'DINA KURNIA SANI','12838@smkpgri1giri.sch.id',NULL,'$2y$12$lpX0V7eFj8Qryv48HedKO.TeWtp9HVtNtPXeQkoYdwa/ojR.0ZmsO',0,NULL,NULL,'2026-04-27 12:41:49','2026-04-27 12:41:49'),(230,'Dita Ananda Kesya','12839@smkpgri1giri.sch.id',NULL,'$2y$12$1iRUWJdL3GRcXqSj5GTsZe46DowuskuxXRG4J1N8e.xLeZaZG6MJu',0,NULL,NULL,'2026-04-27 12:41:49','2026-04-27 12:41:49'),(231,'FITRIANA KHOFIFAH ANGGRAINI','12842@smkpgri1giri.sch.id',NULL,'$2y$12$VRQB3pCvuynDUg04KboJseBJgZE30bogeGdXDqCoNJ2B15UJQe3Au',0,NULL,NULL,'2026-04-27 12:41:50','2026-04-27 12:41:50'),(232,'HOYRIYATUL JAMILATUL ULFA','12843@smkpgri1giri.sch.id',NULL,'$2y$12$IRLFG8X33YJu/Uf7zDzxVOuBG5fnk7O8SctONif6vVHc1GFU1eGsq',0,NULL,NULL,'2026-04-27 12:41:50','2026-04-27 12:41:50'),(233,'INTAN AYU SAFITRI','12844@smkpgri1giri.sch.id',NULL,'$2y$12$DVs0i8JMFQtpKIqaVRNCX.kIemFEfvkKunoQGiveywsGOSfFxkbJy',0,NULL,NULL,'2026-04-27 12:41:50','2026-04-27 12:41:50'),(234,'Jahrotus Shita H','12845@smkpgri1giri.sch.id',NULL,'$2y$12$gFlxqwhbn6Eu7W0E2m7n6OUfHj6jyc5xcu5fY3yZ1RSczMxNSQzIq',0,NULL,NULL,'2026-04-27 12:41:51','2026-04-27 12:41:51'),(235,'KAZMIR HAMDANI','12846@smkpgri1giri.sch.id',NULL,'$2y$12$ljIT7B0HMS7kD4CGlCP5cuDXIMXFTKLXowh0pcF8tx13sR6Pe7I/a',0,NULL,NULL,'2026-04-27 12:41:51','2026-04-27 12:41:51'),(236,'KENNY KIM YONG','12847@smkpgri1giri.sch.id',NULL,'$2y$12$/OUQ3BWd3/TUnA.7uGSIY.rCiqdgr6w.lxZE6NS1aVgTLjV8G975W',0,NULL,NULL,'2026-04-27 12:41:51','2026-04-27 12:41:51'),(237,'KHARISMA MUSTIKA RANY','12848@smkpgri1giri.sch.id',NULL,'$2y$12$fai7X63pgbUO7Wf9c127Genb9rYrik/651oJ95yhtvvCWl18xURV2',0,NULL,NULL,'2026-04-27 12:41:52','2026-04-27 12:41:52'),(238,'LAILI MAGHFIROH','12849@smkpgri1giri.sch.id',NULL,'$2y$12$3YN4gHzqXItpq7IZBpPNXectDpLZB0qhvMbbx1JSS0qVitJAhmGsO',0,NULL,NULL,'2026-04-27 12:41:52','2026-04-27 12:41:52'),(239,'LANI SANJAYA','12850@smkpgri1giri.sch.id',NULL,'$2y$12$YzO1NN/nqzlIhGYHGKeSf.J61TtIIyzHBAJn6ERB7OzR2RRNZfFIC',0,NULL,NULL,'2026-04-27 12:41:52','2026-04-27 12:41:52');
/*!40000 ALTER TABLE `users` ENABLE KEYS */;
UNLOCK TABLES;

--
-- Dumping routines for database 'grisapkl_db'
--
/*!40103 SET TIME_ZONE=@OLD_TIME_ZONE */;

/*!40101 SET SQL_MODE=@OLD_SQL_MODE */;
/*!40014 SET FOREIGN_KEY_CHECKS=@OLD_FOREIGN_KEY_CHECKS */;
/*!40014 SET UNIQUE_CHECKS=@OLD_UNIQUE_CHECKS */;
/*!40101 SET CHARACTER_SET_CLIENT=@OLD_CHARACTER_SET_CLIENT */;
/*!40101 SET CHARACTER_SET_RESULTS=@OLD_CHARACTER_SET_RESULTS */;
/*!40101 SET COLLATION_CONNECTION=@OLD_COLLATION_CONNECTION */;
/*!40111 SET SQL_NOTES=@OLD_SQL_NOTES */;

-- Dump completed on 2026-05-14 16:57:34
